source_unit_id,document_id,section_id,family_id,claim_text,modality,authority_class,requirement_kind,registry_testability,verification_mode,source_quote_excerpt,start_line,end_line,registry_path,operational_area,chunk_id,normative_kind,current_testability,likely_target,policy_concept,blocking_item
icao9432-extracted::communications_2_8_1_en::0a964f42b6100596,icao9432-extracted,communications_2_8_1_en,icao9432_communications_family,"If there is doubt that a message has been correctly received, a repetition of the messages shall be requested either in full or in part.",shall,operational_guidance,rule,review_only,review_only,"If there is doubt that a message has been correctly received, a repetition of the messages shall be requested either in full or in part.",3642,3697,research/tools/requirements-spike/registry/ollama_first/candidates/icao9432-extracted/communications_2_8_1_en/icao9432-extracted::communications_2_8_1_en::0a964f42b6100596.json,communications-establishment,chunk-01-comms-readback-transfer,must,testable-now,protocolEvidence,,
icao9432-extracted::communications_2_8_1_en::5efac97fddfd54ca,icao9432-extracted,communications_2_8_1_en,icao9432_communications_family,"When an aircraft wishes to broadcast information to aircraft in its vicinity, the message should be prefaced by the call ""ALL STATIONS"".",should,operational_guidance,phraseology_rule,review_only,review_only,"When an aircraft wishes to broadcast information to aircraft in its vicinity, the message should be prefaced by the call"" ALL STATIONS"".",3642,3697,research/tools/requirements-spike/registry/ollama_first/candidates/icao9432-extracted/communications_2_8_1_en/icao9432-extracted::communications_2_8_1_en::5efac97fddfd54ca.json,communications-establishment,chunk-01-comms-readback-transfer,phraseology,phraseology-later,monitor/report-only,,PHRASE-1
icao9432-extracted::communications_2_8_1_en::8b0487b183cd02cf,icao9432-extracted,communications_2_8_1_en,icao9432_communications_family,No reply is expected to such general calls unless individual stations are subsequently called upon to acknowledge receipt.,note,operational_guidance,best_practice,review_only,review_only,No reply is expected to such general calls unless individual stations are subsequently called upon to acknowledge receipt.,3642,3697,research/tools/requirements-spike/registry/ollama_first/candidates/icao9432-extracted/communications_2_8_1_en/icao9432-extracted::communications_2_8_1_en::8b0487b183cd02cf.json,communications-establishment,chunk-01-comms-readback-transfer,policy,needs-policy-type,simEvidence,OperationalGuidancePolicy,POLICY-1
icao9432-extracted::communications_2_8_1_en::a685cef087951878,icao9432-extracted,communications_2_8_1_en,icao9432_communications_family,"When establishing communications, an aircraft should use the full call sign of both the aircraft and the aeronautical station.",should,operational_guidance,phraseology_rule,review_only,review_only,"When establishing communications, an, aircraft should use the full call sign of both the aircraft and the aeronautical station.",3642,3697,research/tools/requirements-spike/registry/ollama_first/candidates/icao9432-extracted/communications_2_8_1_en/icao9432-extracted::communications_2_8_1_en::a685cef087951878.json,communications-establishment,chunk-01-comms-readback-transfer,phraseology,phraseology-later,monitor/report-only,,PHRASE-1
icao9432-extracted::communications_2_8_1_en::b7acdc88125f1510,icao9432-extracted,communications_2_8_1_en,icao9432_communications_family,"When a ground station wishes to broadcast information, the message should be prefaced by the call ""ALL STATIONS"".",should,operational_guidance,phraseology_rule,review_only,review_only,"When a ground station wishes to broadcast information, the message should be prefaced by the call ""ALL STATIONS"".",3642,3697,research/tools/requirements-spike/registry/ollama_first/candidates/icao9432-extracted/communications_2_8_1_en/icao9432-extracted::communications_2_8_1_en::b7acdc88125f1510.json,communications-establishment,chunk-01-comms-readback-transfer,phraseology,phraseology-later,monitor/report-only,,PHRASE-1
icao9432-extracted::readback_2_8_3_en::15940532b37f8528,icao9432-extracted,readback_2_8_3_en,icao9432_readback_family,"Clearances and instructions to enter, land on, take off from, hold short of, cross and backtrack on any runway shall always be read back.",shall,authoritative_requirement,rule,sim_executable,deterministic_test,The following shall always be read back:,3903,3950,research/tools/requirements-spike/registry/ollama_first/candidates/icao9432-extracted/readback_2_8_3_en/icao9432-extracted::readback_2_8_3_en::15940532b37f8528.json,readback-hearback,chunk-01-comms-readback-transfer,must,testable-now,protocolEvidence,,
icao9432-extracted::readback_2_8_3_en::25c245bc4728ed60,icao9432-extracted,readback_2_8_3_en,icao9432_readback_family,"Runway-in-use, altimeter settings, SSR codes, level instructions, heading and speed instructions, and transition levels shall always be read back.",shall,authoritative_requirement,rule,sim_executable,deterministic_test,The following shall always be read back:,3903,3950,research/tools/requirements-spike/registry/ollama_first/candidates/icao9432-extracted/readback_2_8_3_en/icao9432-extracted::readback_2_8_3_en::25c245bc4728ed60.json,readback-hearback,chunk-01-comms-readback-transfer,must,testable-now,protocolEvidence,,
icao9432-extracted::readback_2_8_3_en::36e6ad16cffe8726,icao9432-extracted,readback_2_8_3_en,icao9432_readback_family,"Whenever possible, controllers should pass a route clearance to an aircraft before start-up.",should,operational_guidance,best_practice,partially_executable,property_or_family_test,"Whenever possible, a route clearance should be passed to an aircraft before start up.",3903,3950,research/tools/requirements-spike/registry/ollama_first/candidates/icao9432-extracted/readback_2_8_3_en/icao9432-extracted::readback_2_8_3_en::36e6ad16cffe8726.json,readback-hearback,chunk-01-comms-readback-transfer,policy,needs-policy-type,simEvidence,ClearanceTimingPolicy,POLICY-1
icao9432-extracted::readback_2_8_3_en::4b6ece953649da07,icao9432-extracted,readback_2_8_3_en,icao9432_readback_family,"Other clearances or instructions, including conditional clearances, shall be read back or acknowledged in a manner to clearly indicate that they have been understood and will be complied with.",shall,authoritative_requirement,rule,partially_executable,property_or_family_test,"Other clearances or instructions, including conditional clearances, shall be read back or acknowledged in a manner to clearly indicate that they have been understood and will be complied with.",3903,3950,research/tools/requirements-spike/registry/ollama_first/candidates/icao9432-extracted/readback_2_8_3_en/icao9432-extracted::readback_2_8_3_en::4b6ece953649da07.json,readback-hearback,chunk-01-comms-readback-transfer,must,testable-now,protocolEvidence,,
icao9432-extracted::readback_2_8_3_en::58594a8ee6243296,icao9432-extracted,readback_2_8_3_en,icao9432_readback_family,ATC route clearances shall always be read back.,shall,authoritative_requirement,rule,sim_executable,deterministic_test,The following shall always be read back:,3903,3950,research/tools/requirements-spike/registry/ollama_first/candidates/icao9432-extracted/readback_2_8_3_en/icao9432-extracted::readback_2_8_3_en::58594a8ee6243296.json,readback-hearback,chunk-01-comms-readback-transfer,must,testable-now,protocolEvidence,,
icao9432-extracted::readback_2_8_3_en::ac9111d240cfd2c2,icao9432-extracted,readback_2_8_3_en,icao9432_readback_family,"Controllers should pass a clearance slowly and clearly, avoid passing clearances during complicated taxiing, and on no occasion should a clearance be passed when the pilot is engaged in line up or take-off manoeuvres.",should,operational_guidance,best_practice,review_only,review_only,Controllers should pass a clearance slowly and clearly,3903,3950,research/tools/requirements-spike/registry/ollama_first/candidates/icao9432-extracted/readback_2_8_3_en/icao9432-extracted::readback_2_8_3_en::ac9111d240cfd2c2.json,readback-hearback,chunk-01-comms-readback-transfer,must-not,needs-observation-fact,simEvidence,,FN33-MODEL-1
icao9432-extracted::readback_2_8_3_en::f06dfa1cefd2d649,icao9432-extracted,readback_2_8_3_en,icao9432_readback_family,"The words 'TAKE OFF' are used only when an aircraft is cleared for take-off, or when canceling a take-off clearance; at other times, the word 'DEPARTURE' or 'AIRBORNE' is used.",shall,authoritative_requirement,phraseology_rule,sim_executable,deterministic_test,"The words ""TAKE OFF"" are used only when an aircraft is cleared for take-off, or when canceling a take-off clearance.",3903,3950,research/tools/requirements-spike/registry/ollama_first/candidates/icao9432-extracted/readback_2_8_3_en/icao9432-extracted::readback_2_8_3_en::f06dfa1cefd2d649.json,readback-hearback,chunk-01-comms-readback-transfer,phraseology,phraseology-later,monitor/report-only,,PHRASE-1
icao9432-extracted::readback_2_8_3_en::fe3b04ca9c3384d9,icao9432-extracted,readback_2_8_3_en,icao9432_readback_family,An ATC route clearance is not an instruction to take off or enter an active runway.,none,operational_guidance,phraseology_rule,sim_executable,deterministic_test,An air traffic control (ATC) route clearance is not an instruction to take off or enter an active runway.,3903,3950,research/tools/requirements-spike/registry/ollama_first/candidates/icao9432-extracted/readback_2_8_3_en/icao9432-extracted::readback_2_8_3_en::fe3b04ca9c3384d9.json,readback-hearback,chunk-01-comms-readback-transfer,phraseology,phraseology-later,monitor/report-only,,PHRASE-1
icao9432-extracted::readback_continuation_2_8_3_7_to_2_8_3_10_en::17e1dfdf4ce57253,icao9432-extracted,readback_continuation_2_8_3_7_to_2_8_3_10_en,icao9432_readback_family,The controller shall listen to the read-back to ascertain that the clearance or instruction has been correctly acknowledged by the flight crew.,shall,authoritative_requirement,rule,sim_executable,deterministic_test,The controller shall listen to the read-back to ascertain that the clearance or instruction has been correctly acknowledged by the flight crew,4011,4085,research/tools/requirements-spike/registry/ollama_first/candidates/icao9432-extracted/readback_continuation_2_8_3_7_to_2_8_3_10_en/icao9432-extracted::readback_continuation_2_8_3_7_to_2_8_3_10_en::17e1dfdf4ce57253.json,readback-hearback,chunk-01-comms-readback-transfer,must,testable-now,protocolEvidence,,
icao9432-extracted::readback_continuation_2_8_3_7_to_2_8_3_10_en::4c808d67d281ff71,icao9432-extracted,readback_continuation_2_8_3_7_to_2_8_3_10_en,icao9432_readback_family,An aircraft should terminate the read-back by its call sign.,should,operational_guidance,phraseology_rule,review_only,review_only,An aircraft should terminate the read-back by its call sign.,4011,4085,research/tools/requirements-spike/registry/ollama_first/candidates/icao9432-extracted/readback_continuation_2_8_3_7_to_2_8_3_10_en/icao9432-extracted::readback_continuation_2_8_3_7_to_2_8_3_10_en::4c808d67d281ff71.json,readback-hearback,chunk-01-comms-readback-transfer,phraseology,phraseology-later,monitor/report-only,,PHRASE-1
icao9432-extracted::readback_continuation_2_8_3_7_to_2_8_3_10_en::ace4ab7ff5d53a66,icao9432-extracted,readback_continuation_2_8_3_7_to_2_8_3_10_en,icao9432_readback_family,The controller shall take immediate action to correct any discrepancies revealed by the read-back.,shall,authoritative_requirement,rule,sim_executable,deterministic_test,shall take immediate action to correct any discrepancies revealed by the read-back.,4011,4085,research/tools/requirements-spike/registry/ollama_first/candidates/icao9432-extracted/readback_continuation_2_8_3_7_to_2_8_3_10_en/icao9432-extracted::readback_continuation_2_8_3_7_to_2_8_3_10_en::ace4ab7ff5d53a66.json,readback-hearback,chunk-01-comms-readback-transfer,must,testable-now,protocolEvidence,,
icao9432-extracted::readback_continuation_2_8_3_7_to_2_8_3_10_en::ce25c18f1b44a6a8,icao9432-extracted,readback_continuation_2_8_3_7_to_2_8_3_10_en,icao9432_readback_family,See: APPENDIX 1 DIFFERENCES FROM ICAO RADIOTELEPHONY PROCEDURES,note,background_support,definition,review_only,review_only,See: APPENDIX 1 DIFFERENCES FROM ICAO RADIOTELEPHONY PROCEDURES,4011,4085,research/tools/requirements-spike/registry/ollama_first/candidates/icao9432-extracted/readback_continuation_2_8_3_7_to_2_8_3_10_en/icao9432-extracted::readback_continuation_2_8_3_7_to_2_8_3_10_en::ce25c18f1b44a6a8.json,readback-hearback,chunk-01-comms-readback-transfer,must,testable-now,protocolEvidence,,
icao9432-extracted::transfer_communications_2_8_2_en::40382df156ad071e,icao9432-extracted,transfer_communications_2_8_2_en,icao9432_clearance_comms_phraseology_family,An aircraft shall be advised by the appropriate aeronautical station to change from one radio frequency to another in accordance with agreed procedures.,shall,authoritative_requirement,rule,partially_executable,property_or_family_test,An aircraft shall be advised by the appropriate aeronautical station to change from one radio frequency to another in accordance with agreed procedures.,3830,3855,research/tools/requirements-spike/registry/ollama_first/candidates/icao9432-extracted/transfer_communications_2_8_2_en/icao9432-extracted::transfer_communications_2_8_2_en::40382df156ad071e.json,frequency-transfer,chunk-01-comms-readback-transfer,must,needs-observation-fact,simEvidence,,FN44-GAP-1
icao9432-extracted::transfer_communications_2_8_2_en::96720e821bf926cc,icao9432-extracted,transfer_communications_2_8_2_en,icao9432_clearance_comms_phraseology_family,Phraseology for frequency change includes 'CONTACT [Unit] [Frequency]' and readback 'Frequency Callsign'.,example,operational_guidance,phraseology_rule,review_only,review_only,FASTAIR 345 CONTACT ALEXANDER CONTROL 129.1,3830,3855,research/tools/requirements-spike/registry/ollama_first/candidates/icao9432-extracted/transfer_communications_2_8_2_en/icao9432-extracted::transfer_communications_2_8_2_en::96720e821bf926cc.json,frequency-transfer,chunk-01-comms-readback-transfer,phraseology,phraseology-later,monitor/report-only,,PHRASE-1
icao9432-extracted::transfer_communications_2_8_2_en::b49ae03cbbb2d538,icao9432-extracted,transfer_communications_2_8_2_en,icao9432_clearance_comms_phraseology_family,"In the absence of such advice, the aircraft shall notify the aeronautical station before such a change takes place.",shall,authoritative_requirement,rule,partially_executable,property_or_family_test,"In the absence of such advice, the aircraft shall notify the aeronautical station before such a change takes place.",3830,3855,research/tools/requirements-spike/registry/ollama_first/candidates/icao9432-extracted/transfer_communications_2_8_2_en/icao9432-extracted::transfer_communications_2_8_2_en::b49ae03cbbb2d538.json,frequency-transfer,chunk-01-comms-readback-transfer,must-not,needs-observation-fact,simEvidence,,FN44-GAP-1
icao9432-extracted::aerodrome_ch4_intro_start_4_1_to_4_2_en::095624c5163849a4,icao9432-extracted,aerodrome_ch4_intro_start_4_1_to_4_2_en,icao9432_aerodrome_phraseology_family,"Controllers should not transmit to an aircraft during take-off, initial climb, the last part of final approach or the landing roll, unless it is necessary for safety reasons.",should,operational_guidance,workflow_constraint,partially_executable,property_or_family_test,"Controllers should not transmit to an aircraft during take-off, initial climb, the last part of final approach or the landing roll, unless it is necessary for safety reasons",4706,4818,research/tools/requirements-spike/registry/ollama_first/candidates/icao9432-extracted/aerodrome_ch4_intro_start_4_1_to_4_2_en/icao9432-extracted::aerodrome_ch4_intro_start_4_1_to_4_2_en::095624c5163849a4.json,critical-phase-radio-discipline,chunk-02-radio-procedures-and-policy,policy,needs-observation-fact,simEvidence,CriticalPhaseTransmissionPolicy,FN43-GAP-2
icao9432-extracted::aerodrome_ch4_intro_start_4_1_to_4_2_en::35ad4a7f3d8d2ead,icao9432-extracted,aerodrome_ch4_intro_start_4_1_to_4_2_en,icao9432_aerodrome_phraseology_family,"Phraseology for initiating engine start includes: 'READY TO START UP', 'START NUMBER ONE', or 'STARTING NUMBER ONE'.",example,operational_guidance,phraseology_rule,sim_executable,deterministic_test,READY TO START UP,4706,4818,research/tools/requirements-spike/registry/ollama_first/candidates/icao9432-extracted/aerodrome_ch4_intro_start_4_1_to_4_2_en/icao9432-extracted::aerodrome_ch4_intro_start_4_1_to_4_2_en::35ad4a7f3d8d2ead.json,critical-phase-radio-discipline,chunk-02-radio-procedures-and-policy,phraseology,phraseology-later,monitor/report-only,,PHRASE-1
icao9432-extracted::aerodrome_ch4_intro_start_4_1_to_4_2_en::39a4619cec62a93f,icao9432-extracted,aerodrome_ch4_intro_start_4_1_to_4_2_en,icao9432_aerodrome_phraseology_family,Phraseology for approving start up includes: '[Callsign] START UP APPROVED [QNH]'.,example,operational_guidance,phraseology_rule,sim_executable,deterministic_test,FASTAIR 345 START UP APPROVED QNH 1009,4706,4818,research/tools/requirements-spike/registry/ollama_first/candidates/icao9432-extracted/aerodrome_ch4_intro_start_4_1_to_4_2_en/icao9432-extracted::aerodrome_ch4_intro_start_4_1_to_4_2_en::39a4619cec62a93f.json,critical-phase-radio-discipline,chunk-02-radio-procedures-and-policy,phraseology,phraseology-later,monitor/report-only,,PHRASE-1
icao9432-extracted::aerodrome_ch4_intro_start_4_1_to_4_2_en::86ba1c63169eceff,icao9432-extracted,aerodrome_ch4_intro_start_4_1_to_4_2_en,icao9432_aerodrome_phraseology_family,Phraseology for approving start up at a specific time includes: '[Callsign] START UP AT [Time] [QNH]'.,example,operational_guidance,phraseology_rule,sim_executable,deterministic_test,FASTAIR 345 START UP AT 35 QNH 1009,4706,4818,research/tools/requirements-spike/registry/ollama_first/candidates/icao9432-extracted/aerodrome_ch4_intro_start_4_1_to_4_2_en/icao9432-extracted::aerodrome_ch4_intro_start_4_1_to_4_2_en::86ba1c63169eceff.json,critical-phase-radio-discipline,chunk-02-radio-procedures-and-policy,phraseology,phraseology-later,monitor/report-only,,PHRASE-1
icao9432-extracted::aerodrome_ch4_intro_start_4_1_to_4_2_en::95034efc191fa9cd,icao9432-extracted,aerodrome_ch4_intro_start_4_1_to_4_2_en,icao9432_aerodrome_phraseology_family,"Having received ATC approval, the pilot starts the engines assisted as necessary by ground crew.",none,operational_guidance,workflow_constraint,partially_executable,property_or_family_test,"Having received ATC approval, the pilot starts the engines assisted as necessary by ground crew.",4706,4818,research/tools/requirements-spike/registry/ollama_first/candidates/icao9432-extracted/aerodrome_ch4_intro_start_4_1_to_4_2_en/icao9432-extracted::aerodrome_ch4_intro_start_4_1_to_4_2_en::95034efc191fa9cd.json,critical-phase-radio-discipline,chunk-02-radio-procedures-and-policy,must,needs-observation-fact,simEvidence,,FN43-GAP-2
icao9432-extracted::aerodrome_ch4_intro_start_4_1_to_4_2_en::b6a69b358e0a53f2,icao9432-extracted,aerodrome_ch4_intro_start_4_1_to_4_2_en,icao9432_aerodrome_phraseology_family,Phraseology for indicating expected departure time with start up at own discretion includes: '[Callsign] EXPECT DEPARTURE AT [Time] START UP AT OWN DISCRETION [QNH]'.,example,operational_guidance,phraseology_rule,sim_executable,deterministic_test,FASTAIR 345 EXPECT DEPARTURE AT 49 START UP AT OWN DISCRETION QNH 1009,4706,4818,research/tools/requirements-spike/registry/ollama_first/candidates/icao9432-extracted/aerodrome_ch4_intro_start_4_1_to_4_2_en/icao9432-extracted::aerodrome_ch4_intro_start_4_1_to_4_2_en::b6a69b358e0a53f2.json,critical-phase-radio-discipline,chunk-02-radio-procedures-and-policy,phraseology,phraseology-later,monitor/report-only,,PHRASE-1
icao9432-extracted::aerodrome_ch4_intro_start_4_1_to_4_2_en::bba49998378e3b31,icao9432-extracted,aerodrome_ch4_intro_start_4_1_to_4_2_en,icao9432_aerodrome_phraseology_family,"Where no ATIS is provided, the pilot may ask for current aerodrome information before requesting start up.",may,operational_guidance,phraseology_rule,partially_executable,exploratory_probe,"Where no ATIS is provided, the pilot may ask for current aerodrome information before requesting start up.",4706,4818,research/tools/requirements-spike/registry/ollama_first/candidates/icao9432-extracted/aerodrome_ch4_intro_start_4_1_to_4_2_en/icao9432-extracted::aerodrome_ch4_intro_start_4_1_to_4_2_en::bba49998378e3b31.json,critical-phase-radio-discipline,chunk-02-radio-procedures-and-policy,phraseology,phraseology-later,monitor/report-only,,PHRASE-1
icao9432-extracted::aerodrome_ch4_intro_start_4_1_to_4_2_en::c43cb2d0a82356bd,icao9432-extracted,aerodrome_ch4_intro_start_4_1_to_4_2_en,icao9432_aerodrome_phraseology_family,Phraseology for indicating expected start up time includes: '[Callsign] EXPECT START UP AT [Time] [QNH]'.,example,operational_guidance,phraseology_rule,sim_executable,deterministic_test,FASTAIR 345 EXPECT START UP AT 35 QNH 1009,4706,4818,research/tools/requirements-spike/registry/ollama_first/candidates/icao9432-extracted/aerodrome_ch4_intro_start_4_1_to_4_2_en/icao9432-extracted::aerodrome_ch4_intro_start_4_1_to_4_2_en::c43cb2d0a82356bd.json,critical-phase-radio-discipline,chunk-02-radio-procedures-and-policy,phraseology,phraseology-later,monitor/report-only,,PHRASE-1
icao9432-extracted::aerodrome_ch4_intro_start_4_1_to_4_2_en::d822c98e298fcbfd,icao9432-extracted,aerodrome_ch4_intro_start_4_1_to_4_2_en,icao9432_aerodrome_phraseology_family,"Along with the request to start engines, the pilot will state the location of the aircraft and acknowledge receipt of the ATIS broadcast.",shall,operational_guidance,phraseology_rule,partially_executable,exploratory_probe,"Along with the request, the pilot will state the location of the aircraft and acknowledge receipt of the ATIS broadcast.",4706,4818,research/tools/requirements-spike/registry/ollama_first/candidates/icao9432-extracted/aerodrome_ch4_intro_start_4_1_to_4_2_en/icao9432-extracted::aerodrome_ch4_intro_start_4_1_to_4_2_en::d822c98e298fcbfd.json,critical-phase-radio-discipline,chunk-02-radio-procedures-and-policy,phraseology,phraseology-later,monitor/report-only,,PHRASE-1
icao9432-extracted::aerodrome_ch4_intro_start_4_1_to_4_2_en::f089b47d46d9653d,icao9432-extracted,aerodrome_ch4_intro_start_4_1_to_4_2_en,icao9432_aerodrome_phraseology_family,"When the departure of the aircraft will be delayed, the controller will normally indicate a start up time or an expected start up time.",should,operational_guidance,phraseology_rule,partially_executable,exploratory_probe,"When the departure of the aircraft will be delayed, the controller will normally indicate a start up time or an expected start up time.",4706,4818,research/tools/requirements-spike/registry/ollama_first/candidates/icao9432-extracted/aerodrome_ch4_intro_start_4_1_to_4_2_en/icao9432-extracted::aerodrome_ch4_intro_start_4_1_to_4_2_en::f089b47d46d9653d.json,critical-phase-radio-discipline,chunk-02-radio-procedures-and-policy,phraseology,phraseology-later,monitor/report-only,,PHRASE-1
icao9432-extracted::test_procedures_2_8_4_en::45020d8d667c291c,icao9432-extracted,test_procedures_2_8_4_en,icao9432_communications_family,"Test transmissions should include the identification of the aeronautical station being called, the aircraft identification, the words ""RADIO CHECK"", and the frequency being used.",should,operational_guidance,phraseology_rule,sim_executable,deterministic_test,Test transmissions should take the following form:,4086,4197,research/tools/requirements-spike/registry/ollama_first/candidates/icao9432-extracted/test_procedures_2_8_4_en/icao9432-extracted::test_procedures_2_8_4_en::45020d8d667c291c.json,radio-test-procedures,chunk-02-radio-procedures-and-policy,phraseology,phraseology-later,monitor/report-only,,PHRASE-1
icao9432-extracted::test_procedures_2_8_4_en::486f651c71895e42,icao9432-extracted,test_procedures_2_8_4_en,icao9432_communications_family,"When a pilot receives an instruction or clearance they cannot execute, they should notify using the words 'NIE MOGĘ' and provide the reason.",should,operational_guidance,phraseology_rule,sim_executable,deterministic_test,"Gdy pilot otrzyma zezwolenie lub instrukcję, której nie jest w stanie wykonać, powinien zawiadomić o tym słowami „NIE MOGĘ” i podać przyczynę.",4086,4197,research/tools/requirements-spike/registry/ollama_first/candidates/icao9432-extracted/test_procedures_2_8_4_en/icao9432-extracted::test_procedures_2_8_4_en::486f651c71895e42.json,radio-test-procedures,chunk-02-radio-procedures-and-policy,phraseology,phraseology-later,monitor/report-only,,PHRASE-1
icao9432-extracted::test_procedures_2_8_4_en::b0c636108a61a135,icao9432-extracted,test_procedures_2_8_4_en,icao9432_communications_family,"Replies to test transmissions should include the identification of the station calling, the identification of the station replying, and information regarding the readability of the transmission.",should,operational_guidance,phraseology_rule,sim_executable,deterministic_test,Replies to test transmissions should be as follows:,4086,4197,research/tools/requirements-spike/registry/ollama_first/candidates/icao9432-extracted/test_procedures_2_8_4_en/icao9432-extracted::test_procedures_2_8_4_en::b0c636108a61a135.json,radio-test-procedures,chunk-02-radio-procedures-and-policy,phraseology,phraseology-later,monitor/report-only,,PHRASE-1
icao9432-extracted::test_procedures_2_8_4_en::d67d1f63cbbecd7d,icao9432-extracted,test_procedures_2_8_4_en,icao9432_communications_family,Ground station test signals for transmitter or receiver adjustment shall not continue for more than 10 seconds and shall be composed of spoken numbers followed by the radio call sign of the station.,shall,operational_guidance,rule,sim_executable,deterministic_test,"When it is necessary for a ground station to make test signals, either for the adjustment of a transmitter before making a call or for the adjustment of a receiver, such signals shall not continue for more than 10 seconds and shall be compo",4086,4197,research/tools/requirements-spike/registry/ollama_first/candidates/icao9432-extracted/test_procedures_2_8_4_en/icao9432-extracted::test_procedures_2_8_4_en::d67d1f63cbbecd7d.json,radio-test-procedures,chunk-02-radio-procedures-and-policy,phraseology,phraseology-later,monitor/report-only,,PHRASE-1
icao9432-extracted::test_procedures_2_8_4_en::daa4fadde3c06a1f,icao9432-extracted,test_procedures_2_8_4_en,icao9432_communications_family,"The readability of transmissions should be classified using the scale: 1. Unreadable, 2. Readable now and then, 3. Readable but with difficulty, 4. Readable, 5. Perfectly readable.",should,operational_guidance,definition,review_only,property_or_family_test,The readability of transmissions should be classified in accordance with the following readability scale:,4086,4197,research/tools/requirements-spike/registry/ollama_first/candidates/icao9432-extracted/test_procedures_2_8_4_en/icao9432-extracted::test_procedures_2_8_4_en::daa4fadde3c06a1f.json,radio-test-procedures,chunk-02-radio-procedures-and-policy,policy,needs-policy-type,simEvidence,OperationalGuidancePolicy,POLICY-1
icao9432-extracted::pushback_powerback_4_3_en::1aae1f61b91984e8,icao9432-extracted,pushback_powerback_4_3_en,icao9432_aerodrome_phraseology_family,Power-back is used by aircraft to reverse using the power of their engines (e.g. turboprop aircraft).,note,background_support,definition,review_only,review_only,Power-back is used by aircraft to reverse using the power of their engines (e.g. turboprop aircraft).,4819,4916,research/tools/requirements-spike/registry/ollama_first/candidates/icao9432-extracted/pushback_powerback_4_3_en/icao9432-extracted::pushback_powerback_4_3_en::1aae1f61b91984e8.json,pushback-powerback,chunk-03-ground-movement,must,needs-sim-model,expected-gap,,PUSHBACK-1
icao9432-extracted::pushback_powerback_4_3_en::5980a8f786170b01,icao9432-extracted,pushback_powerback_4_3_en,icao9432_aerodrome_phraseology_family,Requests for push-back or power-back are made to ATC or apron management depending on the local procedures.,shall,operational_guidance,rule,partially_executable,property_or_family_test,Requests for push-back or power-back are made to ATC or apron management depending on the local procedures.,4819,4916,research/tools/requirements-spike/registry/ollama_first/candidates/icao9432-extracted/pushback_powerback_4_3_en/icao9432-extracted::pushback_powerback_4_3_en::5980a8f786170b01.json,pushback-powerback,chunk-03-ground-movement,policy,needs-sim-model,expected-gap,LocalProcedurePolicy,PUSHBACK-1
icao9432-extracted::pushback_powerback_4_3_en::b3652213a568f55f,icao9432-extracted,pushback_powerback_4_3_en,icao9432_aerodrome_phraseology_family,When the manoeuvre is complete the ground crew gives the pilot a visual signal to indicate that the aircraft is free to taxi.,shall,operational_guidance,workflow_constraint,partially_executable,property_or_family_test,When the manoeuvre is complete the ground crew gives the pilot a visual signal to indicate that the aircraft is free to taxi.,4819,4916,research/tools/requirements-spike/registry/ollama_first/candidates/icao9432-extracted/pushback_powerback_4_3_en/icao9432-extracted::pushback_powerback_4_3_en::b3652213a568f55f.json,pushback-powerback,chunk-03-ground-movement,must,needs-sim-model,expected-gap,,PUSHBACK-1
icao9432-extracted::pushback_powerback_4_3_en::da5fd317668b375a,icao9432-extracted,pushback_powerback_4_3_en,icao9432_aerodrome_phraseology_family,"Should the pilot wish to stop the manoeuvre at any stage, the phrase 'stop push-back' should be used.",should,operational_guidance,phraseology_rule,sim_executable,deterministic_test,"Should the pilot wish to stop the manoeuvre at any stage, the phrase ""stop push-back"" should be used.",4819,4916,research/tools/requirements-spike/registry/ollama_first/candidates/icao9432-extracted/pushback_powerback_4_3_en/icao9432-extracted::pushback_powerback_4_3_en::da5fd317668b375a.json,pushback-powerback,chunk-03-ground-movement,phraseology,phraseology-later,monitor/report-only,,PHRASE-1
icao9432-extracted::pushback_powerback_4_3_en::fc3dfdf7cc913637,icao9432-extracted,pushback_powerback_4_3_en,icao9432_aerodrome_phraseology_family,The phraseology listed in section 4.3.2 should be used by the pilot and the ground crew to coordinate the push-back.,should,operational_guidance,phraseology_rule,sim_executable,deterministic_test,The following phraseology should be used by the pilot and the ground crew to coordinate the push-back.,4819,4916,research/tools/requirements-spike/registry/ollama_first/candidates/icao9432-extracted/pushback_powerback_4_3_en/icao9432-extracted::pushback_powerback_4_3_en::fc3dfdf7cc913637.json,pushback-powerback,chunk-03-ground-movement,phraseology,phraseology-later,monitor/report-only,,PHRASE-1
icao9432-extracted::taxi_4_4_en::03985c8e2cf3f473,icao9432-extracted,taxi_4_4_en,icao9432_taxi_family,The clearance limit for departing aircraft may be any other position on the aerodrome depending on prevailing traffic circumstances.,may,operational_guidance,rule,partially_executable,property_or_family_test,but it may be any other position on the aerodrome depending on the prevailing traffic circumstances,4917,5139,research/tools/requirements-spike/registry/ollama_first/candidates/icao9432-extracted/taxi_4_4_en/icao9432-extracted::taxi_4_4_en::03985c8e2cf3f473.json,taxi-ground-movement,chunk-03-ground-movement,policy,needs-policy-type,simEvidence,LocalProcedurePolicy,POLICY-1
icao9432-extracted::taxi_4_4_en::1367907005a34ad1,icao9432-extracted,taxi_4_4_en,icao9432_taxi_family,"When a taxi clearance contains a taxi limit beyond a runway, it shall contain an explicit clearance to cross, or an instruction to hold short of that runway.",shall,operational_guidance,rule,sim_executable,deterministic_test,"When a taxi clearance contains a taxi limit beyond a runway, it shall contain an explicit clearance to cross, or an instruction to hold short of that runway",4917,5139,research/tools/requirements-spike/registry/ollama_first/candidates/icao9432-extracted/taxi_4_4_en/icao9432-extracted::taxi_4_4_en::1367907005a34ad1.json,taxi-ground-movement,chunk-03-ground-movement,must,testable-now,simEvidence,,
icao9432-extracted::taxi_4_4_en::417f64324f7495bf,icao9432-extracted,taxi_4_4_en,icao9432_taxi_family,"For departing aircraft, the clearance limit will normally be the taxi-holding point of the runway in use.",none,operational_guidance,best_practice,partially_executable,property_or_family_test,"For departing aircraft, the clearance limit will normally be the taxi-holding point of the runway in use",4917,5139,research/tools/requirements-spike/registry/ollama_first/candidates/icao9432-extracted/taxi_4_4_en/icao9432-extracted::taxi_4_4_en::417f64324f7495bf.json,taxi-ground-movement,chunk-03-ground-movement,policy,testable-now,simEvidence,OperationalGuidancePolicy,
icao9432-extracted::taxi_4_4_en::53f33b6da4f2be58,icao9432-extracted,taxi_4_4_en,icao9432_taxi_family,"Where an aircraft acknowledges receipt of the ATIS broadcast, the controller does not need to pass departure information to the pilot when giving taxiing instructions.",may,operational_guidance,workflow_constraint,partially_executable,property_or_family_test,"Where an aircraft acknowledges receipt of the ATIS broadcast, the controller does not need to pass departure information to the pilot when giving taxiing instructions",4917,5139,research/tools/requirements-spike/registry/ollama_first/candidates/icao9432-extracted/taxi_4_4_en/icao9432-extracted::taxi_4_4_en::53f33b6da4f2be58.json,taxi-ground-movement,chunk-03-ground-movement,may,testable-now,simEvidence,,
icao9432-extracted::taxi_4_4_en::b9e7fc3605fe616e,icao9432-extracted,taxi_4_4_en,icao9432_taxi_family,"A taxi instruction issued by a controller must always contain a clearance limit, which is the point at which the aircraft must stop until further permission to proceed is given.",shall,operational_guidance,rule,partially_executable,property_or_family_test,Taxi instruction issued by a controller will always contain a clearance limit,4917,5139,research/tools/requirements-spike/registry/ollama_first/candidates/icao9432-extracted/taxi_4_4_en/icao9432-extracted::taxi_4_4_en::b9e7fc3605fe616e.json,taxi-ground-movement,chunk-03-ground-movement,must,testable-now,simEvidence,,
icao9432-extracted::taxi_4_4_en::eadf2541fcd51825,icao9432-extracted,taxi_4_4_en,icao9432_taxi_family,The runway is considered vacated when the entire aircraft is beyond the relevant runway-holding position.,note,background_support,definition,review_only,review_only,The runway is vacated when the entire aircraft is beyond the relevant runway-holding position,4917,5139,research/tools/requirements-spike/registry/ollama_first/candidates/icao9432-extracted/taxi_4_4_en/icao9432-extracted::taxi_4_4_en::eadf2541fcd51825.json,taxi-ground-movement,chunk-03-ground-movement,must,testable-now,simEvidence,,
icao9432-extracted::takeoff_procedures_4_5_1_to_4_5_5_en::13264a6ac6d529c3,icao9432-extracted,takeoff_procedures_4_5_1_to_4_5_5_en,icao9432_aerodrome_phraseology_family,Phraseology 'RUNWAY [designator] CLEARED FOR TAKE-OFF' is used after line-up for immediate departure.,example,operational_guidance,phraseology_rule,review_only,review_only,G-CD RUNWAY 06 CLEARED FOR TAKE-OFF,5140,5235,research/tools/requirements-spike/registry/ollama_first/candidates/icao9432-extracted/takeoff_procedures_4_5_1_to_4_5_5_en/icao9432-extracted::takeoff_procedures_4_5_1_to_4_5_5_en::13264a6ac6d529c3.json,runway-entry-line-up-takeoff,chunk-04-runway-departure,phraseology,phraseology-later,monitor/report-only,,PHRASE-1
icao9432-extracted::takeoff_procedures_4_5_1_to_4_5_5_en::152f0ffb84869af5,icao9432-extracted,takeoff_procedures_4_5_1_to_4_5_5_en,icao9432_aerodrome_phraseology_family,Phraseology 'LINE UP. BE READY FOR IMMEDIATE DEPARTURE' is used to instruct line-up with readiness for immediate departure.,example,operational_guidance,phraseology_rule,review_only,review_only,G-CD LINE UP. BE READY FOR IMMEDIATE DEPARTURE,5140,5235,research/tools/requirements-spike/registry/ollama_first/candidates/icao9432-extracted/takeoff_procedures_4_5_1_to_4_5_5_en/icao9432-extracted::takeoff_procedures_4_5_1_to_4_5_5_en::152f0ffb84869af5.json,runway-entry-line-up-takeoff,chunk-04-runway-departure,phraseology,phraseology-later,monitor/report-only,,PHRASE-1
icao9432-extracted::takeoff_procedures_4_5_1_to_4_5_5_en::19cfd36a9fce4587,icao9432-extracted,takeoff_procedures_4_5_1_to_4_5_5_en,icao9432_aerodrome_phraseology_family,"At busy aerodromes with separate GROUND and TOWER functions, aircraft are usually transferred to the TOWER at, or when approaching, the runway-holding position.",none,operational_guidance,workflow_constraint,review_only,review_only,"aircraft are usually transferred to the TOWER at, or when approaching, the runway-holding position",5140,5235,research/tools/requirements-spike/registry/ollama_first/candidates/icao9432-extracted/takeoff_procedures_4_5_1_to_4_5_5_en/icao9432-extracted::takeoff_procedures_4_5_1_to_4_5_5_en::19cfd36a9fce4587.json,runway-entry-line-up-takeoff,chunk-04-runway-departure,must,testable-now,simEvidence,,
icao9432-extracted::takeoff_procedures_4_5_1_to_4_5_5_en::42b0460ed4f07751,icao9432-extracted,takeoff_procedures_4_5_1_to_4_5_5_en,icao9432_aerodrome_phraseology_family,Phraseology 'ARE YOU READY FOR IMMEDIATE DEPARTURE' is used to query readiness for immediate departure.,example,operational_guidance,phraseology_rule,review_only,review_only,G-CD ARE YOU READY FOR IMMEDIATE DEPARTURE,5140,5235,research/tools/requirements-spike/registry/ollama_first/candidates/icao9432-extracted/takeoff_procedures_4_5_1_to_4_5_5_en/icao9432-extracted::takeoff_procedures_4_5_1_to_4_5_5_en::42b0460ed4f07751.json,runway-entry-line-up-takeoff,chunk-04-runway-departure,phraseology,phraseology-later,monitor/report-only,,PHRASE-1
icao9432-extracted::takeoff_procedures_4_5_1_to_4_5_5_en::4e0bacdd1c2c06e0,icao9432-extracted,takeoff_procedures_4_5_1_to_4_5_5_en,icao9432_aerodrome_phraseology_family,"Except in cases of emergency, controllers should not transmit to an aircraft in the process of taking off or during the early stage of climb.",should,operational_guidance,workflow_constraint,review_only,review_only,controllers should not transmit to an aircraft in the process of taking off or during the early stage of climb,5140,5235,research/tools/requirements-spike/registry/ollama_first/candidates/icao9432-extracted/takeoff_procedures_4_5_1_to_4_5_5_en/icao9432-extracted::takeoff_procedures_4_5_1_to_4_5_5_en::4e0bacdd1c2c06e0.json,runway-entry-line-up-takeoff,chunk-04-runway-departure,policy,needs-policy-type,simEvidence,OperationalGuidancePolicy,POLICY-1
icao9432-extracted::takeoff_procedures_4_5_1_to_4_5_5_en::a93888a25f0bad03,icao9432-extracted,takeoff_procedures_4_5_1_to_4_5_5_en,icao9432_aerodrome_phraseology_family,"Phraseology 'LINE UP AND WAIT' is used for line-up instructions, acknowledged by 'LINING UP [callsign]'.",example,operational_guidance,phraseology_rule,review_only,review_only,G-CD LINE UP AND WAIT,5140,5235,research/tools/requirements-spike/registry/ollama_first/candidates/icao9432-extracted/takeoff_procedures_4_5_1_to_4_5_5_en/icao9432-extracted::takeoff_procedures_4_5_1_to_4_5_5_en::a93888a25f0bad03.json,runway-entry-line-up-takeoff,chunk-04-runway-departure,phraseology,phraseology-later,monitor/report-only,,PHRASE-1
icao9432-extracted::takeoff_procedures_4_5_1_to_4_5_5_en::db8a2c3dcd586b0e,icao9432-extracted,takeoff_procedures_4_5_1_to_4_5_5_en,icao9432_aerodrome_phraseology_family,Care should be taken to ensure that the phraseology employed during taxi manoeuvres cannot be interpreted as a clearance to enter the runway or to take-off.,should,operational_guidance,best_practice,review_only,review_only,care should be taken to ensure that the phraseology employed during the taxi manoeuvres cannot be interpreted as a clearance to enter the runway or to take-off,5140,5235,research/tools/requirements-spike/registry/ollama_first/candidates/icao9432-extracted/takeoff_procedures_4_5_1_to_4_5_5_en/icao9432-extracted::takeoff_procedures_4_5_1_to_4_5_5_en::db8a2c3dcd586b0e.json,runway-entry-line-up-takeoff,chunk-04-runway-departure,phraseology,phraseology-later,monitor/report-only,,PHRASE-1
icao9432-extracted::takeoff_procedures_4_5_6_to_4_5_7_en::2660849403bff7de,icao9432-extracted,takeoff_procedures_4_5_6_to_4_5_7_en,icao9432_aerodrome_phraseology_family,"When a conditional clearance involves a departing aircraft and an arriving aircraft, the departing aircraft must correctly identify the arriving aircraft on which the clearance is based.",should,operational_guidance,best_practice,partially_executable,property_or_family_test,it is important that the departing aircraft correctly identifies the arriving aircraft on which the conditional clearance is based.,5236,5329,research/tools/requirements-spike/registry/ollama_first/candidates/icao9432-extracted/takeoff_procedures_4_5_6_to_4_5_7_en/icao9432-extracted::takeoff_procedures_4_5_6_to_4_5_7_en::2660849403bff7de.json,runway-entry-line-up-takeoff,chunk-04-runway-departure,policy,needs-policy-type,simEvidence,OperationalGuidancePolicy,POLICY-1
icao9432-extracted::takeoff_procedures_4_5_6_to_4_5_7_en::2e598ad0323e9e2a,icao9432-extracted,takeoff_procedures_4_5_6_to_4_5_7_en,icao9432_aerodrome_phraseology_family,"Conditional clearances shall not be used for movements affecting the active runway(s), except when the aircraft or vehicles concerned are seen by both the controller and pilot.",shall,authoritative_requirement,rule,deterministic_test,deterministic_test,"Conditional clearances shall not be used for movements affecting the active runway(s), except when the aircraft or vehicles concerned are seen by both the controller and pilot.",5236,5329,research/tools/requirements-spike/registry/ollama_first/candidates/icao9432-extracted/takeoff_procedures_4_5_6_to_4_5_7_en/icao9432-extracted::takeoff_procedures_4_5_6_to_4_5_7_en::2e598ad0323e9e2a.json,runway-entry-line-up-takeoff,chunk-04-runway-departure,must-not,testable-now,simEvidence,,
icao9432-extracted::takeoff_procedures_4_5_6_to_4_5_7_en::9b30810984e06a35,icao9432-extracted,takeoff_procedures_4_5_6_to_4_5_7_en,icao9432_aerodrome_phraseology_family,A conditional clearance shall be given as follows: 1) call sign; 2) the condition; 3) the clearance; 4) brief reiteration of the condition.,shall,authoritative_requirement,phraseology_rule,deterministic_test,deterministic_test,A conditional clearance shall be given as follows: 1) call sign; 2) the condition; 3) the clearance; 4) brief reiteration of the condition.,5236,5329,research/tools/requirements-spike/registry/ollama_first/candidates/icao9432-extracted/takeoff_procedures_4_5_6_to_4_5_7_en/icao9432-extracted::takeoff_procedures_4_5_6_to_4_5_7_en::9b30810984e06a35.json,runway-entry-line-up-takeoff,chunk-04-runway-departure,phraseology,phraseology-later,monitor/report-only,,PHRASE-1
icao9432-extracted::takeoff_procedures_4_5_6_to_4_5_7_en::c386a5865bdd7876,icao9432-extracted,takeoff_procedures_4_5_6_to_4_5_7_en,icao9432_aerodrome_phraseology_family,Reference to the arriving aircraft type may be insufficient for conditional clearances; it may be necessary to add a description of the colour or the company name to ensure correct identification.,may,operational_guidance,best_practice,partially_executable,exploratory_probe,Reference to the arriving aircraft type may be insufficient and it may be necessary to add a description of the colour or the company name to ensure correct identification.,5236,5329,research/tools/requirements-spike/registry/ollama_first/candidates/icao9432-extracted/takeoff_procedures_4_5_6_to_4_5_7_en/icao9432-extracted::takeoff_procedures_4_5_6_to_4_5_7_en::c386a5865bdd7876.json,runway-entry-line-up-takeoff,chunk-04-runway-departure,policy,needs-policy-type,simEvidence,OperationalGuidancePolicy,POLICY-1
icao9432-extracted::takeoff_procedures_4_5_6_to_4_5_7_en::dd301daf2b69fe83,icao9432-extracted,takeoff_procedures_4_5_6_to_4_5_7_en,icao9432_aerodrome_phraseology_family,"In poor visibility, the controller may request the pilot to report when airborne.",may,operational_guidance,rule,partially_executable,exploratory_probe,"In poor visibility, the controller may request the pilot to report when airborne.",5236,5329,research/tools/requirements-spike/registry/ollama_first/candidates/icao9432-extracted/takeoff_procedures_4_5_6_to_4_5_7_en/icao9432-extracted::takeoff_procedures_4_5_6_to_4_5_7_en::dd301daf2b69fe83.json,runway-entry-line-up-takeoff,chunk-04-runway-departure,may,testable-now,simEvidence,,
icao9432-extracted::takeoff_procedures_4_5_8_to_4_5_12_en::0afe0064c4c933af,icao9432-extracted,takeoff_procedures_4_5_8_to_4_5_12_en,icao9432_aerodrome_phraseology_family,"When a pilot abandons the take-off manoeuvre, the control tower should be so informed as soon as practicable.",should,operational_guidance,rule,partially_executable,property_or_family_test,the control tower should be so informed as soon as practicable,5330,5481,research/tools/requirements-spike/registry/ollama_first/candidates/icao9432-extracted/takeoff_procedures_4_5_8_to_4_5_12_en/icao9432-extracted::takeoff_procedures_4_5_8_to_4_5_12_en::0afe0064c4c933af.json,runway-entry-line-up-takeoff,chunk-04-runway-departure,policy,needs-policy-type,simEvidence,OperationalGuidancePolicy,POLICY-1
icao9432-extracted::takeoff_procedures_4_5_8_to_4_5_12_en::2b7c45264775e3e2,icao9432-extracted,takeoff_procedures_4_5_8_to_4_5_12_en,icao9432_aerodrome_phraseology_family,"When a pilot abandons the take-off manoeuvre, assistance or taxi instructions should be requested as required.",should,operational_guidance,rule,partially_executable,property_or_family_test,assistance or taxi instructions should be requested as required,5330,5481,research/tools/requirements-spike/registry/ollama_first/candidates/icao9432-extracted/takeoff_procedures_4_5_8_to_4_5_12_en/icao9432-extracted::takeoff_procedures_4_5_8_to_4_5_12_en::2b7c45264775e3e2.json,runway-entry-line-up-takeoff,chunk-04-runway-departure,policy,needs-policy-type,simEvidence,ControllerInterventionPolicy,POLICY-1
icao9432-extracted::takeoff_procedures_4_5_8_to_4_5_12_en::2cc8caf62c15688b,icao9432-extracted,takeoff_procedures_4_5_8_to_4_5_12_en,icao9432_aerodrome_phraseology_family,Departure instructions may be given with the take-off clearance to ensure separation between aircraft operating in the vicinity of the aerodrome.,may,operational_guidance,rule,partially_executable,property_or_family_test,Departure instructions may be given with the take-off clearance.,5330,5481,research/tools/requirements-spike/registry/ollama_first/candidates/icao9432-extracted/takeoff_procedures_4_5_8_to_4_5_12_en/icao9432-extracted::takeoff_procedures_4_5_8_to_4_5_12_en::2cc8caf62c15688b.json,runway-entry-line-up-takeoff,chunk-04-runway-departure,may,testable-now,simEvidence,,
icao9432-extracted::takeoff_procedures_4_5_8_to_4_5_12_en::6b5a0d8b27525cbd,icao9432-extracted,takeoff_procedures_4_5_8_to_4_5_12_en,icao9432_aerodrome_phraseology_family,"When an aircraft has commenced the take-off roll and it is necessary to abandon take-off to avert a dangerous traffic situation, the aircraft should be instructed to stop immediately and the instruction and call sign repeated.",should,operational_guidance,phraseology_rule,partially_executable,property_or_family_test,the aircraft should be instructed to stop immediately and the instruction and call sign repeated.,5330,5481,research/tools/requirements-spike/registry/ollama_first/candidates/icao9432-extracted/takeoff_procedures_4_5_8_to_4_5_12_en/icao9432-extracted::takeoff_procedures_4_5_8_to_4_5_12_en::6b5a0d8b27525cbd.json,runway-entry-line-up-takeoff,chunk-04-runway-departure,phraseology,phraseology-later,monitor/report-only,,PHRASE-1
icao9432-extracted::takeoff_procedures_4_5_8_to_4_5_12_en::6bee6c63069d8250,icao9432-extracted,takeoff_procedures_4_5_8_to_4_5_12_en,icao9432_aerodrome_phraseology_family,It is occasionally necessary to cancel the take-off clearance due to unexpected traffic developments or a departing aircraft taking longer than anticipated.,none,background_support,workflow_constraint,review_only,exploratory_probe,it is occasionally necessary to cancel the take-off clearance,5330,5481,research/tools/requirements-spike/registry/ollama_first/candidates/icao9432-extracted/takeoff_procedures_4_5_8_to_4_5_12_en/icao9432-extracted::takeoff_procedures_4_5_8_to_4_5_12_en::6bee6c63069d8250.json,runway-entry-line-up-takeoff,chunk-04-runway-departure,must,testable-now,simEvidence,,
icao9432-extracted::takeoff_procedures_4_5_8_to_4_5_12_en::81490161201eb712,icao9432-extracted,takeoff_procedures_4_5_8_to_4_5_12_en,icao9432_aerodrome_phraseology_family,It is occasionally necessary to quickly free the runway for landing traffic due to unexpected traffic developments or a departing aircraft taking longer than anticipated.,none,background_support,workflow_constraint,review_only,exploratory_probe,quickly free the runway for landing traffic,5330,5481,research/tools/requirements-spike/registry/ollama_first/candidates/icao9432-extracted/takeoff_procedures_4_5_8_to_4_5_12_en/icao9432-extracted::takeoff_procedures_4_5_8_to_4_5_12_en::81490161201eb712.json,runway-entry-line-up-takeoff,chunk-04-runway-departure,must,testable-now,simEvidence,,
icao9432-extracted::takeoff_procedures_4_5_8_to_4_5_12_en::8af22eb8d9795cef,icao9432-extracted,takeoff_procedures_4_5_8_to_4_5_12_en,icao9432_aerodrome_phraseology_family,"When several runways are in use and there is any possibility that the pilot may be confused as to which one to use, the runway number should be stated in the take-off clearance.",should,operational_guidance,phraseology_rule,partially_executable,property_or_family_test,"When several runways are in use and there is any possibility that the pilot may be confused as to which one to use, the runway number should be stated in the take-off clearance.",5330,5481,research/tools/requirements-spike/registry/ollama_first/candidates/icao9432-extracted/takeoff_procedures_4_5_8_to_4_5_12_en/icao9432-extracted::takeoff_procedures_4_5_8_to_4_5_12_en::8af22eb8d9795cef.json,runway-entry-line-up-takeoff,chunk-04-runway-departure,phraseology,phraseology-later,monitor/report-only,,PHRASE-1
icao9432-extracted::aerodrome_traffic_circuit_4_6_part1_en::58ae778732ec6347,icao9432-extracted,aerodrome_traffic_circuit_4_6_part1_en,icao9432_aerodrome_phraseology_family,"When the traffic circuit is in a right-hand pattern, this should be specified.",should,operational_guidance,phraseology_rule,partially_executable,property_or_family_test,When the traffic circuit is in a right-hand pattern this should be specified.,5482,5566,research/tools/requirements-spike/registry/ollama_first/candidates/icao9432-extracted/aerodrome_traffic_circuit_4_6_part1_en/icao9432-extracted::aerodrome_traffic_circuit_4_6_part1_en::58ae778732ec6347.json,circuit-approach-sequencing,chunk-05-circuit-arrival-landing,phraseology,phraseology-later,monitor/report-only,,PHRASE-1
icao9432-extracted::aerodrome_traffic_circuit_4_6_part1_en::667985b4a6159d18,icao9432-extracted,aerodrome_traffic_circuit_4_6_part1_en,icao9432_aerodrome_phraseology_family,Requests for instructions to join the traffic circuit should be made in sufficient time to allow for a planned entry into the circuit taking other traffic into account.,should,operational_guidance,workflow_constraint,partially_executable,property_or_family_test,Requests for instructions to join the traffic circuit should be made in sufficient time to allow for a planned entry into the circuit taking other traffic into account.,5482,5566,research/tools/requirements-spike/registry/ollama_first/candidates/icao9432-extracted/aerodrome_traffic_circuit_4_6_part1_en/icao9432-extracted::aerodrome_traffic_circuit_4_6_part1_en::667985b4a6159d18.json,circuit-approach-sequencing,chunk-05-circuit-arrival-landing,policy,needs-policy-type,simEvidence,OperationalGuidancePolicy,POLICY-1
icao9432-extracted::aerodrome_traffic_circuit_4_6_part1_en::a4fcedaac8a838e1,icao9432-extracted,aerodrome_traffic_circuit_4_6_part1_en,icao9432_aerodrome_phraseology_family,"Where ATIS is provided, receipt of the broadcast should be acknowledged in the initial call to the aerodrome.",should,operational_guidance,phraseology_rule,partially_executable,property_or_family_test,"Where ATIS is provided, receipt of the broadcast should be acknowledged in the initial call to the aerodrome.",5482,5566,research/tools/requirements-spike/registry/ollama_first/candidates/icao9432-extracted/aerodrome_traffic_circuit_4_6_part1_en/icao9432-extracted::aerodrome_traffic_circuit_4_6_part1_en::a4fcedaac8a838e1.json,circuit-approach-sequencing,chunk-05-circuit-arrival-landing,phraseology,phraseology-later,monitor/report-only,,PHRASE-1
icao9432-extracted::aerodrome_traffic_circuit_4_6_part1_en::d65650486b4d1b8f,icao9432-extracted,aerodrome_traffic_circuit_4_6_part1_en,icao9432_aerodrome_phraseology_family,"Depending on prevailing traffic conditions and the direction from which an aircraft is arriving, it may be possible to give a straight-in-approach.",may,operational_guidance,advisory_only,review_only,exploratory_probe,"Depending on prevailing traffic conditions and the direction from which an aircraft is arriving, it may be possible to give a straight-in-approach.",5482,5566,research/tools/requirements-spike/registry/ollama_first/candidates/icao9432-extracted/aerodrome_traffic_circuit_4_6_part1_en/icao9432-extracted::aerodrome_traffic_circuit_4_6_part1_en::d65650486b4d1b8f.json,circuit-approach-sequencing,chunk-05-circuit-arrival-landing,policy,needs-policy-type,simEvidence,LocalProcedurePolicy,POLICY-1
icao9432-extracted::aerodrome_traffic_circuit_4_6_part2_en::28bea79b8da559cd,icao9432-extracted,aerodrome_traffic_circuit_4_6_part2_en,icao9432_aerodrome_phraseology_family,W celu skoordynowania ruchu po kręgu może zaistnieć konieczność wydania instrukcji dla opóźnienia lub przyspieszenia danego statku powietrznego.,may,operational_guidance,advisory_only,review_only,review_only,W celu skoordynowania ruchu po kręgu może zaistnieć konieczność wydania instrukcji dla opóźnienia lub przyspieszenia danego statku powietrznego.,5567,5674,research/tools/requirements-spike/registry/ollama_first/candidates/icao9432-extracted/aerodrome_traffic_circuit_4_6_part2_en/icao9432-extracted::aerodrome_traffic_circuit_4_6_part2_en::28bea79b8da559cd.json,circuit-approach-sequencing,chunk-05-circuit-arrival-landing,may,testable-now,simEvidence,,
icao9432-extracted::aerodrome_traffic_circuit_4_6_part2_en::34445db09fdd6e0a,icao9432-extracted,aerodrome_traffic_circuit_4_6_part2_en,icao9432_aerodrome_phraseology_family,Pilot entering the circuit shall provide position reports in accordance with local procedures.,shall,operational_guidance,workflow_constraint,partially_executable,exploratory_probe,Pilot wchodząc w krąg podaje meldunki pozycyjne zgodnie z lokalnymi procedurami.,5567,5674,research/tools/requirements-spike/registry/ollama_first/candidates/icao9432-extracted/aerodrome_traffic_circuit_4_6_part2_en/icao9432-extracted::aerodrome_traffic_circuit_4_6_part2_en::34445db09fdd6e0a.json,circuit-approach-sequencing,chunk-05-circuit-arrival-landing,must,testable-now,simEvidence,,
icao9432-extracted::aerodrome_traffic_circuit_4_6_part2_en::7e3aec5e5fd60c41,icao9432-extracted,aerodrome_traffic_circuit_4_6_part2_en,icao9432_aerodrome_phraseology_family,"At aerodromes equipped with ATIS, the pilot should confirm having listened to the ATIS message when establishing contact with the tower.",should,operational_guidance,phraseology_rule,partially_executable,exploratory_probe,"Na lotniskach wyposażonych w ATIS, pilot nawiązując łączność z wieżą powinien potwierdzić odsłuchanie komunikatu.",5567,5674,research/tools/requirements-spike/registry/ollama_first/candidates/icao9432-extracted/aerodrome_traffic_circuit_4_6_part2_en/icao9432-extracted::aerodrome_traffic_circuit_4_6_part2_en::7e3aec5e5fd60c41.json,circuit-approach-sequencing,chunk-05-circuit-arrival-landing,phraseology,phraseology-later,monitor/report-only,,PHRASE-1
icao9432-extracted::aerodrome_traffic_circuit_4_6_part2_en::b64030acf6ef4bbd,icao9432-extracted,aerodrome_traffic_circuit_4_6_part2_en,icao9432_aerodrome_phraseology_family,"Depending on traffic situation and arrival direction, a straight-in approach may be possible.",may,operational_guidance,definition,review_only,review_only,"W zależności od sytuacji ruchowej oraz od kierunku przylotu statku powietrznego, może zaistnieć możliwość podejścia z prostej.",5567,5674,research/tools/requirements-spike/registry/ollama_first/candidates/icao9432-extracted/aerodrome_traffic_circuit_4_6_part2_en/icao9432-extracted::aerodrome_traffic_circuit_4_6_part2_en::b64030acf6ef4bbd.json,circuit-approach-sequencing,chunk-05-circuit-arrival-landing,policy,needs-policy-type,simEvidence,LocalProcedurePolicy,POLICY-1
icao9432-extracted::aerodrome_traffic_circuit_4_6_part2_en::dcf776a1b9c8a303,icao9432-extracted,aerodrome_traffic_circuit_4_6_part2_en,icao9432_aerodrome_phraseology_family,"The pilot, having joined the traffic circuit, shall make routine reports as required by local procedures.",shall,operational_guidance,workflow_constraint,partially_executable,exploratory_probe,"The pilot, having joined the traffic circuit, makes routine reports as required by local procedures.",5567,5674,research/tools/requirements-spike/registry/ollama_first/candidates/icao9432-extracted/aerodrome_traffic_circuit_4_6_part2_en/icao9432-extracted::aerodrome_traffic_circuit_4_6_part2_en::dcf776a1b9c8a303.json,circuit-approach-sequencing,chunk-05-circuit-arrival-landing,policy,needs-policy-type,simEvidence,ControllerInterventionPolicy,POLICY-1
icao9432-extracted::final_approach_landing_4_7_en::00baaf3c55155044,icao9432-extracted,final_approach_landing_4_7_en,icao9432_aerodrome_phraseology_family,"A 'FINAL' report shall be made when an aircraft turns onto final within 7 km (4 NM) from touchdown, or at 7 km (4 NM) if no landing clearance was received at the 'LONG FINAL' point.",shall,operational_guidance,phraseology_rule,sim_executable,deterministic_test,"A ""FINAL"" report is made when an aircraft turns onto final within 7 km (4 NM) from touchdown.",5675,5795,research/tools/requirements-spike/registry/ollama_first/candidates/icao9432-extracted/final_approach_landing_4_7_en/icao9432-extracted::final_approach_landing_4_7_en::00baaf3c55155044.json,final-approach-landing,chunk-05-circuit-arrival-landing,phraseology,phraseology-later,monitor/report-only,,PHRASE-1
icao9432-extracted::final_approach_landing_4_7_en::0ece166e11d7728e,icao9432-extracted,final_approach_landing_4_7_en,icao9432_aerodrome_phraseology_family,Pilots may request to carry out a 'TOUCH AND GO' to save taxiing time when training in the traffic circuit.,may,operational_guidance,rule,sim_executable,deterministic_test,"In order to save taxiing time when training in the traffic circuit, pilots may request to carry out a “TOUCH AND GO”",5675,5795,research/tools/requirements-spike/registry/ollama_first/candidates/icao9432-extracted/final_approach_landing_4_7_en/icao9432-extracted::final_approach_landing_4_7_en::0ece166e11d7728e.json,final-approach-landing,chunk-05-circuit-arrival-landing,may,testable-now,simEvidence,,
icao9432-extracted::final_approach_landing_4_7_en::1327871f46c1d348,icao9432-extracted,final_approach_landing_4_7_en,icao9432_aerodrome_phraseology_family,"When describing undercarriage condition during a low pass, the phrase 'WHEELS APPEAR UP' may be used.",may,operational_guidance,phraseology_rule,sim_executable,deterministic_test,c) WHEELS APPEAR UP;,5675,5795,research/tools/requirements-spike/registry/ollama_first/candidates/icao9432-extracted/final_approach_landing_4_7_en/icao9432-extracted::final_approach_landing_4_7_en::1327871f46c1d348.json,final-approach-landing,chunk-05-circuit-arrival-landing,phraseology,phraseology-later,monitor/report-only,,PHRASE-1
icao9432-extracted::final_approach_landing_4_7_en::1960f59d8b9efecb,icao9432-extracted,final_approach_landing_4_7_en,icao9432_aerodrome_phraseology_family,"When describing undercarriage condition during a low pass, the phrase 'LANDING GEAR APPEARS DOWN' may be used.",may,operational_guidance,phraseology_rule,sim_executable,deterministic_test,a) LANDING GEAR APPEARS DOWN;,5675,5795,research/tools/requirements-spike/registry/ollama_first/candidates/icao9432-extracted/final_approach_landing_4_7_en/icao9432-extracted::final_approach_landing_4_7_en::1960f59d8b9efecb.json,final-approach-landing,chunk-05-circuit-arrival-landing,phraseology,phraseology-later,monitor/report-only,,PHRASE-1
icao9432-extracted::final_approach_landing_4_7_en::1db805d02051bf47,icao9432-extracted,final_approach_landing_4_7_en,icao9432_aerodrome_phraseology_family,"When describing undercarriage condition during a low pass, the phrase 'RIGHT (or LEFT, or NOSE) WHEEL DOES NOT APPEAR UP (or DOWN)' may be used.",may,operational_guidance,phraseology_rule,sim_executable,deterministic_test,"d) RIGHT (or LEFT, or NOSE) WHEEL DOES NOT APPEAR UP (or DOWN).",5675,5795,research/tools/requirements-spike/registry/ollama_first/candidates/icao9432-extracted/final_approach_landing_4_7_en/icao9432-extracted::final_approach_landing_4_7_en::1db805d02051bf47.json,final-approach-landing,chunk-05-circuit-arrival-landing,phraseology,phraseology-later,monitor/report-only,,PHRASE-1
icao9432-extracted::final_approach_landing_4_7_en::4c698a5ad52a30e4,icao9432-extracted,final_approach_landing_4_7_en,icao9432_aerodrome_phraseology_family,A 'LONG FINAL' report shall be made when an aircraft turns onto final at a distance greater than 7 km (4 NM) from touchdown.,shall,operational_guidance,phraseology_rule,sim_executable,deterministic_test,"If and when the turn onto final is made at a greater distance, a ""LONG FINAL"" report is made.",5675,5795,research/tools/requirements-spike/registry/ollama_first/candidates/icao9432-extracted/final_approach_landing_4_7_en/icao9432-extracted::final_approach_landing_4_7_en::4c698a5ad52a30e4.json,final-approach-landing,chunk-05-circuit-arrival-landing,phraseology,phraseology-later,monitor/report-only,,PHRASE-1
icao9432-extracted::final_approach_landing_4_7_en::63836b7aef62a6f6,icao9432-extracted,final_approach_landing_4_7_en,icao9432_aerodrome_phraseology_family,A pilot may request to fly past the control tower or other observation point for the purpose of visual inspection from the ground.,may,operational_guidance,rule,sim_executable,deterministic_test,A pilot may request to fly past the control tower or other observation point for the purpose of visual inspection from the ground.,5675,5795,research/tools/requirements-spike/registry/ollama_first/candidates/icao9432-extracted/final_approach_landing_4_7_en/icao9432-extracted::final_approach_landing_4_7_en::63836b7aef62a6f6.json,final-approach-landing,chunk-05-circuit-arrival-landing,may,testable-now,simEvidence,,
icao9432-extracted::final_approach_landing_4_7_en::70e781a65920c075,icao9432-extracted,final_approach_landing_4_7_en,icao9432_aerodrome_phraseology_family,"For a straight-in approach, a 'LONG FINAL' report shall be made at about 15 km (8 NM) from touchdown.",shall,operational_guidance,phraseology_rule,sim_executable,deterministic_test,"If the aircraft is making a straight-in approach, a ""LONG FINAL"" report is made at about 15 km (8 NM) from touchdown.",5675,5795,research/tools/requirements-spike/registry/ollama_first/candidates/icao9432-extracted/final_approach_landing_4_7_en/icao9432-extracted::final_approach_landing_4_7_en::70e781a65920c075.json,final-approach-landing,chunk-05-circuit-arrival-landing,phraseology,phraseology-later,monitor/report-only,,PHRASE-1
icao9432-extracted::final_approach_landing_4_7_en::7bbc96aa5ee36893,icao9432-extracted,final_approach_landing_4_7_en,icao9432_aerodrome_phraseology_family,"When describing undercarriage condition during a low pass, the phrase 'RIGHT (or LEFT, or NOSE) WHEEL APPEARS UP (or DOWN)' may be used.",may,operational_guidance,phraseology_rule,sim_executable,deterministic_test,"b) RIGHT (or LEFT, or NOSE) WHEEL APPEARS UP (or DOWN);",5675,5795,research/tools/requirements-spike/registry/ollama_first/candidates/icao9432-extracted/final_approach_landing_4_7_en/icao9432-extracted::final_approach_landing_4_7_en::7bbc96aa5ee36893.json,final-approach-landing,chunk-05-circuit-arrival-landing,phraseology,phraseology-later,monitor/report-only,,PHRASE-1
icao9432-extracted::final_approach_landing_4_7_en::a4c8fffd8a61adb4,icao9432-extracted,final_approach_landing_4_7_en,icao9432_aerodrome_phraseology_family,ATC may clear an aircraft for a 'TOUCH AND GO' using the phrase 'CLEARED TOUCH AND GO'.,may,operational_guidance,phraseology_rule,sim_executable,deterministic_test,G-CD CLEARED TOUCH AND GO,5675,5795,research/tools/requirements-spike/registry/ollama_first/candidates/icao9432-extracted/final_approach_landing_4_7_en/icao9432-extracted::final_approach_landing_4_7_en::a4c8fffd8a61adb4.json,final-approach-landing,chunk-05-circuit-arrival-landing,phraseology,phraseology-later,monitor/report-only,,PHRASE-1
icao9432-extracted::final_approach_landing_4_7_en::aaf5262d8e7750b2,icao9432-extracted,final_approach_landing_4_7_en,icao9432_aerodrome_phraseology_family,Example dialogue illustrates the exchange for a low pass request and clearance.,example,background_support,phraseology_rule,review_only,review_only,FASTAIR 345 REQUEST LOW PASS,5675,5795,research/tools/requirements-spike/registry/ollama_first/candidates/icao9432-extracted/final_approach_landing_4_7_en/icao9432-extracted::final_approach_landing_4_7_en::aaf5262d8e7750b2.json,final-approach-landing,chunk-05-circuit-arrival-landing,phraseology,phraseology-later,monitor/report-only,,PHRASE-1
icao9432-extracted::final_approach_landing_4_7_en::b1c21e2f70bbf36f,icao9432-extracted,final_approach_landing_4_7_en,icao9432_aerodrome_phraseology_family,"If unable to approve a 'TOUCH AND GO' due to traffic, ATC may instruct the pilot to 'MAKE FULL STOP' or 'MAKE ANOTHER CIRCUIT REPORT DOWNWIND'.",may,operational_guidance,phraseology_rule,sim_executable,deterministic_test,G-CD UNABLE TO APPROVE DUE TRAFFIC CONGESTION MAKE FULL STOP,5675,5795,research/tools/requirements-spike/registry/ollama_first/candidates/icao9432-extracted/final_approach_landing_4_7_en/icao9432-extracted::final_approach_landing_4_7_en::b1c21e2f70bbf36f.json,final-approach-landing,chunk-05-circuit-arrival-landing,phraseology,phraseology-later,monitor/report-only,,PHRASE-1
icao9432-extracted::final_approach_landing_4_7_en::e17d8b9b99c43496,icao9432-extracted,final_approach_landing_4_7_en,icao9432_aerodrome_phraseology_family,"For training purposes, a pilot may request permission to make an approach along, or parallel to, the runway, without landing.",may,operational_guidance,rule,sim_executable,deterministic_test,"For training purposes, a pilot may request permission to make an approach along, or parallel to the runway, without landing.",5675,5795,research/tools/requirements-spike/registry/ollama_first/candidates/icao9432-extracted/final_approach_landing_4_7_en/icao9432-extracted::final_approach_landing_4_7_en::e17d8b9b99c43496.json,final-approach-landing,chunk-05-circuit-arrival-landing,may,testable-now,simEvidence,,
icao9432-extracted::final_approach_landing_4_7_en::fbae3a11e1d068a3,icao9432-extracted,final_approach_landing_4_7_en,icao9432_aerodrome_phraseology_family,Example dialogue illustrates the exchange for 'LONG FINAL' and 'FINAL' reports including wind and landing clearance.,example,background_support,phraseology_rule,review_only,review_only,FASTAIR 345 LONG FINAL,5675,5795,research/tools/requirements-spike/registry/ollama_first/candidates/icao9432-extracted/final_approach_landing_4_7_en/icao9432-extracted::final_approach_landing_4_7_en::fbae3a11e1d068a3.json,final-approach-landing,chunk-05-circuit-arrival-landing,phraseology,phraseology-later,monitor/report-only,,PHRASE-1
icao9432-extracted::after_landing_4_9_en::203b53733da22603,icao9432-extracted,after_landing_4_9_en,icao9432_aerodrome_phraseology_family,"Phraseology for air-taxi to helicopter stand involves controller instruction 'AIR-TAXI TO HELICOPTER STAND' and pilot readback 'AIR-TAXI TO HELICOPTER STAND, [Callsign]'.",example,operational_guidance,phraseology_rule,review_only,review_only,G-HELI AIR-TAXI TO HELICOPTER STAND,5868,5932,research/tools/requirements-spike/registry/ollama_first/candidates/icao9432-extracted/after_landing_4_9_en/icao9432-extracted::after_landing_4_9_en::203b53733da22603.json,after-landing-vacating,chunk-06-go-around-after-landing-aerodrome-info,phraseology,phraseology-later,monitor/report-only,,PHRASE-1
icao9432-extracted::after_landing_4_9_en::4a512226eec962cb,icao9432-extracted,after_landing_4_9_en,icao9432_aerodrome_phraseology_family,"Pilots should remain on tower frequency until the runway is vacated, unless otherwise advised.",should,operational_guidance,best_practice,review_only,review_only,"Unless otherwise advised, pilots should remain on tower frequency until the runway is vacated.",5868,5932,research/tools/requirements-spike/registry/ollama_first/candidates/icao9432-extracted/after_landing_4_9_en/icao9432-extracted::after_landing_4_9_en::4a512226eec962cb.json,after-landing-vacating,chunk-06-go-around-after-landing-aerodrome-info,policy,needs-policy-type,simEvidence,OperationalGuidancePolicy,POLICY-1
icao9432-extracted::after_landing_4_9_en::5d742dc66caa1790,icao9432-extracted,after_landing_4_9_en,icao9432_aerodrome_phraseology_family,"Controllers should not give taxi instructions to pilots until the landing roll is completed, unless absolutely necessary.",should,operational_guidance,best_practice,review_only,review_only,"Unless absolutely necessary, controllers should not give taxi instructions to pilots until the landing roll is completed.",5868,5932,research/tools/requirements-spike/registry/ollama_first/candidates/icao9432-extracted/after_landing_4_9_en/icao9432-extracted::after_landing_4_9_en::5d742dc66caa1790.json,after-landing-vacating,chunk-06-go-around-after-landing-aerodrome-info,policy,needs-policy-type,simEvidence,OperationalGuidancePolicy,POLICY-1
icao9432-extracted::after_landing_4_9_en::df25159c1e7b94a3,icao9432-extracted,after_landing_4_9_en,icao9432_aerodrome_phraseology_family,"Phraseology for vacating runway and taxiing involves controller instruction 'TAKE FIRST RIGHT WHEN VACATED' followed by frequency change, and pilot readback 'FIRST RIGHT, [Frequency] [Callsign]'.",example,operational_guidance,phraseology_rule,review_only,review_only,FASTAIR 345 TAKE FIRST RIGHT WHEN VACATED,5868,5932,research/tools/requirements-spike/registry/ollama_first/candidates/icao9432-extracted/after_landing_4_9_en/icao9432-extracted::after_landing_4_9_en::df25159c1e7b94a3.json,after-landing-vacating,chunk-06-go-around-after-landing-aerodrome-info,phraseology,phraseology-later,monitor/report-only,,PHRASE-1
icao9432-extracted::after_landing_4_9_en::e30350fdecad45a1,icao9432-extracted,after_landing_4_9_en,icao9432_aerodrome_phraseology_family,Phraseology for contacting ground control after vacating involves pilot stating 'RUNWAY VACATED' and controller issuing taxi instructions 'TAXI TO [Stand] VIA [Taxiway]'.,example,operational_guidance,phraseology_rule,review_only,review_only,GEORGETOWN GROUND FASTAIR 345,5868,5932,research/tools/requirements-spike/registry/ollama_first/candidates/icao9432-extracted/after_landing_4_9_en/icao9432-extracted::after_landing_4_9_en::e30350fdecad45a1.json,after-landing-vacating,chunk-06-go-around-after-landing-aerodrome-info,phraseology,phraseology-later,monitor/report-only,,PHRASE-1
icao9432-extracted::essential_aerodrome_information_4_10_en::01c0a4bc62b1e926,icao9432-extracted,essential_aerodrome_information_4_10_en,icao9432_aerodrome_phraseology_family,"Essential aerodrome information includes information regarding water on a runway, a taxiway or an apron.",none,operational_guidance,definition,review_only,review_only,"d) water on a runway, a taxiway or an apron;",5933,6011,research/tools/requirements-spike/registry/ollama_first/candidates/icao9432-extracted/essential_aerodrome_information_4_10_en/icao9432-extracted::essential_aerodrome_information_4_10_en::01c0a4bc62b1e926.json,essential-aerodrome-information,chunk-06-go-around-after-landing-aerodrome-info,information,needs-observation-fact,simEvidence,,FN43-GAP-1
icao9432-extracted::essential_aerodrome_information_4_10_en::1306eb5cc586df34,icao9432-extracted,essential_aerodrome_information_4_10_en,icao9432_aerodrome_phraseology_family,Essential aerodrome information may be omitted when it is known that the aircraft has received all or part of the information from other sources.,may,operational_guidance,rule,partially_executable,property_or_family_test,except when it is known that the aircraft has received all or part of the information from other sources,5933,6011,research/tools/requirements-spike/registry/ollama_first/candidates/icao9432-extracted/essential_aerodrome_information_4_10_en/icao9432-extracted::essential_aerodrome_information_4_10_en::1306eb5cc586df34.json,essential-aerodrome-information,chunk-06-go-around-after-landing-aerodrome-info,may,needs-observation-fact,simEvidence,,FN43-GAP-1
icao9432-extracted::essential_aerodrome_information_4_10_en::18288908932d5ee8,icao9432-extracted,essential_aerodrome_information_4_10_en,icao9432_aerodrome_phraseology_family,Essential aerodrome information is information regarding the movement area and its associated facilities which is necessary to ensure the safe operation of aircraft.,note,background_support,definition,review_only,review_only,Essential aerodrome information is information regarding the movement area and its associated facilities which is necessary to ensure the safe operation of aircraft.,5933,6011,research/tools/requirements-spike/registry/ollama_first/candidates/icao9432-extracted/essential_aerodrome_information_4_10_en/icao9432-extracted::essential_aerodrome_information_4_10_en::18288908932d5ee8.json,essential-aerodrome-information,chunk-06-go-around-after-landing-aerodrome-info,information,needs-observation-fact,simEvidence,,FN43-GAP-1
icao9432-extracted::essential_aerodrome_information_4_10_en::1aa5cb7e758055bc,icao9432-extracted,essential_aerodrome_information_4_10_en,icao9432_aerodrome_phraseology_family,Essential aerodrome information should be passed to aircraft whenever possible prior to start-up or taxi and prior to the commencement of final approach.,should,operational_guidance,workflow_constraint,partially_executable,property_or_family_test,Aerodrome information should be passed to aircraft whenever possible prior to start-up or taxi and prior to the commencement of final approach,5933,6011,research/tools/requirements-spike/registry/ollama_first/candidates/icao9432-extracted/essential_aerodrome_information_4_10_en/icao9432-extracted::essential_aerodrome_information_4_10_en::1aa5cb7e758055bc.json,essential-aerodrome-information,chunk-06-go-around-after-landing-aerodrome-info,policy,needs-observation-fact,simEvidence,ClearanceTimingPolicy,FN43-GAP-1
icao9432-extracted::essential_aerodrome_information_4_10_en::502221a46fcc2879,icao9432-extracted,essential_aerodrome_information_4_10_en,icao9432_aerodrome_phraseology_family,"Essential aerodrome information includes information regarding rough or broken surfaces on a runway, a taxiway or an apron, whether marked or not.",none,operational_guidance,definition,review_only,review_only,"b) rough or broken surfaces on a runway, a taxiway or an apron, whether marked or not;",5933,6011,research/tools/requirements-spike/registry/ollama_first/candidates/icao9432-extracted/essential_aerodrome_information_4_10_en/icao9432-extracted::essential_aerodrome_information_4_10_en::502221a46fcc2879.json,essential-aerodrome-information,chunk-06-go-around-after-landing-aerodrome-info,information,needs-observation-fact,simEvidence,,FN43-GAP-1
icao9432-extracted::essential_aerodrome_information_4_10_en::66196c8442372a96,icao9432-extracted,essential_aerodrome_information_4_10_en,icao9432_aerodrome_phraseology_family,"Essential aerodrome information includes information regarding construction or maintenance work on, or immediately adjacent to the movement area.",none,operational_guidance,definition,review_only,review_only,"a) construction or maintenance work on, or immediately adjacent to the movement area;",5933,6011,research/tools/requirements-spike/registry/ollama_first/candidates/icao9432-extracted/essential_aerodrome_information_4_10_en/icao9432-extracted::essential_aerodrome_information_4_10_en::66196c8442372a96.json,essential-aerodrome-information,chunk-06-go-around-after-landing-aerodrome-info,information,needs-observation-fact,simEvidence,,FN43-GAP-1
icao9432-extracted::essential_aerodrome_information_4_10_en::736cc42a00337fee,icao9432-extracted,essential_aerodrome_information_4_10_en,icao9432_aerodrome_phraseology_family,"Essential aerodrome information includes information regarding snow banks or drifts adjacent to a runway, a taxiway or an apron.",none,operational_guidance,definition,review_only,review_only,"e) snow banks or drifts adjacent to a runway, a taxiway or an apron;",5933,6011,research/tools/requirements-spike/registry/ollama_first/candidates/icao9432-extracted/essential_aerodrome_information_4_10_en/icao9432-extracted::essential_aerodrome_information_4_10_en::736cc42a00337fee.json,essential-aerodrome-information,chunk-06-go-around-after-landing-aerodrome-info,information,needs-observation-fact,simEvidence,,FN43-GAP-1
icao9432-extracted::essential_aerodrome_information_4_10_en::7b81f87f5c2b4d75,icao9432-extracted,essential_aerodrome_information_4_10_en,icao9432_aerodrome_phraseology_family,"Example phraseology for essential aerodrome information includes CAUTION messages for construction work and reports on lighting serviceability, hazards, and runway conditions.",example,operational_guidance,phraseology_rule,review_only,review_only,FASTAIR 345 CAUTION CONSTRUCTION WORK ADJACENT TO GATE 37,5933,6011,research/tools/requirements-spike/registry/ollama_first/candidates/icao9432-extracted/essential_aerodrome_information_4_10_en/icao9432-extracted::essential_aerodrome_information_4_10_en::7b81f87f5c2b4d75.json,essential-aerodrome-information,chunk-06-go-around-after-landing-aerodrome-info,phraseology,phraseology-later,monitor/report-only,,PHRASE-1
icao9432-extracted::essential_aerodrome_information_4_10_en::9b6c9dbc2af2b5b0,icao9432-extracted,essential_aerodrome_information_4_10_en,icao9432_aerodrome_phraseology_family,"Essential aerodrome information includes information regarding other temporary hazards, including parked aircraft and birds on the ground or in the air.",none,operational_guidance,definition,review_only,review_only,"f) other temporary hazards, including parked aircraft and birds on the ground or in the air;",5933,6011,research/tools/requirements-spike/registry/ollama_first/candidates/icao9432-extracted/essential_aerodrome_information_4_10_en/icao9432-extracted::essential_aerodrome_information_4_10_en::9b6c9dbc2af2b5b0.json,essential-aerodrome-information,chunk-06-go-around-after-landing-aerodrome-info,information,needs-observation-fact,simEvidence,,FN43-GAP-1
icao9432-extracted::essential_aerodrome_information_4_10_en::a531dea421075380,icao9432-extracted,essential_aerodrome_information_4_10_en,icao9432_aerodrome_phraseology_family,Essential aerodrome information includes information regarding failure or irregular operation of part or all of the aerodrome lighting systems.,none,operational_guidance,definition,review_only,review_only,g) failure or irregular operation of part or all of the aerodrome lighting systems;,5933,6011,research/tools/requirements-spike/registry/ollama_first/candidates/icao9432-extracted/essential_aerodrome_information_4_10_en/icao9432-extracted::essential_aerodrome_information_4_10_en::a531dea421075380.json,essential-aerodrome-information,chunk-06-go-around-after-landing-aerodrome-info,information,needs-observation-fact,simEvidence,,FN43-GAP-1
icao9432-extracted::essential_aerodrome_information_4_10_en::c874e24413f4cdee,icao9432-extracted,essential_aerodrome_information_4_10_en,icao9432_aerodrome_phraseology_family,"Essential aerodrome information includes information regarding snow, slush or ice on a runway, a taxiway or an apron.",none,operational_guidance,definition,review_only,review_only,"c) snow, slush or ice on a runway, a taxiway or an apron;",5933,6011,research/tools/requirements-spike/registry/ollama_first/candidates/icao9432-extracted/essential_aerodrome_information_4_10_en/icao9432-extracted::essential_aerodrome_information_4_10_en::c874e24413f4cdee.json,essential-aerodrome-information,chunk-06-go-around-after-landing-aerodrome-info,information,needs-observation-fact,simEvidence,,FN43-GAP-1
icao9432-extracted::essential_aerodrome_information_4_10_en::c92651071a9c009e,icao9432-extracted,essential_aerodrome_information_4_10_en,icao9432_aerodrome_phraseology_family,Essential aerodrome information includes information regarding any other pertinent information.,none,operational_guidance,definition,review_only,review_only,h) any other pertinent information.,5933,6011,research/tools/requirements-spike/registry/ollama_first/candidates/icao9432-extracted/essential_aerodrome_information_4_10_en/icao9432-extracted::essential_aerodrome_information_4_10_en::c92651071a9c009e.json,essential-aerodrome-information,chunk-06-go-around-after-landing-aerodrome-info,information,needs-observation-fact,simEvidence,,FN43-GAP-1
icao9432-extracted::go_around_4_8_en::43c33a8e74b02873,icao9432-extracted,go_around_4_8_en,icao9432_aerodrome_phraseology_family,"Unless instructions are issued to the contrary, an aircraft on an instrument approach will carry out the missed approach procedure.",shall,authoritative_requirement,rule,sim_executable,deterministic_test,"Unless instructions are issued to the contrary, an aircraft on an instrument approach will carry out the missed approach procedure",5796,5867,research/tools/requirements-spike/registry/ollama_first/candidates/icao9432-extracted/go_around_4_8_en/icao9432-extracted::go_around_4_8_en::43c33a8e74b02873.json,go-around-missed-approach,chunk-06-go-around-after-landing-aerodrome-info,must,testable-now,simEvidence,,
icao9432-extracted::go_around_4_8_en::6c8993a0519d5d64,icao9432-extracted,go_around_4_8_en,icao9432_aerodrome_phraseology_family,Any transmissions to aircraft going around should be brief and kept to a minimum.,should,operational_guidance,best_practice,review_only,review_only,Any transmissions to aircraft going around should be brief and kept to a minimum.,5796,5867,research/tools/requirements-spike/registry/ollama_first/candidates/icao9432-extracted/go_around_4_8_en/icao9432-extracted::go_around_4_8_en::6c8993a0519d5d64.json,go-around-missed-approach,chunk-06-go-around-after-landing-aerodrome-info,policy,needs-policy-type,simEvidence,OperationalGuidancePolicy,POLICY-1
icao9432-extracted::go_around_4_8_en::c3581d40a48406bb,icao9432-extracted,go_around_4_8_en,icao9432_aerodrome_phraseology_family,"Unless instructions are issued to the contrary, an aircraft operating VFR will continue in the normal traffic circuit.",shall,authoritative_requirement,rule,sim_executable,deterministic_test,and an aircraft operating VFR will continue in the normal traffic circuit.,5796,5867,research/tools/requirements-spike/registry/ollama_first/candidates/icao9432-extracted/go_around_4_8_en/icao9432-extracted::go_around_4_8_en::c3581d40a48406bb.json,go-around-missed-approach,chunk-06-go-around-after-landing-aerodrome-info,must,testable-now,simEvidence,,
icao9432-extracted::aerodrome_vehicles_crossing_towing_5_3_to_5_4_en::0b45b4a4dc2acc0c,icao9432-extracted,aerodrome_vehicles_crossing_towing_5_3_to_5_4_en,icao9432_aerodrome_vehicle_family,When a vehicle is moving on the movement area it may be necessary to inform the vehicle of a potentially dangerous situation and to instruct it to stop.,may,operational_guidance,workflow_constraint,partially_executable,property_or_family_test,When a vehicle is moving on the movement area it may be necessary to inform the vehicle of a potentially dangerous situation and to instruct it to stop.,6186,6347,research/tools/requirements-spike/registry/ollama_first/candidates/icao9432-extracted/aerodrome_vehicles_crossing_towing_5_3_to_5_4_en/icao9432-extracted::aerodrome_vehicles_crossing_towing_5_3_to_5_4_en::0b45b4a4dc2acc0c.json,vehicles-crossing-towing,chunk-07-vehicles-and-towing,may,needs-sim-model,expected-gap,,VEHICLE-1
icao9432-extracted::aerodrome_vehicles_crossing_towing_5_3_to_5_4_en::24f7b6a86407ef6f,icao9432-extracted,aerodrome_vehicles_crossing_towing_5_3_to_5_4_en,icao9432_aerodrome_vehicle_family,Under no circumstances shall a driver cross a runway unless positive permission has been given and acknowledged.,shall,authoritative_requirement,rule,sim_executable,deterministic_test,Under no circumstances shall a driver cross a runway unless positive permission has been given and acknowledged.,6186,6347,research/tools/requirements-spike/registry/ollama_first/candidates/icao9432-extracted/aerodrome_vehicles_crossing_towing_5_3_to_5_4_en/icao9432-extracted::aerodrome_vehicles_crossing_towing_5_3_to_5_4_en::24f7b6a86407ef6f.json,vehicles-crossing-towing,chunk-07-vehicles-and-towing,must,needs-sim-model,expected-gap,,VEHICLE-1
icao9432-extracted::aerodrome_vehicles_crossing_towing_5_3_to_5_4_en::29be4b26bb851605,icao9432-extracted,aerodrome_vehicles_crossing_towing_5_3_to_5_4_en,icao9432_aerodrome_vehicle_family,Drivers of vehicles required to tow aircraft should not assume that the receiving station is aware that an aircraft is to be towed.,should,operational_guidance,best_practice,partially_executable,property_or_family_test,Drivers of vehicles required to tow aircraft should not assume that the receiving station is aware that an aircraft is to be towed.,6186,6347,research/tools/requirements-spike/registry/ollama_first/candidates/icao9432-extracted/aerodrome_vehicles_crossing_towing_5_3_to_5_4_en/icao9432-extracted::aerodrome_vehicles_crossing_towing_5_3_to_5_4_en::29be4b26bb851605.json,vehicles-crossing-towing,chunk-07-vehicles-and-towing,policy,needs-sim-model,expected-gap,OperationalGuidancePolicy,VEHICLE-1
icao9432-extracted::aerodrome_vehicles_crossing_towing_5_3_to_5_4_en::331c1cfc98ead868,icao9432-extracted,aerodrome_vehicles_crossing_towing_5_3_to_5_4_en,icao9432_aerodrome_vehicle_family,"If a vehicle is operating on the runway, it shall be instructed to leave the runway when it is expected that an aircraft will be landing or taking off.",shall,authoritative_requirement,rule,sim_executable,deterministic_test,"If a vehicle is operating on the runway, it shall be instructed to leave the runway when it is expected that an aircraft will be landing or taking off.",6186,6347,research/tools/requirements-spike/registry/ollama_first/candidates/icao9432-extracted/aerodrome_vehicles_crossing_towing_5_3_to_5_4_en/icao9432-extracted::aerodrome_vehicles_crossing_towing_5_3_to_5_4_en::331c1cfc98ead868.json,vehicles-crossing-towing,chunk-07-vehicles-and-towing,must,needs-sim-model,expected-gap,,VEHICLE-1
icao9432-extracted::aerodrome_vehicles_crossing_towing_5_3_to_5_4_en::4b103081585bfb71,icao9432-extracted,aerodrome_vehicles_crossing_towing_5_3_to_5_4_en,icao9432_aerodrome_vehicle_family,"Drivers should state the type, and where applicable the operator, of the aircraft to be towed.",should,operational_guidance,best_practice,partially_executable,property_or_family_test,"drivers should state the type, and where applicable the operator, of the aircraft to be towed.",6186,6347,research/tools/requirements-spike/registry/ollama_first/candidates/icao9432-extracted/aerodrome_vehicles_crossing_towing_5_3_to_5_4_en/icao9432-extracted::aerodrome_vehicles_crossing_towing_5_3_to_5_4_en::4b103081585bfb71.json,vehicles-crossing-towing,chunk-07-vehicles-and-towing,policy,needs-sim-model,expected-gap,OperationalGuidancePolicy,VEHICLE-1
icao9432-extracted::aerodrome_vehicles_crossing_towing_5_3_to_5_4_en::735b3e9ada06105b,icao9432-extracted,aerodrome_vehicles_crossing_towing_5_3_to_5_4_en,icao9432_aerodrome_vehicle_family,"A runway vacated report shall not be made until the vehicle (and tow) is clear of the designated runway area, beyond the holding point.",shall,authoritative_requirement,rule,sim_executable,deterministic_test,"A runway vacated report shall not be made until the vehicle (and tow) is clear of the designated runway area, beyond the holding point.",6186,6347,research/tools/requirements-spike/registry/ollama_first/candidates/icao9432-extracted/aerodrome_vehicles_crossing_towing_5_3_to_5_4_en/icao9432-extracted::aerodrome_vehicles_crossing_towing_5_3_to_5_4_en::735b3e9ada06105b.json,vehicles-crossing-towing,chunk-07-vehicles-and-towing,must-not,needs-sim-model,expected-gap,,VEHICLE-1
icao9432-extracted::aerodrome_vehicles_intro_movement_5_1_to_5_2_en::122426242abf3225,icao9432-extracted,aerodrome_vehicles_intro_movement_5_1_to_5_2_en,icao9432_aerodrome_vehicle_family,"When vehicles are operating in close proximity to aircraft, drivers should be extremely vigilant and comply in full with local procedures and ATC instructions.",should,operational_guidance,best_practice,review_only,review_only,drivers should be extremely vigilant and comply in full with local procedures and ATC instructions,6012,6185,research/tools/requirements-spike/registry/ollama_first/candidates/icao9432-extracted/aerodrome_vehicles_intro_movement_5_1_to_5_2_en/icao9432-extracted::aerodrome_vehicles_intro_movement_5_1_to_5_2_en::122426242abf3225.json,vehicles-ground-movement,chunk-07-vehicles-and-towing,policy,needs-sim-model,expected-gap,OperationalGuidancePolicy,VEHICLE-1
icao9432-extracted::aerodrome_vehicles_intro_movement_5_1_to_5_2_en::6061311019d039c7,icao9432-extracted,aerodrome_vehicles_intro_movement_5_1_to_5_2_en,icao9432_aerodrome_vehicle_family,"When the controller replies 'HOLD POSITION', the driver shall not proceed until the controller calls back with permission.",shall,authoritative_requirement,rule,sim_executable,deterministic_test,the driver shall not proceed until the controller calls back with permission.,6012,6185,research/tools/requirements-spike/registry/ollama_first/candidates/icao9432-extracted/aerodrome_vehicles_intro_movement_5_1_to_5_2_en/icao9432-extracted::aerodrome_vehicles_intro_movement_5_1_to_5_2_en::6061311019d039c7.json,vehicles-ground-movement,chunk-07-vehicles-and-towing,must-not,needs-sim-model,expected-gap,,VEHICLE-1
icao9432-extracted::aerodrome_vehicles_intro_movement_5_1_to_5_2_en::606d053954eff037,icao9432-extracted,aerodrome_vehicles_intro_movement_5_1_to_5_2_en,icao9432_aerodrome_vehicle_family,Permission to proceed on the apron may include instructions regarding other traffic necessary to ensure safe operations.,may,operational_guidance,rule,partially_executable,property_or_family_test,Permission to proceed on the apron may include such instructions regarding other traffic as are necessary to ensure safe operations.,6012,6185,research/tools/requirements-spike/registry/ollama_first/candidates/icao9432-extracted/aerodrome_vehicles_intro_movement_5_1_to_5_2_en/icao9432-extracted::aerodrome_vehicles_intro_movement_5_1_to_5_2_en::606d053954eff037.json,vehicles-ground-movement,chunk-07-vehicles-and-towing,may,needs-sim-model,expected-gap,,VEHICLE-1
icao9432-extracted::aerodrome_vehicles_intro_movement_5_1_to_5_2_en::7759017903acf140,icao9432-extracted,aerodrome_vehicles_intro_movement_5_1_to_5_2_en,icao9432_aerodrome_vehicle_family,"Drivers on first-call should identify themselves by their vehicle call sign, state their position and intended destination and, when possible, the required route.",should,operational_guidance,phraseology_rule,sim_executable,deterministic_test,"Drivers on first-call should identify themselves by their vehicle call sign, state their position and intended destination and, when possible, the required route.",6012,6185,research/tools/requirements-spike/registry/ollama_first/candidates/icao9432-extracted/aerodrome_vehicles_intro_movement_5_1_to_5_2_en/icao9432-extracted::aerodrome_vehicles_intro_movement_5_1_to_5_2_en::7759017903acf140.json,vehicles-ground-movement,chunk-07-vehicles-and-towing,phraseology,phraseology-later,monitor/report-only,,PHRASE-1
icao9432-extracted::aerodrome_vehicles_intro_movement_5_1_to_5_2_en::84c61b2ef1f12ad5,icao9432-extracted,aerodrome_vehicles_intro_movement_5_1_to_5_2_en,icao9432_aerodrome_vehicle_family,"If the defined point is not the intended destination, drivers must stop at this point and request permission before proceeding further.",must,authoritative_requirement,workflow_constraint,sim_executable,deterministic_test,drivers must stop at this point and request permission before proceeding further.,6012,6185,research/tools/requirements-spike/registry/ollama_first/candidates/icao9432-extracted/aerodrome_vehicles_intro_movement_5_1_to_5_2_en/icao9432-extracted::aerodrome_vehicles_intro_movement_5_1_to_5_2_en::84c61b2ef1f12ad5.json,vehicles-ground-movement,chunk-07-vehicles-and-towing,must,needs-sim-model,expected-gap,,VEHICLE-1
icao9432-extracted::aerodrome_vehicles_intro_movement_5_1_to_5_2_en::ed59ee805ff7fe77,icao9432-extracted,aerodrome_vehicles_intro_movement_5_1_to_5_2_en,icao9432_aerodrome_vehicle_family,"When a controller replies 'standby', the driver shall not proceed until permission is given.",shall,authoritative_requirement,rule,sim_executable,deterministic_test,The driver shall not proceed until permission is given.,6012,6185,research/tools/requirements-spike/registry/ollama_first/candidates/icao9432-extracted/aerodrome_vehicles_intro_movement_5_1_to_5_2_en/icao9432-extracted::aerodrome_vehicles_intro_movement_5_1_to_5_2_en::ed59ee805ff7fe77.json,vehicles-ground-movement,chunk-07-vehicles-and-towing,must-not,needs-sim-model,expected-gap,,VEHICLE-1
icao9432-extracted::communications_failure_9_5_en::045c2e33f59f5ede,icao9432-extracted,communications_failure_9_5_en,icao9432_emergency_phraseology_family,"During this procedure, the aircraft shall also advise the time of its next intended transmission.",shall,operational_guidance,rule,sim_executable,deterministic_test,"During this procedure, the aircraft shall also advise the time of its next intended transmission.",9158,9252,research/tools/requirements-spike/registry/ollama_first/candidates/icao9432-extracted/communications_failure_9_5_en/icao9432-extracted::communications_failure_9_5_en::045c2e33f59f5ede.json,communications-failure,chunk-08-distress-urgency-comms-failure,must,needs-sim-model,expected-gap,,EMERGENCY-1
icao9432-extracted::communications_failure_9_5_en::24c806b040f4ef5e,icao9432-extracted,communications_failure_9_5_en,icao9432_emergency_phraseology_family,"When an aeronautical station has been unable to establish contact with an aircraft after calls on the frequencies on which the aircraft is believed to be listening, it shall request other aeronautical stations to render assistance by calling the aircraft and relaying traffic, if necessary.",shall,operational_guidance,rule,sim_executable,deterministic_test,"a) request other aeronautical stations to render assistance by calling the aircraft and relaying traffic, if necessary;",9158,9252,research/tools/requirements-spike/registry/ollama_first/candidates/icao9432-extracted/communications_failure_9_5_en/icao9432-extracted::communications_failure_9_5_en::24c806b040f4ef5e.json,communications-failure,chunk-08-distress-urgency-comms-failure,policy,needs-sim-model,expected-gap,ControllerInterventionPolicy,EMERGENCY-1
icao9432-extracted::communications_failure_9_5_en::75055714e70d4560,icao9432-extracted,communications_failure_9_5_en,icao9432_emergency_phraseology_family,"If the attempts specified in 9.5.6 fail, the aeronautical station should transmit messages addressed to the aircraft, other than messages containing air traffic control clearances, by blind transmission on the frequency(ies) on which the aircraft is believed to be listening.",should,operational_guidance,rule,sim_executable,deterministic_test,"If the attempts specified in 9.5.6 fail, the aeronautical station should transmit messages addressed to the aircraft, other than messages containing air traffic control clearances, by blind transmission on the frequency(ies) on which the ai",9158,9252,research/tools/requirements-spike/registry/ollama_first/candidates/icao9432-extracted/communications_failure_9_5_en/icao9432-extracted::communications_failure_9_5_en::75055714e70d4560.json,communications-failure,chunk-08-distress-urgency-comms-failure,policy,needs-sim-model,expected-gap,ClearanceTimingPolicy,EMERGENCY-1
icao9432-extracted::communications_failure_9_5_en::78c73a75fab644f4,icao9432-extracted,communications_failure_9_5_en,icao9432_emergency_phraseology_family,"When an aircraft is unable to establish communication due to receiver failure, it shall transmit reports at the scheduled times, or positions, on the frequency in use, preceded by the phrase ""TRANSMITTING BLIND DUE RECEIVER FAILURE"".",shall,operational_guidance,phraseology_rule,sim_executable,deterministic_test,"When an aircraft is unable to establish communication due to receiver failure, it shall transmit reports at the scheduled times, or positions, on the frequency in use, preceded by the phrase ""TRANSMITTING BLIND DUE RECEIVER FAILURE"".",9158,9252,research/tools/requirements-spike/registry/ollama_first/candidates/icao9432-extracted/communications_failure_9_5_en/icao9432-extracted::communications_failure_9_5_en::78c73a75fab644f4.json,communications-failure,chunk-08-distress-urgency-comms-failure,phraseology,phraseology-later,monitor/report-only,,PHRASE-1
icao9432-extracted::communications_failure_9_5_en::7900c606e05e509b,icao9432-extracted,communications_failure_9_5_en,icao9432_emergency_phraseology_family,"An aircraft which is provided with air traffic control or advisory service shall, in addition to complying with 9.5.3, transmit information regarding the intention of the pilot-in-command with respect to the continuation of the flight of the aircraft.",shall,operational_guidance,rule,sim_executable,deterministic_test,"An aircraft which is provided with air traffic control or advisory service shall, in addition to complying with 9.5.3, transmit information regarding the intention of the pilot-in-command with respect to the continuation of the flight of th",9158,9252,research/tools/requirements-spike/registry/ollama_first/candidates/icao9432-extracted/communications_failure_9_5_en/icao9432-extracted::communications_failure_9_5_en::7900c606e05e509b.json,communications-failure,chunk-08-distress-urgency-comms-failure,must,needs-sim-model,expected-gap,,EMERGENCY-1
icao9432-extracted::communications_failure_9_5_en::91e7d233bf3b64ff,icao9432-extracted,communications_failure_9_5_en,icao9432_emergency_phraseology_family,"When an aircraft is unable to establish communication due to airborne equipment failure, it shall, if so equipped, select the appropriate SSR code to indicate radio failure (7600).",shall,operational_guidance,rule,sim_executable,deterministic_test,"When an aircraft is unable to establish communication due to airborne equipment failure, it shall, if so equipped, select the appropriate SSR code to indicate radio failure (7600).",9158,9252,research/tools/requirements-spike/registry/ollama_first/candidates/icao9432-extracted/communications_failure_9_5_en/icao9432-extracted::communications_failure_9_5_en::91e7d233bf3b64ff.json,communications-failure,chunk-08-distress-urgency-comms-failure,must,needs-sim-model,expected-gap,,EMERGENCY-1
icao9432-extracted::communications_failure_9_5_en::975a63151706f68f,icao9432-extracted,communications_failure_9_5_en,icao9432_emergency_phraseology_family,"The aircraft shall transmit the intended message, following this by a complete repetition.",shall,operational_guidance,rule,sim_executable,deterministic_test,"The aircraft shall transmit the intended message, following this by a complete repetition.",9158,9252,research/tools/requirements-spike/registry/ollama_first/candidates/icao9432-extracted/communications_failure_9_5_en/icao9432-extracted::communications_failure_9_5_en::975a63151706f68f.json,communications-failure,chunk-08-distress-urgency-comms-failure,must,needs-sim-model,expected-gap,,EMERGENCY-1
icao9432-extracted::communications_failure_9_5_en::abbc376a430003b0,icao9432-extracted,communications_failure_9_5_en,icao9432_emergency_phraseology_family,"When transmitting blind, the aircraft may include the addressee(s) for which the message is intended if necessary.",may,operational_guidance,phraseology_rule,sim_executable,deterministic_test,"and, if necessary, include the addressee(s) for which the message is intended.",9158,9252,research/tools/requirements-spike/registry/ollama_first/candidates/icao9432-extracted/communications_failure_9_5_en/icao9432-extracted::communications_failure_9_5_en::abbc376a430003b0.json,communications-failure,chunk-08-distress-urgency-comms-failure,phraseology,phraseology-later,monitor/report-only,,PHRASE-1
icao9432-extracted::communications_failure_9_5_en::b73dda299970c2f3,icao9432-extracted,communications_failure_9_5_en,icao9432_emergency_phraseology_family,"Blind transmission of air traffic control clearances shall not be made to aircraft, except at the specific request of the originator.",shall,operational_guidance,rule,sim_executable,deterministic_test,"Blind transmission of air traffic control clearances shall not be made to aircraft, except at the specific request of the originator.",9158,9252,research/tools/requirements-spike/registry/ollama_first/candidates/icao9432-extracted/communications_failure_9_5_en/icao9432-extracted::communications_failure_9_5_en::b73dda299970c2f3.json,communications-failure,chunk-08-distress-urgency-comms-failure,must-not,needs-sim-model,expected-gap,,EMERGENCY-1
icao9432-extracted::communications_failure_9_5_en::bb66a050093251c2,icao9432-extracted,communications_failure_9_5_en,icao9432_emergency_phraseology_family,"When an aeronautical station has been unable to establish contact with an aircraft after calls on the frequencies on which the aircraft is believed to be listening, it shall request aircraft on the route to attempt to establish communication with the aircraft and relay messages, if necessary.",shall,operational_guidance,rule,sim_executable,deterministic_test,"b) request aircraft on the route to attempt to establish communication with the aircraft and relay messages, if necessary.",9158,9252,research/tools/requirements-spike/registry/ollama_first/candidates/icao9432-extracted/communications_failure_9_5_en/icao9432-extracted::communications_failure_9_5_en::bb66a050093251c2.json,communications-failure,chunk-08-distress-urgency-comms-failure,policy,needs-sim-model,expected-gap,ControllerInterventionPolicy,EMERGENCY-1
icao9432-extracted::communications_failure_9_5_en::bc9bb12804033b07,icao9432-extracted,communications_failure_9_5_en,icao9432_emergency_phraseology_family,"If the attempts specified under 9.5.1 fail, the aircraft shall transmit its message twice on the designated frequency(ies), preceded by the phrase ""TRANSMITTING BLIND"".",shall,operational_guidance,phraseology_rule,sim_executable,deterministic_test,"If the attempts specified under 9.5.1 fail, the aircraft shall transmit its message twice on the designated frequency(ies), preceded by the phrase ""TRANSMITTING BLIND""",9158,9252,research/tools/requirements-spike/registry/ollama_first/candidates/icao9432-extracted/communications_failure_9_5_en/icao9432-extracted::communications_failure_9_5_en::bc9bb12804033b07.json,communications-failure,chunk-08-distress-urgency-comms-failure,phraseology,phraseology-later,monitor/report-only,,PHRASE-1
icao9432-extracted::communications_failure_9_5_en::c1c14fab53a608c6,icao9432-extracted,communications_failure_9_5_en,icao9432_emergency_phraseology_family,"General rules that are applicable in the event of communications failure are contained in Annex 10,Volume II.",note,background_support,definition,review_only,review_only,"Note.– General rules that are applicable in the event of communications failure are contained in Annex 10,Volume II.",9158,9252,research/tools/requirements-spike/registry/ollama_first/candidates/icao9432-extracted/communications_failure_9_5_en/icao9432-extracted::communications_failure_9_5_en::c1c14fab53a608c6.json,communications-failure,chunk-08-distress-urgency-comms-failure,must,needs-sim-model,expected-gap,,EMERGENCY-1
icao9432-extracted::communications_failure_9_5_en::f05016444e2b8808,icao9432-extracted,communications_failure_9_5_en,icao9432_emergency_phraseology_family,"When an aircraft station fails to establish contact with the aeronautical station on the designated frequency, it shall attempt to establish contact on another frequency appropriate to the route.",shall,operational_guidance,rule,sim_executable,deterministic_test,"When an aircraft station fails to establish contact with the aeronautical station on the designated frequency, it shall attempt to establish contact on another frequency appropriate to the route.",9158,9252,research/tools/requirements-spike/registry/ollama_first/candidates/icao9432-extracted/communications_failure_9_5_en/icao9432-extracted::communications_failure_9_5_en::f05016444e2b8808.json,communications-failure,chunk-08-distress-urgency-comms-failure,must,needs-sim-model,expected-gap,,EMERGENCY-1
icao9432-extracted::communications_failure_9_5_en::fcb3a49672165b4f,icao9432-extracted,communications_failure_9_5_en,icao9432_emergency_phraseology_family,"If this attempt fails, the aircraft shall attempt to establish communication with other aircraft or other aeronautical stations on frequencies appropriate to the route.",shall,operational_guidance,rule,sim_executable,deterministic_test,"If this attempt fails, the aircraft shall attempt to establish communication with other aircraft or other aeronautical stations on frequencies appropriate to the route.",9158,9252,research/tools/requirements-spike/registry/ollama_first/candidates/icao9432-extracted/communications_failure_9_5_en/icao9432-extracted::communications_failure_9_5_en::fcb3a49672165b4f.json,communications-failure,chunk-08-distress-urgency-comms-failure,must,needs-sim-model,expected-gap,,EMERGENCY-1
icao9432-extracted::distress_messages_9_2_en::23c9f447cd6c7814,icao9432-extracted,distress_messages_9_2_en,icao9432_emergency_phraseology_family,"A distress message should contain as many as possible of the following elements, and, if possible, in the order shown: name of the station addressed, identification of the aircraft, nature of the distress condition, intention of the person in command, position, level and heading of the aircraft, and any other useful information.",should,operational_guidance,phraseology_rule,review_only,review_only,"A distress message should contain as many as possible of the following elements, and, if possible, in the order shown:",8809,8993,research/tools/requirements-spike/registry/ollama_first/candidates/icao9432-extracted/distress_messages_9_2_en/icao9432-extracted::distress_messages_9_2_en::23c9f447cd6c7814.json,distress-urgency,chunk-08-distress-urgency-comms-failure,phraseology,phraseology-later,monitor/report-only,,PHRASE-1
icao9432-extracted::distress_messages_9_2_en::27a450fa3bfcbc0a,icao9432-extracted,distress_messages_9_2_en,icao9432_emergency_phraseology_family,The station addressed in a distress message will normally be the station communicating with the aircraft or the station in whose area of responsibility the aircraft is operating.,should,operational_guidance,advisory_only,review_only,review_only,The station addressed will normally be the station communicating with the aircraft or the station in whose area of responsibility the aircraft is operating.,8809,8993,research/tools/requirements-spike/registry/ollama_first/candidates/icao9432-extracted/distress_messages_9_2_en/icao9432-extracted::distress_messages_9_2_en::27a450fa3bfcbc0a.json,distress-urgency,chunk-08-distress-urgency-comms-failure,policy,needs-sim-model,expected-gap,OperationalGuidancePolicy,EMERGENCY-1
icao9432-extracted::distress_messages_9_2_en::4b37e039e7eb8afa,icao9432-extracted,distress_messages_9_2_en,icao9432_emergency_phraseology_family,"Aircraft in distress may use any means at their disposal to attract attention and make known their condition, including the activation of SSR code 7700. Stations may use any means to assist an aircraft in distress.",may,operational_guidance,advisory_only,review_only,review_only,"These provisions are not intended to prevent the aircraft from using any means at its disposal to attract attention and make known its condition (including the activation of the appropriate SSR code, 7700), nor any station from using any me",8809,8993,research/tools/requirements-spike/registry/ollama_first/candidates/icao9432-extracted/distress_messages_9_2_en/icao9432-extracted::distress_messages_9_2_en::4b37e039e7eb8afa.json,distress-urgency,chunk-08-distress-urgency-comms-failure,may,needs-sim-model,expected-gap,,EMERGENCY-1
icao9432-extracted::distress_messages_9_2_en::94e94be0c800c982,icao9432-extracted,distress_messages_9_2_en,icao9432_emergency_phraseology_family,"Variation on the elements listed under 9.2.1.1 is permissible when the transmitting station is not itself in distress, provided that such a circumstance is clearly stated.",may,operational_guidance,best_practice,review_only,review_only,"Variation on the elements lised under 9.2.1.1 is permissible when the transmitting station is not itself in distress, provided that such a circumstance is clearly stated.",8809,8993,research/tools/requirements-spike/registry/ollama_first/candidates/icao9432-extracted/distress_messages_9_2_en/icao9432-extracted::distress_messages_9_2_en::94e94be0c800c982.json,distress-urgency,chunk-08-distress-urgency-comms-failure,policy,needs-sim-model,expected-gap,OperationalGuidancePolicy,EMERGENCY-1
icao9432-extracted::distress_messages_9_2_en::c20024dad1b7144e,icao9432-extracted,distress_messages_9_2_en,icao9432_emergency_phraseology_family,"When the ground station controlling the distress traffic is aware that the aircraft is no longer in distress, it shall terminate the distress communication and silence condition.",shall,operational_guidance,rule,review_only,review_only,When the ground station controlling the distress traffic is aware that the aircraft is no longer in distress it shall terminate the distress communication and silence condition.,8809,8993,research/tools/requirements-spike/registry/ollama_first/candidates/icao9432-extracted/distress_messages_9_2_en/icao9432-extracted::distress_messages_9_2_en::c20024dad1b7144e.json,distress-urgency,chunk-08-distress-urgency-comms-failure,must,needs-sim-model,expected-gap,,EMERGENCY-1
icao9432-extracted::distress_messages_9_2_en::e2902de496f43a95,icao9432-extracted,distress_messages_9_2_en,icao9432_emergency_phraseology_family,"An aircraft in distress or a station in control of distress traffic may impose silence, either on all aircraft on the frequency or on a particular aircraft which interferes with the distress traffic.",may,operational_guidance,rule,review_only,review_only,"An aircraft in distress or a station in control of distress traffic may impose silence, either on all aircraft on the frequency or on a particular aircraft which interferes with the distress traffic.",8809,8993,research/tools/requirements-spike/registry/ollama_first/candidates/icao9432-extracted/distress_messages_9_2_en/icao9432-extracted::distress_messages_9_2_en::e2902de496f43a95.json,distress-urgency,chunk-08-distress-urgency-comms-failure,may,needs-sim-model,expected-gap,,EMERGENCY-1
icao9432-extracted::distress_messages_9_2_en::ed898005cd1a4da5,icao9432-extracted,distress_messages_9_2_en,icao9432_emergency_phraseology_family,Aircraft requested to maintain radio silence shall maintain it until advised that the distress traffic has ended.,shall,operational_guidance,advisory_procedure,review_only,review_only,Aircraft so requested will maintain radio silence until advised that the distress traffic has ended.,8809,8993,research/tools/requirements-spike/registry/ollama_first/candidates/icao9432-extracted/distress_messages_9_2_en/icao9432-extracted::distress_messages_9_2_en::ed898005cd1a4da5.json,distress-urgency,chunk-08-distress-urgency-comms-failure,must,needs-sim-model,expected-gap,,EMERGENCY-1
icao9432-extracted::distress_messages_9_2_en::f0e99a4c08ea0cb3,icao9432-extracted,distress_messages_9_2_en,icao9432_emergency_phraseology_family,A distress message should contain elements in the order shown in section 9.2.1.1 if possible.,should,operational_guidance,phraseology_rule,review_only,review_only,"and, if possible, in the order shown:",8809,8993,research/tools/requirements-spike/registry/ollama_first/candidates/icao9432-extracted/distress_messages_9_2_en/icao9432-extracted::distress_messages_9_2_en::f0e99a4c08ea0cb3.json,distress-urgency,chunk-08-distress-urgency-comms-failure,phraseology,phraseology-later,monitor/report-only,,PHRASE-1
icao9432-extracted::distress_urgency_intro_9_1_en::06f7a72397c325ac,icao9432-extracted,distress_urgency_intro_9_1_en,icao9432_emergency_phraseology_family,Superfluous transmissions may be distracting at a time when the pilot's hands are already full.,note,background_support,best_practice,review_only,review_only,Superfluous transmissions may be distracting at a time when the pilot's hands are already full.,8686,8808,research/tools/requirements-spike/registry/ollama_first/candidates/icao9432-extracted/distress_urgency_intro_9_1_en/icao9432-extracted::distress_urgency_intro_9_1_en::06f7a72397c325ac.json,distress-urgency,chunk-08-distress-urgency-comms-failure,policy,needs-sim-model,expected-gap,OperationalGuidancePolicy,EMERGENCY-1
icao9432-extracted::distress_urgency_intro_9_1_en::13d1c2accd0f7a73,icao9432-extracted,distress_urgency_intro_9_1_en,icao9432_emergency_phraseology_family,Pilots making distress or urgency calls should attempt to speak slowly and distinctly so as to avoid any unnecessary repetition.,should,operational_guidance,best_practice,partially_executable,exploratory_probe,Pilots making distress or urgency calls should attempt to speak slowly and distinctly so as to avoid any unnecessary repetition.,8686,8808,research/tools/requirements-spike/registry/ollama_first/candidates/icao9432-extracted/distress_urgency_intro_9_1_en/icao9432-extracted::distress_urgency_intro_9_1_en::13d1c2accd0f7a73.json,distress-urgency,chunk-08-distress-urgency-comms-failure,must-not,needs-sim-model,expected-gap,,EMERGENCY-1
icao9432-extracted::distress_urgency_intro_9_1_en::1a20cd48e58a5693,icao9432-extracted,distress_urgency_intro_9_1_en,icao9432_emergency_phraseology_family,Urgency messages have priority over all transmissions except distress messages.,shall,authoritative_requirement,rule,sim_executable,deterministic_test,urgency messages have priority over all transmissions except distress messages.,8686,8808,research/tools/requirements-spike/registry/ollama_first/candidates/icao9432-extracted/distress_urgency_intro_9_1_en/icao9432-extracted::distress_urgency_intro_9_1_en::1a20cd48e58a5693.json,distress-urgency,chunk-08-distress-urgency-comms-failure,must,needs-sim-model,expected-gap,,EMERGENCY-1
icao9432-extracted::distress_urgency_intro_9_1_en::24f94381ed9e8ce1,icao9432-extracted,distress_urgency_intro_9_1_en,icao9432_emergency_phraseology_family,Distress communications should be continued on the current frequency until it is considered that better assistance can be provided by changing to another frequency.,should,operational_guidance,workflow_constraint,sim_executable,deterministic_test,Distress communications should be continued on this frequency until it is considered that better assistance can be provided by changing to another frequency.,8686,8808,research/tools/requirements-spike/registry/ollama_first/candidates/icao9432-extracted/distress_urgency_intro_9_1_en/icao9432-extracted::distress_urgency_intro_9_1_en::24f94381ed9e8ce1.json,distress-urgency,chunk-08-distress-urgency-comms-failure,policy,needs-sim-model,expected-gap,OperationalGuidancePolicy,EMERGENCY-1
icao9432-extracted::distress_urgency_intro_9_1_en::2fee92c222323e6a,icao9432-extracted,distress_urgency_intro_9_1_en,icao9432_emergency_phraseology_family,"Provisions are not intended to prevent the use of any other communications frequency if considered necessary or desirable, including maritime mobile service RTF calling frequencies.",may,operational_guidance,rule,sim_executable,deterministic_test,"These provisions are not intended to prevent the use of any other communications frequency if considered necessary or desirable, including the maritime mobile service RTF calling frequencies.",8686,8808,research/tools/requirements-spike/registry/ollama_first/candidates/icao9432-extracted/distress_urgency_intro_9_1_en/icao9432-extracted::distress_urgency_intro_9_1_en::2fee92c222323e6a.json,distress-urgency,chunk-08-distress-urgency-comms-failure,may,needs-sim-model,expected-gap,,EMERGENCY-1
icao9432-extracted::distress_urgency_intro_9_1_en::3b1079aa56df2ce6,icao9432-extracted,distress_urgency_intro_9_1_en,icao9432_emergency_phraseology_family,Distress messages have priority over all other transmissions.,shall,authoritative_requirement,rule,sim_executable,deterministic_test,Distress messages have priority over all other transmissions,8686,8808,research/tools/requirements-spike/registry/ollama_first/candidates/icao9432-extracted/distress_urgency_intro_9_1_en/icao9432-extracted::distress_urgency_intro_9_1_en::3b1079aa56df2ce6.json,distress-urgency,chunk-08-distress-urgency-comms-failure,must,needs-sim-model,expected-gap,,EMERGENCY-1
icao9432-extracted::distress_urgency_intro_9_1_en::7d35c042421b5b03,icao9432-extracted,distress_urgency_intro_9_1_en,icao9432_emergency_phraseology_family,"Aeronautical stations shall refrain from further use of a frequency on which distress or urgency traffic is heard, unless directly involved in rendering assistance or until after the emergency traffic has been terminated.",shall,authoritative_requirement,rule,sim_executable,deterministic_test,"Aeronautical stations shall refrain from further use of a frequency on which distress or urgency traffic is heard, unless directly involved in rendering assistance or until after the emergency traffic has been terminated.",8686,8808,research/tools/requirements-spike/registry/ollama_first/candidates/icao9432-extracted/distress_urgency_intro_9_1_en/icao9432-extracted::distress_urgency_intro_9_1_en::7d35c042421b5b03.json,distress-urgency,chunk-08-distress-urgency-comms-failure,must,needs-sim-model,expected-gap,,EMERGENCY-1
icao9432-extracted::distress_urgency_intro_9_1_en::82ee7048517d8478,icao9432-extracted,distress_urgency_intro_9_1_en,icao9432_emergency_phraseology_family,"A station replying (or originating a reply) to an aircraft in distress or urgency should provide such advice, information and instructions as is necessary to assist the pilot.",should,operational_guidance,rule,partially_executable,exploratory_probe,"A station replying (or originating a reply) to an aircraft in distress or urgency should provide such advice, information and instructions as is necessary to assist the pilot.",8686,8808,research/tools/requirements-spike/registry/ollama_first/candidates/icao9432-extracted/distress_urgency_intro_9_1_en/icao9432-extracted::distress_urgency_intro_9_1_en::82ee7048517d8478.json,distress-urgency,chunk-08-distress-urgency-comms-failure,policy,needs-sim-model,expected-gap,OperationalGuidancePolicy,EMERGENCY-1
icao9432-extracted::distress_urgency_intro_9_1_en::87b67820c6092a98,icao9432-extracted,distress_urgency_intro_9_1_en,icao9432_emergency_phraseology_family,Pilots should seek assistance whenever there is any doubt as to the safety of a flight.,should,operational_guidance,best_practice,partially_executable,exploratory_probe,Pilots should seek assistance whenever there is any doubt as to the safety of a flight.,8686,8808,research/tools/requirements-spike/registry/ollama_first/candidates/icao9432-extracted/distress_urgency_intro_9_1_en/icao9432-extracted::distress_urgency_intro_9_1_en::87b67820c6092a98.json,distress-urgency,chunk-08-distress-urgency-comms-failure,policy,needs-sim-model,expected-gap,OperationalGuidancePolicy,EMERGENCY-1
icao9432-extracted::distress_urgency_intro_9_1_en::8b3b3b4117c04807,icao9432-extracted,distress_urgency_intro_9_1_en,icao9432_emergency_phraseology_family,Distress is defined as a condition of being threatened by serious and/or imminent danger and of requiring immediate assistance.,none,background_support,definition,review_only,review_only,Distress: a condition of being threatened by serious and/or imminent danger and of requiring immediate assistance.,8686,8808,research/tools/requirements-spike/registry/ollama_first/candidates/icao9432-extracted/distress_urgency_intro_9_1_en/icao9432-extracted::distress_urgency_intro_9_1_en::8b3b3b4117c04807.json,distress-urgency,chunk-08-distress-urgency-comms-failure,must,needs-sim-model,expected-gap,,EMERGENCY-1
icao9432-extracted::distress_urgency_intro_9_1_en::8e9f7818b91d08c3,icao9432-extracted,distress_urgency_intro_9_1_en,icao9432_emergency_phraseology_family,"When a distress message has been intercepted which apparently receives no acknowledgement, the aircraft intercepting the distress message should, if time and circumstances seem appropriate, acknowledge the message and then broadcast it.",should,operational_guidance,rule,partially_executable,exploratory_probe,"When a distress message has been intercepted which apparently receives no acknowledgement, the aircraft intercepting the distress message should, if time and circumstances seem appropriate, acknowledge the message and then broadcast it.",8686,8808,research/tools/requirements-spike/registry/ollama_first/candidates/icao9432-extracted/distress_urgency_intro_9_1_en/icao9432-extracted::distress_urgency_intro_9_1_en::8e9f7818b91d08c3.json,distress-urgency,chunk-08-distress-urgency-comms-failure,policy,needs-sim-model,expected-gap,OperationalGuidancePolicy,EMERGENCY-1
icao9432-extracted::distress_urgency_intro_9_1_en::9907744b4723d14c,icao9432-extracted,distress_urgency_intro_9_1_en,icao9432_emergency_phraseology_family,Pilots should adapt the phraseology procedures in this chapter to their specific needs and to the time available.,should,operational_guidance,best_practice,partially_executable,exploratory_probe,Pilots should adapt the phraseology procedures in this chapter to their specific needs and to the time available.,8686,8808,research/tools/requirements-spike/registry/ollama_first/candidates/icao9432-extracted/distress_urgency_intro_9_1_en/icao9432-extracted::distress_urgency_intro_9_1_en::9907744b4723d14c.json,distress-urgency,chunk-08-distress-urgency-comms-failure,phraseology,phraseology-later,monitor/report-only,,PHRASE-1
icao9432-extracted::distress_urgency_intro_9_1_en::9c34a1b8d6d623fa,icao9432-extracted,distress_urgency_intro_9_1_en,icao9432_emergency_phraseology_family,"If the ground station called by the aircraft in distress or urgency does not reply, then any other ground station or aircraft shall reply and give whatever assistance possible.",shall,authoritative_requirement,rule,sim_executable,deterministic_test,"If the ground station called by the aircraft in distress or urgency does not reply, then any other ground station or aircraft shall reply and give whatever assistance possible.",8686,8808,research/tools/requirements-spike/registry/ollama_first/candidates/icao9432-extracted/distress_urgency_intro_9_1_en/icao9432-extracted::distress_urgency_intro_9_1_en::9c34a1b8d6d623fa.json,distress-urgency,chunk-08-distress-urgency-comms-failure,must,needs-sim-model,expected-gap,,EMERGENCY-1
icao9432-extracted::distress_urgency_intro_9_1_en::bf04647e26f9c018,icao9432-extracted,distress_urgency_intro_9_1_en,icao9432_emergency_phraseology_family,"The words MAYDAY or PAN PAN, as appropriate, should preferably be spoken three times at the start of the initial distress or urgency call.",should,operational_guidance,phraseology_rule,sim_executable,deterministic_test,"The words ""MAYDAY"" or ""PAN PAN"", as appropriate, should preferably be spoken three times at the start of the initial distress or urgency call.",8686,8808,research/tools/requirements-spike/registry/ollama_first/candidates/icao9432-extracted/distress_urgency_intro_9_1_en/icao9432-extracted::distress_urgency_intro_9_1_en::bf04647e26f9c018.json,distress-urgency,chunk-08-distress-urgency-comms-failure,phraseology,phraseology-later,monitor/report-only,,PHRASE-1
icao9432-extracted::distress_urgency_intro_9_1_en::c30159856a1a5e7a,icao9432-extracted,distress_urgency_intro_9_1_en,icao9432_emergency_phraseology_family,"Distress and urgency communication procedures are detailed in Annex 10, Volume II.",none,background_support,cross_reference,review_only,review_only,"Distress and urgency communication procedures are detailed in Annex 10, Volume II.",8686,8808,research/tools/requirements-spike/registry/ollama_first/candidates/icao9432-extracted/distress_urgency_intro_9_1_en/icao9432-extracted::distress_urgency_intro_9_1_en::c30159856a1a5e7a.json,distress-urgency,chunk-08-distress-urgency-comms-failure,must,needs-sim-model,expected-gap,,EMERGENCY-1
icao9432-extracted::distress_urgency_intro_9_1_en::c959f0325390e7fe,icao9432-extracted,distress_urgency_intro_9_1_en,icao9432_emergency_phraseology_family,"Urgency is defined as a condition concerning the safety of an aircraft or other vehicle, or of some person on board or within sight, but which does not require immediate assistance.",none,background_support,definition,review_only,review_only,"Urgency: a condition concerning the safety of an aircraft or other vehicle, or of some person on board or within sight, but which does not require immediate assistance.",8686,8808,research/tools/requirements-spike/registry/ollama_first/candidates/icao9432-extracted/distress_urgency_intro_9_1_en/icao9432-extracted::distress_urgency_intro_9_1_en::c959f0325390e7fe.json,distress-urgency,chunk-08-distress-urgency-comms-failure,must,needs-sim-model,expected-gap,,EMERGENCY-1
icao9432-extracted::distress_urgency_intro_9_1_en::cb12c2f9b97c64b7,icao9432-extracted,distress_urgency_intro_9_1_en,icao9432_emergency_phraseology_family,A distress or urgency call should normally be made on the frequency in use at the time.,should,operational_guidance,rule,sim_executable,deterministic_test,A distress or urgency call should normally be made on the frequency in use at the time.,8686,8808,research/tools/requirements-spike/registry/ollama_first/candidates/icao9432-extracted/distress_urgency_intro_9_1_en/icao9432-extracted::distress_urgency_intro_9_1_en::cb12c2f9b97c64b7.json,distress-urgency,chunk-08-distress-urgency-comms-failure,policy,needs-sim-model,expected-gap,OperationalGuidancePolicy,EMERGENCY-1
icao9432-extracted::distress_urgency_intro_9_1_en::d742970b22d8de26,icao9432-extracted,distress_urgency_intro_9_1_en,icao9432_emergency_phraseology_family,"The word MAYDAY spoken at the start identifies a distress message, and the words PAN PAN spoken at the start identifies an urgency message.",none,background_support,phraseology_rule,sim_executable,deterministic_test,"The word ""MAYDAY"" spoken at the start identifies a distress message, and the words ""PAN PAN"" spoken at the start identifies an urgency message.",8686,8808,research/tools/requirements-spike/registry/ollama_first/candidates/icao9432-extracted/distress_urgency_intro_9_1_en/icao9432-extracted::distress_urgency_intro_9_1_en::d742970b22d8de26.json,distress-urgency,chunk-08-distress-urgency-comms-failure,phraseology,phraseology-later,monitor/report-only,,PHRASE-1
icao9432-extracted::urgency_emergency_descent_9_3_to_9_4_en::082f9668292ed82c,icao9432-extracted,urgency_emergency_descent_9_3_to_9_4_en,icao9432_emergency_phraseology_family,"When an aircraft announces that it is making an emergency descent, the controller will take all possible action to safeguard other aircraft.",shall,operational_guidance,rule,partially_executable,property_or_family_test,"When an aircraft announces that it is making an emergency descent, the controller will take all possible action to safeguard other aircraft.",8994,9157,research/tools/requirements-spike/registry/ollama_first/candidates/icao9432-extracted/urgency_emergency_descent_9_3_to_9_4_en/icao9432-extracted::urgency_emergency_descent_9_3_to_9_4_en::082f9668292ed82c.json,emergency-descent,chunk-08-distress-urgency-comms-failure,must,needs-sim-model,expected-gap,,EMERGENCY-1
icao9432-extracted::urgency_emergency_descent_9_3_to_9_4_en::1de475a788206cc8,icao9432-extracted,urgency_emergency_descent_9_3_to_9_4_en,icao9432_emergency_phraseology_family,An urgency message should contain as many of the elements detailed in 9.2.1.1 as are required by the circumstances.,should,operational_guidance,best_practice,review_only,review_only,An urgency message should contain as many of the elements detailed in 9.2.1.1 as are required by the circumstances.,8994,9157,research/tools/requirements-spike/registry/ollama_first/candidates/icao9432-extracted/urgency_emergency_descent_9_3_to_9_4_en/icao9432-extracted::urgency_emergency_descent_9_3_to_9_4_en::1de475a788206cc8.json,emergency-descent,chunk-08-distress-urgency-comms-failure,policy,needs-sim-model,expected-gap,OperationalGuidancePolicy,EMERGENCY-1
icao9432-extracted::urgency_emergency_descent_9_3_to_9_4_en::5df94af7a64c3f5d,icao9432-extracted,urgency_emergency_descent_9_3_to_9_4_en,icao9432_emergency_phraseology_family,All other stations should take care not to interfere with the transmission of urgency traffic.,should,operational_guidance,best_practice,review_only,review_only,All other stations should take care not to interfere with the transmission of urgency traffic.,8994,9157,research/tools/requirements-spike/registry/ollama_first/candidates/icao9432-extracted/urgency_emergency_descent_9_3_to_9_4_en/icao9432-extracted::urgency_emergency_descent_9_3_to_9_4_en::5df94af7a64c3f5d.json,emergency-descent,chunk-08-distress-urgency-comms-failure,policy,needs-sim-model,expected-gap,OperationalGuidancePolicy,EMERGENCY-1
icao9432-extracted::urgency_emergency_descent_9_3_to_9_4_en::b95d7bb1cb409bca,icao9432-extracted,urgency_emergency_descent_9_3_to_9_4_en,icao9432_emergency_phraseology_family,"The call should be made on the frequency in use at the time, and the station addressed will normally be that station communicating with the aircraft, or the station in whose area of responsibility the aircraft is operating.",should,operational_guidance,best_practice,review_only,review_only,The call should be made on the frequency in use at the time,8994,9157,research/tools/requirements-spike/registry/ollama_first/candidates/icao9432-extracted/urgency_emergency_descent_9_3_to_9_4_en/icao9432-extracted::urgency_emergency_descent_9_3_to_9_4_en::b95d7bb1cb409bca.json,emergency-descent,chunk-08-distress-urgency-comms-failure,policy,needs-sim-model,expected-gap,OperationalGuidancePolicy,EMERGENCY-1
icao9432-extracted::urgency_emergency_descent_9_3_to_9_4_en::c71568b00fb1535e,icao9432-extracted,urgency_emergency_descent_9_3_to_9_4_en,icao9432_emergency_phraseology_family,"The general broadcast to warn aircraft of an emergency descent should be followed, as necessary, by specific instructions.",should,operational_guidance,workflow_constraint,review_only,review_only,"The general broadcast to warn aircraft of an emergency descent should be followed, as necessary, by specific instructions.",8994,9157,research/tools/requirements-spike/registry/ollama_first/candidates/icao9432-extracted/urgency_emergency_descent_9_3_to_9_4_en/icao9432-extracted::urgency_emergency_descent_9_3_to_9_4_en::c71568b00fb1535e.json,emergency-descent,chunk-08-distress-urgency-comms-failure,policy,needs-sim-model,expected-gap,OperationalGuidancePolicy,EMERGENCY-1
icao9432-extracted::urgency_emergency_descent_9_3_to_9_4_en::ca0c243491ff5d13,icao9432-extracted,urgency_emergency_descent_9_3_to_9_4_en,icao9432_emergency_phraseology_family,Further questions might be asked of the pilot in order to assist in ascertaining the position of the aircraft.,may,operational_guidance,advisory_only,review_only,review_only,further questions might be asked of the pilot in order to assist in ascertaining the position of the aircraft.,8994,9157,research/tools/requirements-spike/registry/ollama_first/candidates/icao9432-extracted/urgency_emergency_descent_9_3_to_9_4_en/icao9432-extracted::urgency_emergency_descent_9_3_to_9_4_en::ca0c243491ff5d13.json,emergency-descent,chunk-08-distress-urgency-comms-failure,may,needs-sim-model,expected-gap,,EMERGENCY-1
