promoterRunId,promoterRunTimestampUtc,documentId,sectionId,familyId,caseId,canonicalId,originalCandidateId,claimSha256,claimTextExcerpt,authorityClass,modality,requirementKind,promotionHint,challengerVerdict,challengerOverridden,defenderVerdict,bundleGateScopeComplete,siblingResolutionFired,judgeDecision,judgeConfidence,judgeOverridden,finalState,gateOverallStatus,quoteAuditStatus,quoteAuditMisses,schemaAuditStatus,authorityModalityStatus,authorityInvariantViolated,structureModel,extractionModel,challengeModel,defenseModel,bundleGateModel,judgeModel,numCtx,structureAttempts,extractionAttempts,promptVersion,promptVersionSha,structurePromptSha,extractionPromptSha,challengePromptSha,defensePromptSha,bundleGatePromptSha,judgePromptSha,eventSource,curationRunId,curationModel,curationAction,curationConfidence,curationReasoning,curationCorrectionsJson,curationAuditPath
promote_2026-04-28T19-35-19Z_5786,2026-04-28T19:35:19Z,cap413-extracted,readback_2_68_2_71,cap413_readback_family,cap413_readback_family,cap413-extracted::readback_2_68_2_71::6f7c53b154316740,req_route_clearance_readback,c00306496acd7f9f20fca1b5d18be8a81254064fb9f3cc58461a26918f610821,ATC route clearances shall always be read back unless otherwise authorised by the appropriate ATS authority.,authoritative_requirement,shall,rule,promote,supported,false,defensible,true,false,accepted,high,false,accepted,pass,pass,0,pass,pass,false,qwen3.6:35b-a3b,qwen3.6:35b-a3b,qwen2.5-coder:32b,qwen3.6:35b-a3b,qwen3.6:35b-a3b,qwen3.6:35b-a3b,24576,3,3,ollama-first-2026-04-28,25de32675884cb3976f22fb28206209e8e72a1db3a6e556bb46490935002b66c,d734d5291933bae15c654b4bbb2c90110fb66bfe6a3cd5cefadd8bb5a974b015,56b69ad27ea3962fdc492e67ea659e0b8a44eaa5352bc3b8f7c4da3124506e7b,1bee78b2e4bc34b3e12fbfdf37f7d0b203fe61917a9f69e67f44e5970998730a,fe5e953572395cceb7f50820650d8bcce531a63d141e83f5e2bce3b21549a534,4c4b709a7a9431b6e6ed604c2e1087aa038624b61fdee9c443713d253c2ecf57,9b7bde1f038dfb0f1d69577cd1f168bd40ff0ea0c5755b6e8b04a4deb0f77e63,,,,,,,,
promote_2026-04-28T19-35-19Z_5786,2026-04-28T19:35:19Z,cap413-extracted,readback_2_68_2_71,cap413_readback_family,cap413_readback_family,cap413-extracted::readback_2_68_2_71::416df194379d4cd4,req_route_clearance_ack,df91175b9f64d7c4cdf5c8d1193b9ca29de215dc2366df59ac1f19ac51d5668c,"If a route clearance is not read back because it is otherwise authorised, it shall be acknowledged in a positive manner.",authoritative_requirement,shall,rule,promote,supported,false,defensible,true,false,accepted,high,false,accepted,pass,pass,0,pass,pass,false,qwen3.6:35b-a3b,qwen3.6:35b-a3b,qwen2.5-coder:32b,qwen3.6:35b-a3b,qwen3.6:35b-a3b,qwen3.6:35b-a3b,24576,3,3,ollama-first-2026-04-28,25de32675884cb3976f22fb28206209e8e72a1db3a6e556bb46490935002b66c,d734d5291933bae15c654b4bbb2c90110fb66bfe6a3cd5cefadd8bb5a974b015,56b69ad27ea3962fdc492e67ea659e0b8a44eaa5352bc3b8f7c4da3124506e7b,1bee78b2e4bc34b3e12fbfdf37f7d0b203fe61917a9f69e67f44e5970998730a,fe5e953572395cceb7f50820650d8bcce531a63d141e83f5e2bce3b21549a534,4c4b709a7a9431b6e6ed604c2e1087aa038624b61fdee9c443713d253c2ecf57,9b7bde1f038dfb0f1d69577cd1f168bd40ff0ea0c5755b6e8b04a4deb0f77e63,,,,,,,,
promote_2026-04-28T19-35-19Z_5786,2026-04-28T19:35:19Z,cap413-extracted,readback_2_68_2_71,cap413_readback_family,cap413_readback_family,cap413-extracted::readback_2_68_2_71::90d7228d9f0371b1,req_callsign_in_readback,30dafd56f69d61213036f37b22970aab4d07abbb07a338400d6cca0ed6c13d37,Read backs shall always include the aircraft callsign.,authoritative_requirement,shall,phraseology_rule,promote,supported,false,defensible,true,false,accepted,high,false,accepted,pass,pass,0,pass,pass,false,qwen3.6:35b-a3b,qwen3.6:35b-a3b,qwen2.5-coder:32b,qwen3.6:35b-a3b,qwen3.6:35b-a3b,qwen3.6:35b-a3b,24576,3,3,ollama-first-2026-04-28,25de32675884cb3976f22fb28206209e8e72a1db3a6e556bb46490935002b66c,d734d5291933bae15c654b4bbb2c90110fb66bfe6a3cd5cefadd8bb5a974b015,56b69ad27ea3962fdc492e67ea659e0b8a44eaa5352bc3b8f7c4da3124506e7b,1bee78b2e4bc34b3e12fbfdf37f7d0b203fe61917a9f69e67f44e5970998730a,fe5e953572395cceb7f50820650d8bcce531a63d141e83f5e2bce3b21549a534,4c4b709a7a9431b6e6ed604c2e1087aa038624b61fdee9c443713d253c2ecf57,9b7bde1f038dfb0f1d69577cd1f168bd40ff0ea0c5755b6e8b04a4deb0f77e63,,,,,,,,
promote_2026-04-28T19-35-19Z_5786,2026-04-28T19:35:19Z,cap413-extracted,readback_2_68_2_71,cap413_readback_family,cap413_readback_family,cap413-extracted::readback_2_68_2_71::e5e8193a7616edbf,req_full_readback_list,0e8873756f13cbb3039218787b95be35bee0582936efd44855c47244f69372c5,"ATS messages listed in 2.69 (including Taxi/Towing, Level, Heading, Speed, Airways/Route, Approach, Runway-in-Use, Runway entry/land/takeoff/cross/hold, SSR, Altimeter <1000hPa, VDF, Frequency, ATS Service Type, Transition Levels) are to be",authoritative_requirement,shall,rule,promote,supported,true,defensible,true,false,accepted,high,false,accepted,pass,pass,0,pass,pass,false,qwen3.6:35b-a3b,qwen3.6:35b-a3b,qwen2.5-coder:32b,qwen3.6:35b-a3b,qwen3.6:35b-a3b,qwen3.6:35b-a3b,24576,3,3,ollama-first-2026-04-28,25de32675884cb3976f22fb28206209e8e72a1db3a6e556bb46490935002b66c,d734d5291933bae15c654b4bbb2c90110fb66bfe6a3cd5cefadd8bb5a974b015,56b69ad27ea3962fdc492e67ea659e0b8a44eaa5352bc3b8f7c4da3124506e7b,1bee78b2e4bc34b3e12fbfdf37f7d0b203fe61917a9f69e67f44e5970998730a,fe5e953572395cceb7f50820650d8bcce531a63d141e83f5e2bce3b21549a534,4c4b709a7a9431b6e6ed604c2e1087aa038624b61fdee9c443713d253c2ecf57,9b7bde1f038dfb0f1d69577cd1f168bd40ff0ea0c5755b6e8b04a4deb0f77e63,,,,,,,,
promote_2026-04-28T19-35-19Z_5786,2026-04-28T19:35:19Z,cap413-extracted,readback_2_68_2_71,cap413_readback_family,cap413_readback_family,cap413-extracted::readback_2_68_2_71::5be7cfa8ac79626b,req_readback_missing,8735570ffeefbf2da75e47b7c989b9d3520525dadb7f18eda3f09c6b1baa9867,"If a readback is not received for a required message, the pilot/driver will be asked to do so.",operational_guidance,shall,workflow_constraint,promote,supported,true,defensible,true,false,needs_human_review,medium,false,pending,pass,pass,0,pass,pass,false,qwen3.6:35b-a3b,qwen3.6:35b-a3b,qwen2.5-coder:32b,qwen3.6:35b-a3b,qwen3.6:35b-a3b,qwen3.6:35b-a3b,24576,3,3,ollama-first-2026-04-28,25de32675884cb3976f22fb28206209e8e72a1db3a6e556bb46490935002b66c,d734d5291933bae15c654b4bbb2c90110fb66bfe6a3cd5cefadd8bb5a974b015,56b69ad27ea3962fdc492e67ea659e0b8a44eaa5352bc3b8f7c4da3124506e7b,1bee78b2e4bc34b3e12fbfdf37f7d0b203fe61917a9f69e67f44e5970998730a,fe5e953572395cceb7f50820650d8bcce531a63d141e83f5e2bce3b21549a534,4c4b709a7a9431b6e6ed604c2e1087aa038624b61fdee9c443713d253c2ecf57,9b7bde1f038dfb0f1d69577cd1f168bd40ff0ea0c5755b6e8b04a4deb0f77e63,,,,,,,,
promote_2026-04-28T19-35-19Z_5786,2026-04-28T19:35:19Z,cap413-extracted,readback_2_68_2_71,cap413_readback_family,cap413_readback_family,cap413-extracted::readback_2_68_2_71::66f9e846fad0b3f3,req_request_repetition,b8f225db92740c8ed18349fef8857a81c23f115e4773a8a62f497677066757dc,The pilot/driver is expected to request that instructions are repeated or clarified if any are not fully understood.,operational_guidance,should,best_practice,advisory_only,supported,false,defensible,true,false,advisory_only,high,false,pending,pass,pass,0,pass,pass,false,qwen3.6:35b-a3b,qwen3.6:35b-a3b,qwen2.5-coder:32b,qwen3.6:35b-a3b,qwen3.6:35b-a3b,qwen3.6:35b-a3b,24576,3,3,ollama-first-2026-04-28,25de32675884cb3976f22fb28206209e8e72a1db3a6e556bb46490935002b66c,d734d5291933bae15c654b4bbb2c90110fb66bfe6a3cd5cefadd8bb5a974b015,56b69ad27ea3962fdc492e67ea659e0b8a44eaa5352bc3b8f7c4da3124506e7b,1bee78b2e4bc34b3e12fbfdf37f7d0b203fe61917a9f69e67f44e5970998730a,fe5e953572395cceb7f50820650d8bcce531a63d141e83f5e2bce3b21549a534,4c4b709a7a9431b6e6ed604c2e1087aa038624b61fdee9c443713d253c2ecf57,9b7bde1f038dfb0f1d69577cd1f168bd40ff0ea0c5755b6e8b04a4deb0f77e63,,,,,,,,
promote_2026-04-28T19-35-19Z_5786,2026-04-28T19:35:19Z,cap413-extracted,readback_2_68_2_71,cap413_readback_family,cap413_readback_family,cap413-extracted::readback_2_68_2_71::77defe5f0684579f,req_abbreviated_readback,dbacd334b7be3d3820bc5df9100918890cc8dc133637c35e434f7ac0572a6a9f,Items which do not appear in the list in 2.69 may be acknowledged with an abbreviated read back.,operational_guidance,may,rule,promote,supported,false,defensible,true,false,accepted,high,false,accepted,pass,pass,0,pass,pass,false,qwen3.6:35b-a3b,qwen3.6:35b-a3b,qwen2.5-coder:32b,qwen3.6:35b-a3b,qwen3.6:35b-a3b,qwen3.6:35b-a3b,24576,3,3,ollama-first-2026-04-28,25de32675884cb3976f22fb28206209e8e72a1db3a6e556bb46490935002b66c,d734d5291933bae15c654b4bbb2c90110fb66bfe6a3cd5cefadd8bb5a974b015,56b69ad27ea3962fdc492e67ea659e0b8a44eaa5352bc3b8f7c4da3124506e7b,1bee78b2e4bc34b3e12fbfdf37f7d0b203fe61917a9f69e67f44e5970998730a,fe5e953572395cceb7f50820650d8bcce531a63d141e83f5e2bce3b21549a534,4c4b709a7a9431b6e6ed604c2e1087aa038624b61fdee9c443713d253c2ecf57,9b7bde1f038dfb0f1d69577cd1f168bd40ff0ea0c5755b6e8b04a4deb0f77e63,,,,,,,,
promote_2026-04-28T19-35-19Z_5786,2026-04-28T19:35:19Z,cap413-extracted,readback_2_68_2_71,cap413_readback_family,cap413_readback_family,cap413-extracted::readback_2_68_2_71::07c68d8e755e5c46,req_negative_correction,bb9de8db761cc24f7bc1f8b7c220a32fb248cb0e46874a41101e82ffe22814aa,"If an aircraft read back of a clearance or instruction is incorrect, the controller shall transmit the word 'NEGATIVE' followed by the correct version.",authoritative_requirement,shall,phraseology_rule,promote,supported,false,defensible,true,false,accepted,high,false,accepted,pass,pass,0,pass,pass,false,qwen3.6:35b-a3b,qwen3.6:35b-a3b,qwen2.5-coder:32b,qwen3.6:35b-a3b,qwen3.6:35b-a3b,qwen3.6:35b-a3b,24576,3,3,ollama-first-2026-04-28,25de32675884cb3976f22fb28206209e8e72a1db3a6e556bb46490935002b66c,d734d5291933bae15c654b4bbb2c90110fb66bfe6a3cd5cefadd8bb5a974b015,56b69ad27ea3962fdc492e67ea659e0b8a44eaa5352bc3b8f7c4da3124506e7b,1bee78b2e4bc34b3e12fbfdf37f7d0b203fe61917a9f69e67f44e5970998730a,fe5e953572395cceb7f50820650d8bcce531a63d141e83f5e2bce3b21549a534,4c4b709a7a9431b6e6ed604c2e1087aa038624b61fdee9c443713d253c2ecf57,9b7bde1f038dfb0f1d69577cd1f168bd40ff0ea0c5755b6e8b04a4deb0f77e63,,,,,,,,
promote_2026-04-28T19-35-19Z_5786,2026-04-28T19:35:19Z,egast-vfr-extracted,readback_advisory,egast_vfr_readback_family,egast_vfr_readback_family,egast-vfr-extracted::readback_advisory::4c550f13299b2142,req_readback_runway,7a06f37e85ef91b08be4858785a7d04cd4b8eecf47f7a6ed53293cf76b083cf7,"Messages containing clearances/instructions to enter, land on, take-off from, hold short of, cross or backtrack any runway must be read back.",best_practice,shall,rule,promote,supported,true,defensible,true,false,accepted,high,false,accepted,pass,pass,0,pass,pass,false,qwen3.6:35b-a3b,qwen3.6:35b-a3b,qwen2.5-coder:32b,qwen3.6:35b-a3b,qwen3.6:35b-a3b,qwen3.6:35b-a3b,24576,3,3,ollama-first-2026-04-28,25de32675884cb3976f22fb28206209e8e72a1db3a6e556bb46490935002b66c,d734d5291933bae15c654b4bbb2c90110fb66bfe6a3cd5cefadd8bb5a974b015,56b69ad27ea3962fdc492e67ea659e0b8a44eaa5352bc3b8f7c4da3124506e7b,1bee78b2e4bc34b3e12fbfdf37f7d0b203fe61917a9f69e67f44e5970998730a,fe5e953572395cceb7f50820650d8bcce531a63d141e83f5e2bce3b21549a534,4c4b709a7a9431b6e6ed604c2e1087aa038624b61fdee9c443713d253c2ecf57,9b7bde1f038dfb0f1d69577cd1f168bd40ff0ea0c5755b6e8b04a4deb0f77e63,,,,,,,,
promote_2026-04-28T19-35-19Z_5786,2026-04-28T19:35:19Z,egast-vfr-extracted,readback_advisory,egast_vfr_readback_family,egast_vfr_readback_family,egast-vfr-extracted::readback_advisory::987300b2eaab8d13,req_readback_runway_in_use,e67b7aef3c542597dfc329065a61b8317f4e8ae77a45020de4ade2d64fecd59a,Messages containing the runway in use must be read back.,best_practice,shall,rule,promote,supported,true,defensible,true,false,accepted,high,false,accepted,pass,pass,0,pass,pass,false,qwen3.6:35b-a3b,qwen3.6:35b-a3b,qwen2.5-coder:32b,qwen3.6:35b-a3b,qwen3.6:35b-a3b,qwen3.6:35b-a3b,24576,3,3,ollama-first-2026-04-28,25de32675884cb3976f22fb28206209e8e72a1db3a6e556bb46490935002b66c,d734d5291933bae15c654b4bbb2c90110fb66bfe6a3cd5cefadd8bb5a974b015,56b69ad27ea3962fdc492e67ea659e0b8a44eaa5352bc3b8f7c4da3124506e7b,1bee78b2e4bc34b3e12fbfdf37f7d0b203fe61917a9f69e67f44e5970998730a,fe5e953572395cceb7f50820650d8bcce531a63d141e83f5e2bce3b21549a534,4c4b709a7a9431b6e6ed604c2e1087aa038624b61fdee9c443713d253c2ecf57,9b7bde1f038dfb0f1d69577cd1f168bd40ff0ea0c5755b6e8b04a4deb0f77e63,,,,,,,,
promote_2026-04-28T19-35-19Z_5786,2026-04-28T19:35:19Z,egast-vfr-extracted,readback_advisory,egast_vfr_readback_family,egast_vfr_readback_family,egast-vfr-extracted::readback_advisory::5faf696eefce9006,req_readback_altimeter,96aa6cda9f0440f0fda94852e1712750feae34d54a24797147e64c9173d02970,Messages containing altimeter settings must be read back.,best_practice,shall,rule,promote,supported,true,defensible,true,false,accepted,high,false,accepted,pass,pass,0,pass,pass,false,qwen3.6:35b-a3b,qwen3.6:35b-a3b,qwen2.5-coder:32b,qwen3.6:35b-a3b,qwen3.6:35b-a3b,qwen3.6:35b-a3b,24576,3,3,ollama-first-2026-04-28,25de32675884cb3976f22fb28206209e8e72a1db3a6e556bb46490935002b66c,d734d5291933bae15c654b4bbb2c90110fb66bfe6a3cd5cefadd8bb5a974b015,56b69ad27ea3962fdc492e67ea659e0b8a44eaa5352bc3b8f7c4da3124506e7b,1bee78b2e4bc34b3e12fbfdf37f7d0b203fe61917a9f69e67f44e5970998730a,fe5e953572395cceb7f50820650d8bcce531a63d141e83f5e2bce3b21549a534,4c4b709a7a9431b6e6ed604c2e1087aa038624b61fdee9c443713d253c2ecf57,9b7bde1f038dfb0f1d69577cd1f168bd40ff0ea0c5755b6e8b04a4deb0f77e63,,,,,,,,
promote_2026-04-28T19-35-19Z_5786,2026-04-28T19:35:19Z,egast-vfr-extracted,readback_advisory,egast_vfr_readback_family,egast_vfr_readback_family,egast-vfr-extracted::readback_advisory::fa15744547eaf342,req_readback_ssr,292e432b4b0ddf4fbcfc02d3691c9ea63105b723620310e9f130ec01698c5e0a,Messages containing SSR codes must be read back.,best_practice,shall,rule,promote,supported,true,defensible,true,false,accepted,high,false,accepted,pass,pass,0,pass,pass,false,qwen3.6:35b-a3b,qwen3.6:35b-a3b,qwen2.5-coder:32b,qwen3.6:35b-a3b,qwen3.6:35b-a3b,qwen3.6:35b-a3b,24576,3,3,ollama-first-2026-04-28,25de32675884cb3976f22fb28206209e8e72a1db3a6e556bb46490935002b66c,d734d5291933bae15c654b4bbb2c90110fb66bfe6a3cd5cefadd8bb5a974b015,56b69ad27ea3962fdc492e67ea659e0b8a44eaa5352bc3b8f7c4da3124506e7b,1bee78b2e4bc34b3e12fbfdf37f7d0b203fe61917a9f69e67f44e5970998730a,fe5e953572395cceb7f50820650d8bcce531a63d141e83f5e2bce3b21549a534,4c4b709a7a9431b6e6ed604c2e1087aa038624b61fdee9c443713d253c2ecf57,9b7bde1f038dfb0f1d69577cd1f168bd40ff0ea0c5755b6e8b04a4deb0f77e63,,,,,,,,
promote_2026-04-28T19-35-19Z_5786,2026-04-28T19:35:19Z,egast-vfr-extracted,readback_advisory,egast_vfr_readback_family,egast_vfr_readback_family,egast-vfr-extracted::readback_advisory::b3c3324d8aecf8df,req_readback_level_heading,723b700faf8e7785cd30f1371d897fff3be4d4e87e9aab1c74df827063dcaa5f,Messages containing level or heading instructions must be read back.,best_practice,shall,rule,promote,supported,true,defensible,true,false,accepted,high,false,accepted,pass,pass,0,pass,pass,false,qwen3.6:35b-a3b,qwen3.6:35b-a3b,qwen2.5-coder:32b,qwen3.6:35b-a3b,qwen3.6:35b-a3b,qwen3.6:35b-a3b,24576,3,3,ollama-first-2026-04-28,25de32675884cb3976f22fb28206209e8e72a1db3a6e556bb46490935002b66c,d734d5291933bae15c654b4bbb2c90110fb66bfe6a3cd5cefadd8bb5a974b015,56b69ad27ea3962fdc492e67ea659e0b8a44eaa5352bc3b8f7c4da3124506e7b,1bee78b2e4bc34b3e12fbfdf37f7d0b203fe61917a9f69e67f44e5970998730a,fe5e953572395cceb7f50820650d8bcce531a63d141e83f5e2bce3b21549a534,4c4b709a7a9431b6e6ed604c2e1087aa038624b61fdee9c443713d253c2ecf57,9b7bde1f038dfb0f1d69577cd1f168bd40ff0ea0c5755b6e8b04a4deb0f77e63,,,,,,,,
promote_2026-04-28T19-35-19Z_5786,2026-04-28T19:35:19Z,egast-vfr-extracted,readback_advisory,egast_vfr_readback_family,egast_vfr_readback_family,egast-vfr-extracted::readback_advisory::774c1fdb78d8d6f4,req_readback_speed,402f646fc25607afb571ceb785716c43a8dda5d7bf91d556e61c4abb1429a378,Messages containing speed instructions must be read back.,best_practice,shall,rule,promote,supported,true,defensible,true,false,accepted,high,false,accepted,pass,pass,0,pass,pass,false,qwen3.6:35b-a3b,qwen3.6:35b-a3b,qwen2.5-coder:32b,qwen3.6:35b-a3b,qwen3.6:35b-a3b,qwen3.6:35b-a3b,24576,3,3,ollama-first-2026-04-28,25de32675884cb3976f22fb28206209e8e72a1db3a6e556bb46490935002b66c,d734d5291933bae15c654b4bbb2c90110fb66bfe6a3cd5cefadd8bb5a974b015,56b69ad27ea3962fdc492e67ea659e0b8a44eaa5352bc3b8f7c4da3124506e7b,1bee78b2e4bc34b3e12fbfdf37f7d0b203fe61917a9f69e67f44e5970998730a,fe5e953572395cceb7f50820650d8bcce531a63d141e83f5e2bce3b21549a534,4c4b709a7a9431b6e6ed604c2e1087aa038624b61fdee9c443713d253c2ecf57,9b7bde1f038dfb0f1d69577cd1f168bd40ff0ea0c5755b6e8b04a4deb0f77e63,,,,,,,,
promote_2026-04-28T19-35-19Z_5786,2026-04-28T19:35:19Z,egast-vfr-extracted,readback_advisory,egast_vfr_readback_family,egast_vfr_readback_family,egast-vfr-extracted::readback_advisory::612775fd37fd5576,req_readback_transition,5bb501737ee07a9e890f50a99fb2aa3a5867ebc95c431b6bd286bbe6e940b0d8,Messages containing transition levels must be read back.,best_practice,shall,rule,promote,supported,true,defensible,true,false,accepted,high,false,accepted,pass,pass,0,pass,pass,false,qwen3.6:35b-a3b,qwen3.6:35b-a3b,qwen2.5-coder:32b,qwen3.6:35b-a3b,qwen3.6:35b-a3b,qwen3.6:35b-a3b,24576,3,3,ollama-first-2026-04-28,25de32675884cb3976f22fb28206209e8e72a1db3a6e556bb46490935002b66c,d734d5291933bae15c654b4bbb2c90110fb66bfe6a3cd5cefadd8bb5a974b015,56b69ad27ea3962fdc492e67ea659e0b8a44eaa5352bc3b8f7c4da3124506e7b,1bee78b2e4bc34b3e12fbfdf37f7d0b203fe61917a9f69e67f44e5970998730a,fe5e953572395cceb7f50820650d8bcce531a63d141e83f5e2bce3b21549a534,4c4b709a7a9431b6e6ed604c2e1087aa038624b61fdee9c443713d253c2ecf57,9b7bde1f038dfb0f1d69577cd1f168bd40ff0ea0c5755b6e8b04a4deb0f77e63,,,,,,,,
promote_2026-04-28T19-35-19Z_5786,2026-04-28T19:35:19Z,egast-vfr-extracted,readback_advisory,egast_vfr_readback_family,egast_vfr_readback_family,egast-vfr-extracted::readback_advisory::88d9700208363bf5,req_readback_route,bf8906111a0aa5df7ce0cdc7ea489802344171ed2157a9934e1e7dbb9325dcb7,Messages containing ATC route clearance must be read back.,best_practice,shall,rule,promote,supported,true,defensible,true,false,accepted,high,false,accepted,pass,pass,0,pass,pass,false,qwen3.6:35b-a3b,qwen3.6:35b-a3b,qwen2.5-coder:32b,qwen3.6:35b-a3b,qwen3.6:35b-a3b,qwen3.6:35b-a3b,24576,3,3,ollama-first-2026-04-28,25de32675884cb3976f22fb28206209e8e72a1db3a6e556bb46490935002b66c,d734d5291933bae15c654b4bbb2c90110fb66bfe6a3cd5cefadd8bb5a974b015,56b69ad27ea3962fdc492e67ea659e0b8a44eaa5352bc3b8f7c4da3124506e7b,1bee78b2e4bc34b3e12fbfdf37f7d0b203fe61917a9f69e67f44e5970998730a,fe5e953572395cceb7f50820650d8bcce531a63d141e83f5e2bce3b21549a534,4c4b709a7a9431b6e6ed604c2e1087aa038624b61fdee9c443713d253c2ecf57,9b7bde1f038dfb0f1d69577cd1f168bd40ff0ea0c5755b6e8b04a4deb0f77e63,,,,,,,,
promote_2026-04-28T19-35-19Z_5786,2026-04-28T19:35:19Z,egast-vfr-extracted,readback_advisory,egast_vfr_readback_family,egast_vfr_readback_family,egast-vfr-extracted::readback_advisory::ea54527cb9d9e0fa,req_ack_callsign,17e23ea6b1c1d205f14a45d3cdbda90dea3c1ddf11964c8d18fb0ccc4ade5983,"If a transmission contains information that does not need to be read back, you should acknowledge by transmitting your callsign.",best_practice,should,phraseology_rule,promote,supported,false,defensible,true,false,accepted,medium,true,accepted,pass,pass,0,pass,pass,false,qwen3.6:35b-a3b,qwen3.6:35b-a3b,qwen2.5-coder:32b,qwen3.6:35b-a3b,qwen3.6:35b-a3b,qwen3.6:35b-a3b,24576,3,3,ollama-first-2026-04-28,25de32675884cb3976f22fb28206209e8e72a1db3a6e556bb46490935002b66c,d734d5291933bae15c654b4bbb2c90110fb66bfe6a3cd5cefadd8bb5a974b015,56b69ad27ea3962fdc492e67ea659e0b8a44eaa5352bc3b8f7c4da3124506e7b,1bee78b2e4bc34b3e12fbfdf37f7d0b203fe61917a9f69e67f44e5970998730a,fe5e953572395cceb7f50820650d8bcce531a63d141e83f5e2bce3b21549a534,4c4b709a7a9431b6e6ed604c2e1087aa038624b61fdee9c443713d253c2ecf57,9b7bde1f038dfb0f1d69577cd1f168bd40ff0ea0c5755b6e8b04a4deb0f77e63,,,,,,,,
promote_2026-04-28T19-35-19Z_5786,2026-04-28T19:35:19Z,egast-vfr-extracted,readback_advisory,egast_vfr_readback_family,egast_vfr_readback_family,egast-vfr-extracted::readback_advisory::1219ed8ddedc98c5,req_wilco_definition,29d3a05feab708131ee85b0715ae7d6f6fefdcfa79a80d197a84843303138a95,‘Wilco’ means ‘I understand your message and will comply’. It should not be used in place of a full read back of the items on page 10.,best_practice,shall,phraseology_rule,promote,supported,true,defensible,true,false,accepted,medium,true,accepted,pass,pass,0,pass,pass,false,qwen3.6:35b-a3b,qwen3.6:35b-a3b,qwen2.5-coder:32b,qwen3.6:35b-a3b,qwen3.6:35b-a3b,qwen3.6:35b-a3b,24576,3,3,ollama-first-2026-04-28,25de32675884cb3976f22fb28206209e8e72a1db3a6e556bb46490935002b66c,d734d5291933bae15c654b4bbb2c90110fb66bfe6a3cd5cefadd8bb5a974b015,56b69ad27ea3962fdc492e67ea659e0b8a44eaa5352bc3b8f7c4da3124506e7b,1bee78b2e4bc34b3e12fbfdf37f7d0b203fe61917a9f69e67f44e5970998730a,fe5e953572395cceb7f50820650d8bcce531a63d141e83f5e2bce3b21549a534,4c4b709a7a9431b6e6ed604c2e1087aa038624b61fdee9c443713d253c2ecf57,9b7bde1f038dfb0f1d69577cd1f168bd40ff0ea0c5755b6e8b04a4deb0f77e63,,,,,,,,
promote_2026-04-28T19-35-19Z_5786,2026-04-28T19:35:19Z,egast-vfr-extracted,readback_advisory,egast_vfr_readback_family,egast_vfr_readback_family,egast-vfr-extracted::readback_advisory::1576d7c0cb75108a,req_readback_complete,4391e7ad2afdc1773709151fe8eae1f414d05ff3b996a03d00a5304b5a39ed5b,When a read back is required you must ensure it is complete and follow it with your callsign.,best_practice,shall,rule,promote,supported,true,defensible,true,false,accepted,high,false,accepted,pass,pass,0,pass,pass,false,qwen3.6:35b-a3b,qwen3.6:35b-a3b,qwen2.5-coder:32b,qwen3.6:35b-a3b,qwen3.6:35b-a3b,qwen3.6:35b-a3b,24576,3,3,ollama-first-2026-04-28,25de32675884cb3976f22fb28206209e8e72a1db3a6e556bb46490935002b66c,d734d5291933bae15c654b4bbb2c90110fb66bfe6a3cd5cefadd8bb5a974b015,56b69ad27ea3962fdc492e67ea659e0b8a44eaa5352bc3b8f7c4da3124506e7b,1bee78b2e4bc34b3e12fbfdf37f7d0b203fe61917a9f69e67f44e5970998730a,fe5e953572395cceb7f50820650d8bcce531a63d141e83f5e2bce3b21549a534,4c4b709a7a9431b6e6ed604c2e1087aa038624b61fdee9c443713d253c2ecf57,9b7bde1f038dfb0f1d69577cd1f168bd40ff0ea0c5755b6e8b04a4deb0f77e63,,,,,,,,
promote_2026-04-28T19-35-19Z_5786,2026-04-28T19:35:19Z,egast-vfr-extracted,readback_advisory,egast_vfr_readback_family,egast_vfr_readback_family,egast-vfr-extracted::readback_advisory::60929bb516ae7098,req_readback_order,f8ecd3a0fa9bd661dbae320f513a2828535bae8bfe35dda77aab586c41e15f79,It is normally best to read back the items in the order given.,best_practice,should,best_practice,advisory_only,supported,true,defensible,true,false,advisory_only,high,false,pending,pass,pass,0,pass,pass,false,qwen3.6:35b-a3b,qwen3.6:35b-a3b,qwen2.5-coder:32b,qwen3.6:35b-a3b,qwen3.6:35b-a3b,qwen3.6:35b-a3b,24576,3,3,ollama-first-2026-04-28,25de32675884cb3976f22fb28206209e8e72a1db3a6e556bb46490935002b66c,d734d5291933bae15c654b4bbb2c90110fb66bfe6a3cd5cefadd8bb5a974b015,56b69ad27ea3962fdc492e67ea659e0b8a44eaa5352bc3b8f7c4da3124506e7b,1bee78b2e4bc34b3e12fbfdf37f7d0b203fe61917a9f69e67f44e5970998730a,fe5e953572395cceb7f50820650d8bcce531a63d141e83f5e2bce3b21549a534,4c4b709a7a9431b6e6ed604c2e1087aa038624b61fdee9c443713d253c2ecf57,9b7bde1f038dfb0f1d69577cd1f168bd40ff0ea0c5755b6e8b04a4deb0f77e63,,,,,,,,
promote_2026-04-28T19-35-19Z_5786,2026-04-28T19:35:19Z,egast-vfr-extracted,readback_advisory,egast_vfr_readback_family,egast_vfr_readback_family,egast-vfr-extracted::readback_advisory::2a5d4629a99284e3,req_request_clarification,2de1330a968df03cd139e2cec9a47401dd142b722feb560c0d01e5bb91fc3ee8,If in any doubt you must request clarification.,best_practice,shall,rule,promote,supported,true,defensible,true,false,needs_human_review,medium,false,pending,pass,pass,0,pass,pass,false,qwen3.6:35b-a3b,qwen3.6:35b-a3b,qwen2.5-coder:32b,qwen3.6:35b-a3b,qwen3.6:35b-a3b,qwen3.6:35b-a3b,24576,3,3,ollama-first-2026-04-28,25de32675884cb3976f22fb28206209e8e72a1db3a6e556bb46490935002b66c,d734d5291933bae15c654b4bbb2c90110fb66bfe6a3cd5cefadd8bb5a974b015,56b69ad27ea3962fdc492e67ea659e0b8a44eaa5352bc3b8f7c4da3124506e7b,1bee78b2e4bc34b3e12fbfdf37f7d0b203fe61917a9f69e67f44e5970998730a,fe5e953572395cceb7f50820650d8bcce531a63d141e83f5e2bce3b21549a534,4c4b709a7a9431b6e6ed604c2e1087aa038624b61fdee9c443713d253c2ecf57,9b7bde1f038dfb0f1d69577cd1f168bd40ff0ea0c5755b6e8b04a4deb0f77e63,,,,,,,,
promote_2026-04-28T19-35-19Z_5786,2026-04-28T19:35:19Z,egast-vfr-extracted,readback_advisory,egast_vfr_readback_family,egast_vfr_readback_family,egast-vfr-extracted::readback_advisory::2c0a6da5b0abc95f,sup_readback_benefit,b511a66f1c5e06961312bc1f1166a8077e6369aa6a65a14f178566e350d80579,Reading back a clearance and any safety critical information helps both the pilot and the controller understand what the aircraft has been instructed to do.,best_practice,note,best_practice,support_only,supported,true,defensible,true,false,advisory_only,high,false,pending,pass,pass,0,pass,pass,false,qwen3.6:35b-a3b,qwen3.6:35b-a3b,qwen2.5-coder:32b,qwen3.6:35b-a3b,qwen3.6:35b-a3b,qwen3.6:35b-a3b,24576,3,3,ollama-first-2026-04-28,25de32675884cb3976f22fb28206209e8e72a1db3a6e556bb46490935002b66c,d734d5291933bae15c654b4bbb2c90110fb66bfe6a3cd5cefadd8bb5a974b015,56b69ad27ea3962fdc492e67ea659e0b8a44eaa5352bc3b8f7c4da3124506e7b,1bee78b2e4bc34b3e12fbfdf37f7d0b203fe61917a9f69e67f44e5970998730a,fe5e953572395cceb7f50820650d8bcce531a63d141e83f5e2bce3b21549a534,4c4b709a7a9431b6e6ed604c2e1087aa038624b61fdee9c443713d253c2ecf57,9b7bde1f038dfb0f1d69577cd1f168bd40ff0ea0c5755b6e8b04a4deb0f77e63,,,,,,,,
promote_2026-04-28T19-35-19Z_5786,2026-04-28T19:35:19Z,h01-extracted,acknowledgement_3_8_1,h01_readback_family,h01_readback_family,h01-extracted::acknowledgement_3_8_1::9f7c6e8ae357bb62,ack_aircraft_call_sign,9afa15d8e1598bd5013deb261d55ad7d07c0da5e6dcc990b1c11eba1ffd74454,"When transmitted by an aircraft, the acknowledgement of receipt of a message shall comprise the call sign of that aircraft.",authoritative_requirement,shall,phraseology_rule,promote,supported,false,defensible,true,false,accepted,high,false,accepted,pass,pass,0,pass,pass,false,qwen3.6:35b-a3b,qwen3.6:35b-a3b,qwen2.5-coder:32b,qwen3.6:35b-a3b,qwen3.6:35b-a3b,qwen3.6:35b-a3b,24576,3,3,ollama-first-2026-04-28,25de32675884cb3976f22fb28206209e8e72a1db3a6e556bb46490935002b66c,d734d5291933bae15c654b4bbb2c90110fb66bfe6a3cd5cefadd8bb5a974b015,56b69ad27ea3962fdc492e67ea659e0b8a44eaa5352bc3b8f7c4da3124506e7b,1bee78b2e4bc34b3e12fbfdf37f7d0b203fe61917a9f69e67f44e5970998730a,fe5e953572395cceb7f50820650d8bcce531a63d141e83f5e2bce3b21549a534,4c4b709a7a9431b6e6ed604c2e1087aa038624b61fdee9c443713d253c2ecf57,9b7bde1f038dfb0f1d69577cd1f168bd40ff0ea0c5755b6e8b04a4deb0f77e63,,,,,,,,
promote_2026-04-28T19-35-19Z_5786,2026-04-28T19:35:19Z,h01-extracted,acknowledgement_3_8_1,h01_readback_family,h01_readback_family,h01-extracted::acknowledgement_3_8_1::84ba9adfad38e69f,ack_ats_unit_call_sign,f148ad2b0dbcb8e5d5b923b67423eb45e5fbf16321eb87f5ca50d665d46de1ff,"When acknowledgement of receipt is transmitted by an ATS unit to an aircraft, it shall comprise the call sign of the aircraft, followed if considered necessary, by the call sign of the ATS unit.",authoritative_requirement,shall,phraseology_rule,promote,supported,false,defensible,true,false,accepted,high,false,accepted,pass,pass,0,pass,pass,false,qwen3.6:35b-a3b,qwen3.6:35b-a3b,qwen2.5-coder:32b,qwen3.6:35b-a3b,qwen3.6:35b-a3b,qwen3.6:35b-a3b,24576,3,3,ollama-first-2026-04-28,25de32675884cb3976f22fb28206209e8e72a1db3a6e556bb46490935002b66c,d734d5291933bae15c654b4bbb2c90110fb66bfe6a3cd5cefadd8bb5a974b015,56b69ad27ea3962fdc492e67ea659e0b8a44eaa5352bc3b8f7c4da3124506e7b,1bee78b2e4bc34b3e12fbfdf37f7d0b203fe61917a9f69e67f44e5970998730a,fe5e953572395cceb7f50820650d8bcce531a63d141e83f5e2bce3b21549a534,4c4b709a7a9431b6e6ed604c2e1087aa038624b61fdee9c443713d253c2ecf57,9b7bde1f038dfb0f1d69577cd1f168bd40ff0ea0c5755b6e8b04a4deb0f77e63,,,,,,,,
promote_2026-04-28T19-35-19Z_5786,2026-04-28T19:35:19Z,h01-extracted,acknowledgement_3_8_1,h01_readback_family,h01_readback_family,h01-extracted::acknowledgement_3_8_1::647df1446645072b,crew_readback_safety_parts,3a423fb6e2165037af823b6224bdda2c933a485c8c562b5b8bbe95dbe0ca7629,The flight crew shall read back to the air traffic controller safety-related parts of ATC clearances and instructions which are transmitted by voice.,authoritative_requirement,shall,rule,promote,underspecified,false,defensible,false,false,needs_bundle,high,false,pending,pass,pass,0,pass,pass,false,qwen3.6:35b-a3b,qwen3.6:35b-a3b,qwen2.5-coder:32b,qwen3.6:35b-a3b,qwen3.6:35b-a3b,qwen3.6:35b-a3b,24576,3,3,ollama-first-2026-04-28,25de32675884cb3976f22fb28206209e8e72a1db3a6e556bb46490935002b66c,d734d5291933bae15c654b4bbb2c90110fb66bfe6a3cd5cefadd8bb5a974b015,56b69ad27ea3962fdc492e67ea659e0b8a44eaa5352bc3b8f7c4da3124506e7b,1bee78b2e4bc34b3e12fbfdf37f7d0b203fe61917a9f69e67f44e5970998730a,fe5e953572395cceb7f50820650d8bcce531a63d141e83f5e2bce3b21549a534,4c4b709a7a9431b6e6ed604c2e1087aa038624b61fdee9c443713d253c2ecf57,9b7bde1f038dfb0f1d69577cd1f168bd40ff0ea0c5755b6e8b04a4deb0f77e63,,,,,,,,
promote_2026-04-28T19-35-19Z_5786,2026-04-28T19:35:19Z,h01-extracted,acknowledgement_3_8_1,h01_readback_family,h01_readback_family,h01-extracted::acknowledgement_3_8_1::ae6bef87f80a813a,readback_atc_route_clearances,99aa8c31269fd4b5b5f5b7ad90b1336bfa1ab8953b5d948b913bd1f04e45a75c,ATC route clearances shall always be read back.,authoritative_requirement,shall,rule,promote,supported,true,defensible,true,false,accepted,high,false,accepted,pass,pass,0,pass,pass,false,qwen3.6:35b-a3b,qwen3.6:35b-a3b,qwen2.5-coder:32b,qwen3.6:35b-a3b,qwen3.6:35b-a3b,qwen3.6:35b-a3b,24576,3,3,ollama-first-2026-04-28,25de32675884cb3976f22fb28206209e8e72a1db3a6e556bb46490935002b66c,d734d5291933bae15c654b4bbb2c90110fb66bfe6a3cd5cefadd8bb5a974b015,56b69ad27ea3962fdc492e67ea659e0b8a44eaa5352bc3b8f7c4da3124506e7b,1bee78b2e4bc34b3e12fbfdf37f7d0b203fe61917a9f69e67f44e5970998730a,fe5e953572395cceb7f50820650d8bcce531a63d141e83f5e2bce3b21549a534,4c4b709a7a9431b6e6ed604c2e1087aa038624b61fdee9c443713d253c2ecf57,9b7bde1f038dfb0f1d69577cd1f168bd40ff0ea0c5755b6e8b04a4deb0f77e63,,,,,,,,
promote_2026-04-28T19-35-19Z_5786,2026-04-28T19:35:19Z,h01-extracted,acknowledgement_3_8_1,h01_readback_family,h01_readback_family,h01-extracted::acknowledgement_3_8_1::1ba408f68e9b501d,readback_runway_clearances,227d69c2de1b337d9d9dd6ac6f9b2f0558a3f81d64626a826210885e20041db8,"Clearances and instructions to enter, land on, take off from, hold short of, cross, taxi and backtrack on any runway shall always be read back.",authoritative_requirement,shall,rule,promote,supported,true,defensible,true,true,needs_bundle,high,false,pending,pass,pass,0,pass,pass,false,qwen3.6:35b-a3b,qwen3.6:35b-a3b,qwen2.5-coder:32b,qwen3.6:35b-a3b,qwen3.6:35b-a3b,qwen3.6:35b-a3b,24576,3,3,ollama-first-2026-04-28,25de32675884cb3976f22fb28206209e8e72a1db3a6e556bb46490935002b66c,d734d5291933bae15c654b4bbb2c90110fb66bfe6a3cd5cefadd8bb5a974b015,56b69ad27ea3962fdc492e67ea659e0b8a44eaa5352bc3b8f7c4da3124506e7b,1bee78b2e4bc34b3e12fbfdf37f7d0b203fe61917a9f69e67f44e5970998730a,fe5e953572395cceb7f50820650d8bcce531a63d141e83f5e2bce3b21549a534,4c4b709a7a9431b6e6ed604c2e1087aa038624b61fdee9c443713d253c2ecf57,9b7bde1f038dfb0f1d69577cd1f168bd40ff0ea0c5755b6e8b04a4deb0f77e63,,,,,,,,
promote_2026-04-28T19-35-19Z_5786,2026-04-28T19:35:19Z,h01-extracted,acknowledgement_3_8_1,h01_readback_family,h01_readback_family,h01-extracted::acknowledgement_3_8_1::fb4e915bd2eabca3,readback_operational_data,04fb573e1c8c8a469c6afa7e76b892adc4eafe61e5a518bcd288ea533afbb64d,"Runway-in-use, altimeter settings, SSR codes, newly assigned communication channels, level instructions, heading and speed instructions shall always be read back.",authoritative_requirement,shall,rule,promote,unsupported_by_source,false,defensible,true,true,needs_bundle,high,false,pending,pass,pass,0,pass,pass,false,qwen3.6:35b-a3b,qwen3.6:35b-a3b,qwen2.5-coder:32b,qwen3.6:35b-a3b,qwen3.6:35b-a3b,qwen3.6:35b-a3b,24576,3,3,ollama-first-2026-04-28,25de32675884cb3976f22fb28206209e8e72a1db3a6e556bb46490935002b66c,d734d5291933bae15c654b4bbb2c90110fb66bfe6a3cd5cefadd8bb5a974b015,56b69ad27ea3962fdc492e67ea659e0b8a44eaa5352bc3b8f7c4da3124506e7b,1bee78b2e4bc34b3e12fbfdf37f7d0b203fe61917a9f69e67f44e5970998730a,fe5e953572395cceb7f50820650d8bcce531a63d141e83f5e2bce3b21549a534,4c4b709a7a9431b6e6ed604c2e1087aa038624b61fdee9c443713d253c2ecf57,9b7bde1f038dfb0f1d69577cd1f168bd40ff0ea0c5755b6e8b04a4deb0f77e63,,,,,,,,
promote_2026-04-28T19-35-19Z_5786,2026-04-28T19:35:19Z,h01-extracted,acknowledgement_3_8_1,h01_readback_family,h01_readback_family,h01-extracted::acknowledgement_3_8_1::299a154acafe87cc,readback_transition_levels,0463a8c93f971dcef2d64c4356911d96729602df104bc7ce9e23a824c8fcaf7c,"Transition levels shall always be read back, whether issued by the controller or contained in ATIS broadcasts.",authoritative_requirement,shall,rule,promote,supported,true,defensible,true,false,accepted,high,false,accepted,pass,pass,0,pass,pass,false,qwen3.6:35b-a3b,qwen3.6:35b-a3b,qwen2.5-coder:32b,qwen3.6:35b-a3b,qwen3.6:35b-a3b,qwen3.6:35b-a3b,24576,3,3,ollama-first-2026-04-28,25de32675884cb3976f22fb28206209e8e72a1db3a6e556bb46490935002b66c,d734d5291933bae15c654b4bbb2c90110fb66bfe6a3cd5cefadd8bb5a974b015,56b69ad27ea3962fdc492e67ea659e0b8a44eaa5352bc3b8f7c4da3124506e7b,1bee78b2e4bc34b3e12fbfdf37f7d0b203fe61917a9f69e67f44e5970998730a,fe5e953572395cceb7f50820650d8bcce531a63d141e83f5e2bce3b21549a534,4c4b709a7a9431b6e6ed604c2e1087aa038624b61fdee9c443713d253c2ecf57,9b7bde1f038dfb0f1d69577cd1f168bd40ff0ea0c5755b6e8b04a4deb0f77e63,,,,,,,,
promote_2026-04-28T19-35-19Z_5786,2026-04-28T19:35:19Z,h01-extracted,acknowledgement_3_8_1,h01_readback_family,h01_readback_family,h01-extracted::acknowledgement_3_8_1::3225848831f73cdc,readback_other_clearances,cea46695713308221c10acf1c6cef48d1de6ee53f25619320afdc356ba0e024a,"Other clearances or instructions, including conditional clearances and taxi instructions, shall be read back or acknowledged in a manner to clearly indicate that they have been understood and will be complied with.",authoritative_requirement,shall,rule,promote,supported,false,defensible,true,false,accepted,high,false,accepted,pass,pass,0,pass,pass,false,qwen3.6:35b-a3b,qwen3.6:35b-a3b,qwen2.5-coder:32b,qwen3.6:35b-a3b,qwen3.6:35b-a3b,qwen3.6:35b-a3b,24576,3,3,ollama-first-2026-04-28,25de32675884cb3976f22fb28206209e8e72a1db3a6e556bb46490935002b66c,d734d5291933bae15c654b4bbb2c90110fb66bfe6a3cd5cefadd8bb5a974b015,56b69ad27ea3962fdc492e67ea659e0b8a44eaa5352bc3b8f7c4da3124506e7b,1bee78b2e4bc34b3e12fbfdf37f7d0b203fe61917a9f69e67f44e5970998730a,fe5e953572395cceb7f50820650d8bcce531a63d141e83f5e2bce3b21549a534,4c4b709a7a9431b6e6ed604c2e1087aa038624b61fdee9c443713d253c2ecf57,9b7bde1f038dfb0f1d69577cd1f168bd40ff0ea0c5755b6e8b04a4deb0f77e63,,,,,,,,
promote_2026-04-28T19-35-19Z_5786,2026-04-28T19:35:19Z,h01-extracted,acknowledgement_3_8_1,h01_readback_family,h01_readback_family,h01-extracted::acknowledgement_3_8_1::f6d1172db8916a27,controller_verify_readback,94f72aaa723b3f3dbd71689e8e2ec158206a63f6067e293016f680111ce8d91a,The controller shall listen to the read-back to ascertain that the clearance or instruction has been correctly acknowledged by the flight crew and shall take immediate action to correct any discrepancies revealed by the read-back.,authoritative_requirement,shall,workflow_constraint,promote,supported,false,defensible,true,false,accepted,high,false,accepted,pass,pass,0,pass,pass,false,qwen3.6:35b-a3b,qwen3.6:35b-a3b,qwen2.5-coder:32b,qwen3.6:35b-a3b,qwen3.6:35b-a3b,qwen3.6:35b-a3b,24576,3,3,ollama-first-2026-04-28,25de32675884cb3976f22fb28206209e8e72a1db3a6e556bb46490935002b66c,d734d5291933bae15c654b4bbb2c90110fb66bfe6a3cd5cefadd8bb5a974b015,56b69ad27ea3962fdc492e67ea659e0b8a44eaa5352bc3b8f7c4da3124506e7b,1bee78b2e4bc34b3e12fbfdf37f7d0b203fe61917a9f69e67f44e5970998730a,fe5e953572395cceb7f50820650d8bcce531a63d141e83f5e2bce3b21549a534,4c4b709a7a9431b6e6ed604c2e1087aa038624b61fdee9c443713d253c2ecf57,9b7bde1f038dfb0f1d69577cd1f168bd40ff0ea0c5755b6e8b04a4deb0f77e63,,,,,,,,
promote_2026-04-28T19-35-19Z_5786,2026-04-28T19:35:19Z,h01-extracted,acknowledgement_3_8_1,h01_readback_family,h01_readback_family,h01-extracted::acknowledgement_3_8_1::11f3df660516dfe3,no_voice_readback_cpdlc,1c20cdcecacdcb98908d90f70532a48566fb64f4cbe1a99c9946f9cb77ec3030,Voice read-back of CPDLC messages shall not be required.,authoritative_requirement,shall,rule,promote,supported,true,defensible,true,false,accepted,high,false,accepted,pass,pass,0,pass,pass,false,qwen3.6:35b-a3b,qwen3.6:35b-a3b,qwen2.5-coder:32b,qwen3.6:35b-a3b,qwen3.6:35b-a3b,qwen3.6:35b-a3b,24576,3,3,ollama-first-2026-04-28,25de32675884cb3976f22fb28206209e8e72a1db3a6e556bb46490935002b66c,d734d5291933bae15c654b4bbb2c90110fb66bfe6a3cd5cefadd8bb5a974b015,56b69ad27ea3962fdc492e67ea659e0b8a44eaa5352bc3b8f7c4da3124506e7b,1bee78b2e4bc34b3e12fbfdf37f7d0b203fe61917a9f69e67f44e5970998730a,fe5e953572395cceb7f50820650d8bcce531a63d141e83f5e2bce3b21549a534,4c4b709a7a9431b6e6ed604c2e1087aa038624b61fdee9c443713d253c2ecf57,9b7bde1f038dfb0f1d69577cd1f168bd40ff0ea0c5755b6e8b04a4deb0f77e63,,,,,,,,
promote_2026-04-28T19-35-19Z_5786,2026-04-28T19:35:19Z,h01-extracted,acknowledgement_3_8_1,h01_readback_family,h01_readback_family,h01-extracted::acknowledgement_3_8_1::d19604b475643777,perm_station_readback,57584edffb27c9a5f75a01fc22a45fd180128787eb9ea4956e5ae463a91de50f,It is permissible for verification for the receiving station to read back the message as an additional acknowledgement of receipt.,operational_guidance,may,best_practice,advisory_only,supported,false,defensible,true,false,advisory_only,high,false,pending,pass,pass,0,pass,pass,false,qwen3.6:35b-a3b,qwen3.6:35b-a3b,qwen2.5-coder:32b,qwen3.6:35b-a3b,qwen3.6:35b-a3b,qwen3.6:35b-a3b,24576,3,3,ollama-first-2026-04-28,25de32675884cb3976f22fb28206209e8e72a1db3a6e556bb46490935002b66c,d734d5291933bae15c654b4bbb2c90110fb66bfe6a3cd5cefadd8bb5a974b015,56b69ad27ea3962fdc492e67ea659e0b8a44eaa5352bc3b8f7c4da3124506e7b,1bee78b2e4bc34b3e12fbfdf37f7d0b203fe61917a9f69e67f44e5970998730a,fe5e953572395cceb7f50820650d8bcce531a63d141e83f5e2bce3b21549a534,4c4b709a7a9431b6e6ed604c2e1087aa038624b61fdee9c443713d253c2ecf57,9b7bde1f038dfb0f1d69577cd1f168bd40ff0ea0c5755b6e8b04a4deb0f77e63,,,,,,,,
promote_2026-04-28T19-35-19Z_5786,2026-04-28T19:35:19Z,h01-extracted,acknowledgement_3_8_1,h01_readback_family,h01_readback_family,h01-extracted::acknowledgement_3_8_1::6281074482768bcc,acknowledge_non_readback_info,955e2067d2b6b21ef1b1dc8e915746d00df4f77d3e9e482621bb4f66bef5f157,"If both instructions subject to read-back and other information – such as weather reports – are received in the same message, the information should be acknowledged with the words such as WEATHER RECEIVED after the instruction has been read",operational_guidance,should,phraseology_rule,advisory_only,supported,false,defensible,true,false,advisory_only,high,false,pending,pass,pass,0,pass,pass,false,qwen3.6:35b-a3b,qwen3.6:35b-a3b,qwen2.5-coder:32b,qwen3.6:35b-a3b,qwen3.6:35b-a3b,qwen3.6:35b-a3b,24576,3,3,ollama-first-2026-04-28,25de32675884cb3976f22fb28206209e8e72a1db3a6e556bb46490935002b66c,d734d5291933bae15c654b4bbb2c90110fb66bfe6a3cd5cefadd8bb5a974b015,56b69ad27ea3962fdc492e67ea659e0b8a44eaa5352bc3b8f7c4da3124506e7b,1bee78b2e4bc34b3e12fbfdf37f7d0b203fe61917a9f69e67f44e5970998730a,fe5e953572395cceb7f50820650d8bcce531a63d141e83f5e2bce3b21549a534,4c4b709a7a9431b6e6ed604c2e1087aa038624b61fdee9c443713d253c2ecf57,9b7bde1f038dfb0f1d69577cd1f168bd40ff0ea0c5755b6e8b04a4deb0f77e63,,,,,,,,
promote_2026-04-28T19-35-19Z_5786,2026-04-28T19:35:19Z,h01-extracted,corrections_3_8_3,h01_corrections_family,h01_corrections_family,h01-extracted::corrections_3_8_3::384103454b613f22,corr_error_transmission,58ab7b0a1222eb93d7faa3f87f18f7cf7403e8ddeec847aee32becc0bf661fbd,"When an error has been made in transmission, the word CORRECTION shall be spoken, the last correct group or phrase repeated, and then the corrected version transmitted.",authoritative_requirement,shall,phraseology_rule,promote,supported,false,defensible,true,false,accepted,high,false,accepted,pass,pass,0,pass,pass,false,qwen3.6:35b-a3b,qwen3.6:35b-a3b,qwen2.5-coder:32b,qwen3.6:35b-a3b,qwen3.6:35b-a3b,qwen3.6:35b-a3b,24576,3,3,ollama-first-2026-04-28,25de32675884cb3976f22fb28206209e8e72a1db3a6e556bb46490935002b66c,d734d5291933bae15c654b4bbb2c90110fb66bfe6a3cd5cefadd8bb5a974b015,56b69ad27ea3962fdc492e67ea659e0b8a44eaa5352bc3b8f7c4da3124506e7b,1bee78b2e4bc34b3e12fbfdf37f7d0b203fe61917a9f69e67f44e5970998730a,fe5e953572395cceb7f50820650d8bcce531a63d141e83f5e2bce3b21549a534,4c4b709a7a9431b6e6ed604c2e1087aa038624b61fdee9c443713d253c2ecf57,9b7bde1f038dfb0f1d69577cd1f168bd40ff0ea0c5755b6e8b04a4deb0f77e63,,,,,,,,
promote_2026-04-28T19-35-19Z_5786,2026-04-28T19:35:19Z,h01-extracted,corrections_3_8_3,h01_corrections_family,h01_corrections_family,h01-extracted::corrections_3_8_3::8a2be49544be3901,corr_full_repeat,649383183087ea8467afd3c71f26315811d16c2476144dbfc1c0c01bada18f41,"If a correction can best be made by repeating the entire message, the phrase CORRECTION, I SAY AGAIN shall be used before the message is transmitted a second time.",authoritative_requirement,shall,phraseology_rule,promote,supported,false,defensible,true,false,accepted,high,false,accepted,pass,pass,0,pass,pass,false,qwen3.6:35b-a3b,qwen3.6:35b-a3b,qwen2.5-coder:32b,qwen3.6:35b-a3b,qwen3.6:35b-a3b,qwen3.6:35b-a3b,24576,3,3,ollama-first-2026-04-28,25de32675884cb3976f22fb28206209e8e72a1db3a6e556bb46490935002b66c,d734d5291933bae15c654b4bbb2c90110fb66bfe6a3cd5cefadd8bb5a974b015,56b69ad27ea3962fdc492e67ea659e0b8a44eaa5352bc3b8f7c4da3124506e7b,1bee78b2e4bc34b3e12fbfdf37f7d0b203fe61917a9f69e67f44e5970998730a,fe5e953572395cceb7f50820650d8bcce531a63d141e83f5e2bce3b21549a534,4c4b709a7a9431b6e6ed604c2e1087aa038624b61fdee9c443713d253c2ecf57,9b7bde1f038dfb0f1d69577cd1f168bd40ff0ea0c5755b6e8b04a4deb0f77e63,,,,,,,,
promote_2026-04-28T19-35-19Z_5786,2026-04-28T19:35:19Z,h01-extracted,corrections_3_8_3,h01_corrections_family,h01_corrections_family,h01-extracted::corrections_3_8_3::86b96953b4cff92a,req_repetition_doubt,f46036ebb19f4fab12fe4407af83797624adb93ce7682b124d70f467509170c1,"If the receiving station is in doubt as to the correctness of the message received, a repetition either in full or in part shall be requested.",authoritative_requirement,shall,rule,promote,supported,false,defensible,true,false,accepted,high,false,accepted,pass,pass,0,pass,pass,false,qwen3.6:35b-a3b,qwen3.6:35b-a3b,qwen2.5-coder:32b,qwen3.6:35b-a3b,qwen3.6:35b-a3b,qwen3.6:35b-a3b,24576,3,3,ollama-first-2026-04-28,25de32675884cb3976f22fb28206209e8e72a1db3a6e556bb46490935002b66c,d734d5291933bae15c654b4bbb2c90110fb66bfe6a3cd5cefadd8bb5a974b015,56b69ad27ea3962fdc492e67ea659e0b8a44eaa5352bc3b8f7c4da3124506e7b,1bee78b2e4bc34b3e12fbfdf37f7d0b203fe61917a9f69e67f44e5970998730a,fe5e953572395cceb7f50820650d8bcce531a63d141e83f5e2bce3b21549a534,4c4b709a7a9431b6e6ed604c2e1087aa038624b61fdee9c443713d253c2ecf57,9b7bde1f038dfb0f1d69577cd1f168bd40ff0ea0c5755b6e8b04a4deb0f77e63,,,,,,,,
promote_2026-04-28T19-35-19Z_5786,2026-04-28T19:35:19Z,h01-extracted,corrections_3_8_3,h01_corrections_family,h01_corrections_family,h01-extracted::corrections_3_8_3::fc8020ddb859c620,req_say_again_full,e89e6534f0ec0cc46103240ece9d39e0a6c134d1a2001e61b6462e389798413b,"If repetition of an entire message is required, the words SAY AGAIN shall be spoken.",authoritative_requirement,shall,phraseology_rule,promote,supported,true,defensible,true,false,accepted,high,false,accepted,pass,pass,0,pass,pass,false,qwen3.6:35b-a3b,qwen3.6:35b-a3b,qwen2.5-coder:32b,qwen3.6:35b-a3b,qwen3.6:35b-a3b,qwen3.6:35b-a3b,24576,3,3,ollama-first-2026-04-28,25de32675884cb3976f22fb28206209e8e72a1db3a6e556bb46490935002b66c,d734d5291933bae15c654b4bbb2c90110fb66bfe6a3cd5cefadd8bb5a974b015,56b69ad27ea3962fdc492e67ea659e0b8a44eaa5352bc3b8f7c4da3124506e7b,1bee78b2e4bc34b3e12fbfdf37f7d0b203fe61917a9f69e67f44e5970998730a,fe5e953572395cceb7f50820650d8bcce531a63d141e83f5e2bce3b21549a534,4c4b709a7a9431b6e6ed604c2e1087aa038624b61fdee9c443713d253c2ecf57,9b7bde1f038dfb0f1d69577cd1f168bd40ff0ea0c5755b6e8b04a4deb0f77e63,,,,,,,,
promote_2026-04-28T19-35-19Z_5786,2026-04-28T19:35:19Z,h01-extracted,corrections_3_8_3,h01_corrections_family,h01_corrections_family,h01-extracted::corrections_3_8_3::f72f24e73a9378c1,req_say_again_partial_before,30d176cddec97e1f77f671229ae15a9e2024eb0a2363cb728b202be8c9564b5d,"If repetition of a portion of a message is required, the phrase SAY AGAIN ALL BEFORE… (first word satisfactorily received) shall be used.",authoritative_requirement,shall,phraseology_rule,promote,supported,true,defensible,true,false,accepted,high,false,accepted,pass,pass,0,pass,pass,false,qwen3.6:35b-a3b,qwen3.6:35b-a3b,qwen2.5-coder:32b,qwen3.6:35b-a3b,qwen3.6:35b-a3b,qwen3.6:35b-a3b,24576,3,3,ollama-first-2026-04-28,25de32675884cb3976f22fb28206209e8e72a1db3a6e556bb46490935002b66c,d734d5291933bae15c654b4bbb2c90110fb66bfe6a3cd5cefadd8bb5a974b015,56b69ad27ea3962fdc492e67ea659e0b8a44eaa5352bc3b8f7c4da3124506e7b,1bee78b2e4bc34b3e12fbfdf37f7d0b203fe61917a9f69e67f44e5970998730a,fe5e953572395cceb7f50820650d8bcce531a63d141e83f5e2bce3b21549a534,4c4b709a7a9431b6e6ed604c2e1087aa038624b61fdee9c443713d253c2ecf57,9b7bde1f038dfb0f1d69577cd1f168bd40ff0ea0c5755b6e8b04a4deb0f77e63,,,,,,,,
promote_2026-04-28T19-35-19Z_5786,2026-04-28T19:35:19Z,h01-extracted,corrections_3_8_3,h01_corrections_family,h01_corrections_family,h01-extracted::corrections_3_8_3::8cebeec30159f975,req_say_again_partial_middle,4b90afec615170b746640144f154254b95553707682bd7f6b2b951d91c00ac2e,"If repetition of a portion of a message is required, the phrase SAY AGAIN … (word before missing portion) TO… (word after missing portion) shall be used.",authoritative_requirement,shall,phraseology_rule,promote,supported,true,defensible,true,false,accepted,high,false,accepted,pass,pass,0,pass,pass,false,qwen3.6:35b-a3b,qwen3.6:35b-a3b,qwen2.5-coder:32b,qwen3.6:35b-a3b,qwen3.6:35b-a3b,qwen3.6:35b-a3b,24576,3,3,ollama-first-2026-04-28,25de32675884cb3976f22fb28206209e8e72a1db3a6e556bb46490935002b66c,d734d5291933bae15c654b4bbb2c90110fb66bfe6a3cd5cefadd8bb5a974b015,56b69ad27ea3962fdc492e67ea659e0b8a44eaa5352bc3b8f7c4da3124506e7b,1bee78b2e4bc34b3e12fbfdf37f7d0b203fe61917a9f69e67f44e5970998730a,fe5e953572395cceb7f50820650d8bcce531a63d141e83f5e2bce3b21549a534,4c4b709a7a9431b6e6ed604c2e1087aa038624b61fdee9c443713d253c2ecf57,9b7bde1f038dfb0f1d69577cd1f168bd40ff0ea0c5755b6e8b04a4deb0f77e63,,,,,,,,
promote_2026-04-28T19-35-19Z_5786,2026-04-28T19:35:19Z,h01-extracted,corrections_3_8_3,h01_corrections_family,h01_corrections_family,h01-extracted::corrections_3_8_3::74a82f65f8238803,req_say_again_partial_after,2a5b53121470a64c48d494247458ce94bf7250fd209cf9434c66f1652a5f4ab0,"If repetition of a portion of a message is required, the phrase SAY AGAIN ALL AFTER… (last word satisfactorily received) shall be used.",authoritative_requirement,shall,phraseology_rule,promote,supported,true,defensible,true,false,accepted,high,false,accepted,pass,pass,0,pass,pass,false,qwen3.6:35b-a3b,qwen3.6:35b-a3b,qwen2.5-coder:32b,qwen3.6:35b-a3b,qwen3.6:35b-a3b,qwen3.6:35b-a3b,24576,3,3,ollama-first-2026-04-28,25de32675884cb3976f22fb28206209e8e72a1db3a6e556bb46490935002b66c,d734d5291933bae15c654b4bbb2c90110fb66bfe6a3cd5cefadd8bb5a974b015,56b69ad27ea3962fdc492e67ea659e0b8a44eaa5352bc3b8f7c4da3124506e7b,1bee78b2e4bc34b3e12fbfdf37f7d0b203fe61917a9f69e67f44e5970998730a,fe5e953572395cceb7f50820650d8bcce531a63d141e83f5e2bce3b21549a534,4c4b709a7a9431b6e6ed604c2e1087aa038624b61fdee9c443713d253c2ecf57,9b7bde1f038dfb0f1d69577cd1f168bd40ff0ea0c5755b6e8b04a4deb0f77e63,,,,,,,,
promote_2026-04-28T19-35-19Z_5786,2026-04-28T19:35:19Z,h01-extracted,corrections_3_8_3,h01_corrections_family,h01_corrections_family,h01-extracted::corrections_3_8_3::08fa37157e593a92,req_negative_say_again,4db9c6b550ebf74484d45f0dff1f7853c2a648eb2a8f5278b47e8727632dd019,"If, in checking the correctness of a read-back, incorrect items are noticed, the words NEGATIVE I SAY AGAIN shall be transmitted at the conclusion of the read-back followed by the correct version of the items concerned.",authoritative_requirement,shall,phraseology_rule,promote,supported,false,defensible,true,false,accepted,high,false,accepted,pass,pass,0,pass,pass,false,qwen3.6:35b-a3b,qwen3.6:35b-a3b,qwen2.5-coder:32b,qwen3.6:35b-a3b,qwen3.6:35b-a3b,qwen3.6:35b-a3b,24576,3,3,ollama-first-2026-04-28,25de32675884cb3976f22fb28206209e8e72a1db3a6e556bb46490935002b66c,d734d5291933bae15c654b4bbb2c90110fb66bfe6a3cd5cefadd8bb5a974b015,56b69ad27ea3962fdc492e67ea659e0b8a44eaa5352bc3b8f7c4da3124506e7b,1bee78b2e4bc34b3e12fbfdf37f7d0b203fe61917a9f69e67f44e5970998730a,fe5e953572395cceb7f50820650d8bcce531a63d141e83f5e2bce3b21549a534,4c4b709a7a9431b6e6ed604c2e1087aa038624b61fdee9c443713d253c2ecf57,9b7bde1f038dfb0f1d69577cd1f168bd40ff0ea0c5755b6e8b04a4deb0f77e63,,,,,,,,
promote_2026-04-28T19-35-19Z_5786,2026-04-28T19:35:19Z,h01-extracted,corrections_3_8_3,h01_corrections_family,h01_corrections_family,h01-extracted::corrections_3_8_3::16272622eb9270ac,req_specific_item_repeat,0ceb4a3d10ec422a0a7a30ddb8b1e62f0fc3b484c1afabfe72afa172c6d526ce,"Specific items should be requested, as appropriate, such as SAY AGAIN WIND.",operational_guidance,should,best_practice,advisory_only,supported,true,defensible,true,false,advisory_only,high,false,pending,pass,pass,0,pass,pass,false,qwen3.6:35b-a3b,qwen3.6:35b-a3b,qwen2.5-coder:32b,qwen3.6:35b-a3b,qwen3.6:35b-a3b,qwen3.6:35b-a3b,24576,3,3,ollama-first-2026-04-28,25de32675884cb3976f22fb28206209e8e72a1db3a6e556bb46490935002b66c,d734d5291933bae15c654b4bbb2c90110fb66bfe6a3cd5cefadd8bb5a974b015,56b69ad27ea3962fdc492e67ea659e0b8a44eaa5352bc3b8f7c4da3124506e7b,1bee78b2e4bc34b3e12fbfdf37f7d0b203fe61917a9f69e67f44e5970998730a,fe5e953572395cceb7f50820650d8bcce531a63d141e83f5e2bce3b21549a534,4c4b709a7a9431b6e6ed604c2e1087aa038624b61fdee9c443713d253c2ecf57,9b7bde1f038dfb0f1d69577cd1f168bd40ff0ea0c5755b6e8b04a4deb0f77e63,,,,,,,,
promote_2026-04-28T19-35-19Z_5786,2026-04-28T19:35:19Z,h01-extracted,corrections_3_8_3,h01_corrections_family,h01_corrections_family,h01-extracted::corrections_3_8_3::3da4e8a007c77a4a,req_difficult_reception,2a0ab64b0986e0a61b02438e11f8985dd6113a2da65c19caf45a103ef0eaedc7,"When a station transmitting a message considers that reception is likely to be difficult, it should transmit the important elements of the message twice using the words I SAY AGAIN.",operational_guidance,should,best_practice,advisory_only,supported,false,defensible,true,false,advisory_only,high,false,pending,pass,pass,0,pass,pass,false,qwen3.6:35b-a3b,qwen3.6:35b-a3b,qwen2.5-coder:32b,qwen3.6:35b-a3b,qwen3.6:35b-a3b,qwen3.6:35b-a3b,24576,3,3,ollama-first-2026-04-28,25de32675884cb3976f22fb28206209e8e72a1db3a6e556bb46490935002b66c,d734d5291933bae15c654b4bbb2c90110fb66bfe6a3cd5cefadd8bb5a974b015,56b69ad27ea3962fdc492e67ea659e0b8a44eaa5352bc3b8f7c4da3124506e7b,1bee78b2e4bc34b3e12fbfdf37f7d0b203fe61917a9f69e67f44e5970998730a,fe5e953572395cceb7f50820650d8bcce531a63d141e83f5e2bce3b21549a534,4c4b709a7a9431b6e6ed604c2e1087aa038624b61fdee9c443713d253c2ecf57,9b7bde1f038dfb0f1d69577cd1f168bd40ff0ea0c5755b6e8b04a4deb0f77e63,,,,,,,,
promote_2026-04-28T19-35-19Z_5786,2026-04-28T19:35:19Z,h01-extracted,corrections_3_8_3,h01_corrections_family,h01_corrections_family,h01-extracted::corrections_3_8_3::e9b126d362773131,freq_aircraft,531093348cbdf264ca4a4053f32bab90d61be7ac94c72e0c55e5529d53d52362,Aircraft stations shall operate on the appropriate radio frequencies.,authoritative_requirement,shall,rule,promote,supported,true,defensible,true,false,accepted,high,false,accepted,pass,pass,0,pass,pass,false,qwen3.6:35b-a3b,qwen3.6:35b-a3b,qwen2.5-coder:32b,qwen3.6:35b-a3b,qwen3.6:35b-a3b,qwen3.6:35b-a3b,24576,3,3,ollama-first-2026-04-28,25de32675884cb3976f22fb28206209e8e72a1db3a6e556bb46490935002b66c,d734d5291933bae15c654b4bbb2c90110fb66bfe6a3cd5cefadd8bb5a974b015,56b69ad27ea3962fdc492e67ea659e0b8a44eaa5352bc3b8f7c4da3124506e7b,1bee78b2e4bc34b3e12fbfdf37f7d0b203fe61917a9f69e67f44e5970998730a,fe5e953572395cceb7f50820650d8bcce531a63d141e83f5e2bce3b21549a534,4c4b709a7a9431b6e6ed604c2e1087aa038624b61fdee9c443713d253c2ecf57,9b7bde1f038dfb0f1d69577cd1f168bd40ff0ea0c5755b6e8b04a4deb0f77e63,,,,,,,,
promote_2026-04-28T19-35-19Z_5786,2026-04-28T19:35:19Z,h01-extracted,corrections_3_8_3,h01_corrections_family,h01_corrections_family,h01-extracted::corrections_3_8_3::ee8d8ce24e99c2be,freq_atc_designate,2687c55e7da9c4490da6f81d5d0e25772efaab18c894e50afedbb9f30ff6371b,The air-ground control station shall designate the frequency (-ies) to be used under normal conditions by aircraft stations operating under its control.,authoritative_requirement,shall,rule,promote,supported,true,defensible,true,false,accepted,high,false,accepted,pass,pass,0,pass,pass,false,qwen3.6:35b-a3b,qwen3.6:35b-a3b,qwen2.5-coder:32b,qwen3.6:35b-a3b,qwen3.6:35b-a3b,qwen3.6:35b-a3b,24576,3,3,ollama-first-2026-04-28,25de32675884cb3976f22fb28206209e8e72a1db3a6e556bb46490935002b66c,d734d5291933bae15c654b4bbb2c90110fb66bfe6a3cd5cefadd8bb5a974b015,56b69ad27ea3962fdc492e67ea659e0b8a44eaa5352bc3b8f7c4da3124506e7b,1bee78b2e4bc34b3e12fbfdf37f7d0b203fe61917a9f69e67f44e5970998730a,fe5e953572395cceb7f50820650d8bcce531a63d141e83f5e2bce3b21549a534,4c4b709a7a9431b6e6ed604c2e1087aa038624b61fdee9c443713d253c2ecf57,9b7bde1f038dfb0f1d69577cd1f168bd40ff0ea0c5755b6e8b04a4deb0f77e63,,,,,,,,
promote_2026-04-28T19-35-19Z_5786,2026-04-28T19:35:19Z,h01-extracted,end_of_conversation_3_8_2,h01_end_of_conversation_family,h01_end_of_conversation_family,h01-extracted::end_of_conversation_3_8_2::1d66565b4872e6a0,h01_conv_term_3.8.2,5d38284abc4cb5c1772da3dade490a152c958bdfaeeef7943f45e277b2a6f75c,A radiotelephone conversation shall be terminated by the receiving ATS unit or the aircraft using its own call sign.,operational_guidance,shall,rule,promote,supported,true,defensible,true,false,accepted,high,false,accepted,pass,pass,0,pass,pass,false,qwen3.6:35b-a3b,qwen3.6:35b-a3b,qwen2.5-coder:32b,qwen3.6:35b-a3b,qwen3.6:35b-a3b,qwen3.6:35b-a3b,24576,3,3,ollama-first-2026-04-28,25de32675884cb3976f22fb28206209e8e72a1db3a6e556bb46490935002b66c,d734d5291933bae15c654b4bbb2c90110fb66bfe6a3cd5cefadd8bb5a974b015,56b69ad27ea3962fdc492e67ea659e0b8a44eaa5352bc3b8f7c4da3124506e7b,1bee78b2e4bc34b3e12fbfdf37f7d0b203fe61917a9f69e67f44e5970998730a,fe5e953572395cceb7f50820650d8bcce531a63d141e83f5e2bce3b21549a534,4c4b709a7a9431b6e6ed604c2e1087aa038624b61fdee9c443713d253c2ecf57,9b7bde1f038dfb0f1d69577cd1f168bd40ff0ea0c5755b6e8b04a4deb0f77e63,,,,,,,,
promote_2026-04-28T19-35-19Z_5786,2026-04-28T19:35:19Z,icao4444-extracted,aerodrome_traffic_7_6,icao4444_aerodrome_traffic_family,icao4444_aerodrome_traffic_family,icao4444-extracted::aerodrome_traffic_7_6::79651917f637e44b,7.6.1_clear_phrasing,c8f3c6db682e4f4371b1ef93c71bbc6a4c917e4ff22782dabf0db039c06ca1e0,"The controller shall ensure that instructions and information which require the flight crew to employ visual detection, recognition and observation are phrased in a clear, concise and complete manner.",authoritative_requirement,shall,rule,promote,supported,false,defensible,true,false,accepted,high,false,accepted,pass,pass,0,pass,pass,false,qwen3.6:35b-a3b,qwen3.6:35b-a3b,qwen2.5-coder:32b,qwen3.6:35b-a3b,qwen3.6:35b-a3b,qwen3.6:35b-a3b,24576,3,3,ollama-first-2026-04-28,25de32675884cb3976f22fb28206209e8e72a1db3a6e556bb46490935002b66c,d734d5291933bae15c654b4bbb2c90110fb66bfe6a3cd5cefadd8bb5a974b015,56b69ad27ea3962fdc492e67ea659e0b8a44eaa5352bc3b8f7c4da3124506e7b,1bee78b2e4bc34b3e12fbfdf37f7d0b203fe61917a9f69e67f44e5970998730a,fe5e953572395cceb7f50820650d8bcce531a63d141e83f5e2bce3b21549a534,4c4b709a7a9431b6e6ed604c2e1087aa038624b61fdee9c443713d253c2ecf57,9b7bde1f038dfb0f1d69577cd1f168bd40ff0ea0c5755b6e8b04a4deb0f77e63,,,,,,,,
promote_2026-04-28T19-35-19Z_5786,2026-04-28T19:35:19Z,icao4444-extracted,aerodrome_traffic_7_6,icao4444_aerodrome_traffic_family,icao4444_aerodrome_traffic_family,icao4444-extracted::aerodrome_traffic_7_6::ea64ad7c56d8e4ef,7.6.2_watch_positions,e2b904835210ef7939fb443eac7186f70867b346488c8a9d54ded16feaa90802,Aircraft should be watched closely as they approach these positions so that proper clearances may be issued without delay.,best_practice,should,best_practice,promote,supported,false,defensible,true,false,accepted,medium,true,accepted,pass,pass,0,pass,pass,false,qwen3.6:35b-a3b,qwen3.6:35b-a3b,qwen2.5-coder:32b,qwen3.6:35b-a3b,qwen3.6:35b-a3b,qwen3.6:35b-a3b,24576,3,3,ollama-first-2026-04-28,25de32675884cb3976f22fb28206209e8e72a1db3a6e556bb46490935002b66c,d734d5291933bae15c654b4bbb2c90110fb66bfe6a3cd5cefadd8bb5a974b015,56b69ad27ea3962fdc492e67ea659e0b8a44eaa5352bc3b8f7c4da3124506e7b,1bee78b2e4bc34b3e12fbfdf37f7d0b203fe61917a9f69e67f44e5970998730a,fe5e953572395cceb7f50820650d8bcce531a63d141e83f5e2bce3b21549a534,4c4b709a7a9431b6e6ed604c2e1087aa038624b61fdee9c443713d253c2ecf57,9b7bde1f038dfb0f1d69577cd1f168bd40ff0ea0c5755b6e8b04a4deb0f77e63,,,,,,,,
promote_2026-04-28T19-35-19Z_5786,2026-04-28T19:35:19Z,icao4444-extracted,aerodrome_traffic_7_6,icao4444_aerodrome_traffic_family,icao4444_aerodrome_traffic_family,icao4444-extracted::aerodrome_traffic_7_6::8c578c41b3ec04f7,7.6.2_clearances_without_call,64e2230162a312f8229a89748d2972e3378896264ab8f7b16c0b1d5566ddc8c6,"Where practicable, all clearances should be issued without waiting for aircraft to initiate the call.",best_practice,should,best_practice,promote,supported,false,defensible,true,false,accepted,high,false,accepted,pass,pass,0,pass,pass,false,qwen3.6:35b-a3b,qwen3.6:35b-a3b,qwen2.5-coder:32b,qwen3.6:35b-a3b,qwen3.6:35b-a3b,qwen3.6:35b-a3b,24576,3,3,ollama-first-2026-04-28,25de32675884cb3976f22fb28206209e8e72a1db3a6e556bb46490935002b66c,d734d5291933bae15c654b4bbb2c90110fb66bfe6a3cd5cefadd8bb5a974b015,56b69ad27ea3962fdc492e67ea659e0b8a44eaa5352bc3b8f7c4da3124506e7b,1bee78b2e4bc34b3e12fbfdf37f7d0b203fe61917a9f69e67f44e5970998730a,fe5e953572395cceb7f50820650d8bcce531a63d141e83f5e2bce3b21549a534,4c4b709a7a9431b6e6ed604c2e1087aa038624b61fdee9c443713d253c2ecf57,9b7bde1f038dfb0f1d69577cd1f168bd40ff0ea0c5755b6e8b04a4deb0f77e63,,,,,,,,
promote_2026-04-28T19-35-19Z_5786,2026-04-28T19:35:19Z,icao4444-extracted,aerodrome_traffic_7_6,icao4444_aerodrome_traffic_family,icao4444_aerodrome_traffic_family,icao4444-extracted::aerodrome_traffic_7_6::d93181c022b58bde,pos1_clearance_content,b6f01b9353e02192b504e866ca888366dbe492b7a08ae182abb5c81e98ec97e1,"At Position 1, runway-in-use information and taxi clearances shall be given.",authoritative_requirement,shall,rule,promote,supported,true,weak,true,false,accepted,medium,true,accepted,pass,pass,0,pass,pass,false,qwen3.6:35b-a3b,qwen3.6:35b-a3b,qwen2.5-coder:32b,qwen3.6:35b-a3b,qwen3.6:35b-a3b,qwen3.6:35b-a3b,24576,3,3,ollama-first-2026-04-28,25de32675884cb3976f22fb28206209e8e72a1db3a6e556bb46490935002b66c,d734d5291933bae15c654b4bbb2c90110fb66bfe6a3cd5cefadd8bb5a974b015,56b69ad27ea3962fdc492e67ea659e0b8a44eaa5352bc3b8f7c4da3124506e7b,1bee78b2e4bc34b3e12fbfdf37f7d0b203fe61917a9f69e67f44e5970998730a,fe5e953572395cceb7f50820650d8bcce531a63d141e83f5e2bce3b21549a534,4c4b709a7a9431b6e6ed604c2e1087aa038624b61fdee9c443713d253c2ecf57,9b7bde1f038dfb0f1d69577cd1f168bd40ff0ea0c5755b6e8b04a4deb0f77e63,,,,,,,,
promote_2026-04-28T19-35-19Z_5786,2026-04-28T19:35:19Z,icao4444-extracted,aerodrome_traffic_7_6,icao4444_aerodrome_traffic_family,icao4444_aerodrome_traffic_family,icao4444-extracted::aerodrome_traffic_7_6::507aa6792fc2544f,pos2_hold_and_runup,cbae1233d612158e80c421da9e687acd6ba7e6c16ea7565b235c22872ea03892,"At Position 2, if there is conflicting traffic, the departing aircraft will be held at this position. Engine run-up will, when required, normally be performed here.",authoritative_requirement,shall,rule,promote,supported,true,defensible,true,false,needs_human_review,medium,false,pending,pass,pass,0,pass,pass,false,qwen3.6:35b-a3b,qwen3.6:35b-a3b,qwen2.5-coder:32b,qwen3.6:35b-a3b,qwen3.6:35b-a3b,qwen3.6:35b-a3b,24576,3,3,ollama-first-2026-04-28,25de32675884cb3976f22fb28206209e8e72a1db3a6e556bb46490935002b66c,d734d5291933bae15c654b4bbb2c90110fb66bfe6a3cd5cefadd8bb5a974b015,56b69ad27ea3962fdc492e67ea659e0b8a44eaa5352bc3b8f7c4da3124506e7b,1bee78b2e4bc34b3e12fbfdf37f7d0b203fe61917a9f69e67f44e5970998730a,fe5e953572395cceb7f50820650d8bcce531a63d141e83f5e2bce3b21549a534,4c4b709a7a9431b6e6ed604c2e1087aa038624b61fdee9c443713d253c2ecf57,9b7bde1f038dfb0f1d69577cd1f168bd40ff0ea0c5755b6e8b04a4deb0f77e63,,,,,,,,
promote_2026-04-28T19-35-19Z_5786,2026-04-28T19:35:19Z,icao4444-extracted,aerodrome_traffic_7_6,icao4444_aerodrome_traffic_family,icao4444_aerodrome_traffic_family,icao4444-extracted::aerodrome_traffic_7_6::1ebd71be057d48f1,pos3_takeoff_clearance,ae85f648e7151bd6511041bc030904808220482a7543d143931d8285d6b899e1,"Take-off clearance shall be issued at Position 3, if not practicable at Position 2.",authoritative_requirement,shall,rule,promote,supported,true,weak,true,false,unsupported_by_source,high,false,pending,pass,pass,0,pass,pass,false,qwen3.6:35b-a3b,qwen3.6:35b-a3b,qwen2.5-coder:32b,qwen3.6:35b-a3b,qwen3.6:35b-a3b,qwen3.6:35b-a3b,24576,3,3,ollama-first-2026-04-28,25de32675884cb3976f22fb28206209e8e72a1db3a6e556bb46490935002b66c,d734d5291933bae15c654b4bbb2c90110fb66bfe6a3cd5cefadd8bb5a974b015,56b69ad27ea3962fdc492e67ea659e0b8a44eaa5352bc3b8f7c4da3124506e7b,1bee78b2e4bc34b3e12fbfdf37f7d0b203fe61917a9f69e67f44e5970998730a,fe5e953572395cceb7f50820650d8bcce531a63d141e83f5e2bce3b21549a534,4c4b709a7a9431b6e6ed604c2e1087aa038624b61fdee9c443713d253c2ecf57,9b7bde1f038dfb0f1d69577cd1f168bd40ff0ea0c5755b6e8b04a4deb0f77e63,,,,,,,,
promote_2026-04-28T19-35-19Z_5786,2026-04-28T19:35:19Z,icao4444-extracted,aerodrome_traffic_7_6,icao4444_aerodrome_traffic_family,icao4444_aerodrome_traffic_family,icao4444-extracted::aerodrome_traffic_7_6::f11471c05d5603f6,pos4_landing_clearance,cf58c3aab71ebf3bdbc043003cf0b59c9045b705c4e53b9ea2b318d7b629414f,Clearance to land shall be issued at Position 4 as practicable.,authoritative_requirement,shall,rule,promote,supported,true,defensible,true,false,needs_bundle,high,false,pending,pass,pass,0,pass,pass,false,qwen3.6:35b-a3b,qwen3.6:35b-a3b,qwen2.5-coder:32b,qwen3.6:35b-a3b,qwen3.6:35b-a3b,qwen3.6:35b-a3b,24576,3,3,ollama-first-2026-04-28,25de32675884cb3976f22fb28206209e8e72a1db3a6e556bb46490935002b66c,d734d5291933bae15c654b4bbb2c90110fb66bfe6a3cd5cefadd8bb5a974b015,56b69ad27ea3962fdc492e67ea659e0b8a44eaa5352bc3b8f7c4da3124506e7b,1bee78b2e4bc34b3e12fbfdf37f7d0b203fe61917a9f69e67f44e5970998730a,fe5e953572395cceb7f50820650d8bcce531a63d141e83f5e2bce3b21549a534,4c4b709a7a9431b6e6ed604c2e1087aa038624b61fdee9c443713d253c2ecf57,9b7bde1f038dfb0f1d69577cd1f168bd40ff0ea0c5755b6e8b04a4deb0f77e63,,,,,,,,
promote_2026-04-28T19-35-19Z_5786,2026-04-28T19:35:19Z,icao4444-extracted,aerodrome_traffic_7_6,icao4444_aerodrome_traffic_family,icao4444_aerodrome_traffic_family,icao4444-extracted::aerodrome_traffic_7_6::e2996520d363cc72,pos5_apron_clearance,53bfbf3ab306bcb6287ba72b922b33e7e4f31ef5285634172029cf7d24526574,Clearance to taxi to apron shall be issued at Position 5.,authoritative_requirement,shall,rule,promote,supported,true,defensible,true,false,unsupported_by_source,high,false,pending,pass,pass,0,pass,pass,false,qwen3.6:35b-a3b,qwen3.6:35b-a3b,qwen2.5-coder:32b,qwen3.6:35b-a3b,qwen3.6:35b-a3b,qwen3.6:35b-a3b,24576,3,3,ollama-first-2026-04-28,25de32675884cb3976f22fb28206209e8e72a1db3a6e556bb46490935002b66c,d734d5291933bae15c654b4bbb2c90110fb66bfe6a3cd5cefadd8bb5a974b015,56b69ad27ea3962fdc492e67ea659e0b8a44eaa5352bc3b8f7c4da3124506e7b,1bee78b2e4bc34b3e12fbfdf37f7d0b203fe61917a9f69e67f44e5970998730a,fe5e953572395cceb7f50820650d8bcce531a63d141e83f5e2bce3b21549a534,4c4b709a7a9431b6e6ed604c2e1087aa038624b61fdee9c443713d253c2ecf57,9b7bde1f038dfb0f1d69577cd1f168bd40ff0ea0c5755b6e8b04a4deb0f77e63,,,,,,,,
promote_2026-04-28T19-35-19Z_5786,2026-04-28T19:35:19Z,icao4444-extracted,aerodrome_traffic_7_6,icao4444_aerodrome_traffic_family,icao4444_aerodrome_traffic_family,icao4444-extracted::aerodrome_traffic_7_6::30fbd81bf8effce6,pos6_parking_info,001792eb1c518e07423f22ba2d1e64a0bb0791a68438eccf2bdbcd89410ef8b9,Parking information shall be issued at Position 6 if necessary.,authoritative_requirement,shall,rule,promote,supported,true,weak,true,false,accepted,medium,true,accepted,pass,pass,0,pass,pass,false,qwen3.6:35b-a3b,qwen3.6:35b-a3b,qwen2.5-coder:32b,qwen3.6:35b-a3b,qwen3.6:35b-a3b,qwen3.6:35b-a3b,24576,3,3,ollama-first-2026-04-28,25de32675884cb3976f22fb28206209e8e72a1db3a6e556bb46490935002b66c,d734d5291933bae15c654b4bbb2c90110fb66bfe6a3cd5cefadd8bb5a974b015,56b69ad27ea3962fdc492e67ea659e0b8a44eaa5352bc3b8f7c4da3124506e7b,1bee78b2e4bc34b3e12fbfdf37f7d0b203fe61917a9f69e67f44e5970998730a,fe5e953572395cceb7f50820650d8bcce531a63d141e83f5e2bce3b21549a534,4c4b709a7a9431b6e6ed604c2e1087aa038624b61fdee9c443713d253c2ecf57,9b7bde1f038dfb0f1d69577cd1f168bd40ff0ea0c5755b6e8b04a4deb0f77e63,,,,,,,,
promote_2026-04-28T19-35-19Z_5786,2026-04-28T19:35:19Z,icao4444-extracted,aerodrome_traffic_7_6,icao4444_aerodrome_traffic_family,icao4444_aerodrome_traffic_family,icao4444-extracted::aerodrome_traffic_7_6::1a07c3b999bc20c7,7.6.3.1.1.1_determine_parking,ac2b1d3a026da013d3007320672b299adb15f262553da66a2961c5c711120189,"Prior to issuing a taxi clearance, the controller shall determine where the aircraft concerned is parked.",authoritative_requirement,shall,workflow_constraint,promote,supported,false,defensible,true,false,accepted,high,false,accepted,pass,pass,0,pass,pass,false,qwen3.6:35b-a3b,qwen3.6:35b-a3b,qwen2.5-coder:32b,qwen3.6:35b-a3b,qwen3.6:35b-a3b,qwen3.6:35b-a3b,24576,3,3,ollama-first-2026-04-28,25de32675884cb3976f22fb28206209e8e72a1db3a6e556bb46490935002b66c,d734d5291933bae15c654b4bbb2c90110fb66bfe6a3cd5cefadd8bb5a974b015,56b69ad27ea3962fdc492e67ea659e0b8a44eaa5352bc3b8f7c4da3124506e7b,1bee78b2e4bc34b3e12fbfdf37f7d0b203fe61917a9f69e67f44e5970998730a,fe5e953572395cceb7f50820650d8bcce531a63d141e83f5e2bce3b21549a534,4c4b709a7a9431b6e6ed604c2e1087aa038624b61fdee9c443713d253c2ecf57,9b7bde1f038dfb0f1d69577cd1f168bd40ff0ea0c5755b6e8b04a4deb0f77e63,,,,,,,,
promote_2026-04-28T19-35-19Z_5786,2026-04-28T19:35:19Z,icao4444-extracted,aerodrome_traffic_7_6,icao4444_aerodrome_traffic_family,icao4444_aerodrome_traffic_family,icao4444-extracted::aerodrome_traffic_7_6::fef887f99f7e7cf2,7.6.3.1.1.1_taxi_content,9baea80f202a0d49b996a5e8abc2c9b3f19a913b71833c471fdd716ec94b1b85,"Taxi clearances shall contain concise instructions and adequate information so as to assist the flight crew to follow the correct taxi routes, to avoid collision with other aircraft or objects and to minimize the potential for the aircraft ",authoritative_requirement,shall,rule,promote,supported,false,defensible,true,false,accepted,high,false,accepted,pass,pass,0,pass,pass,false,qwen3.6:35b-a3b,qwen3.6:35b-a3b,qwen2.5-coder:32b,qwen3.6:35b-a3b,qwen3.6:35b-a3b,qwen3.6:35b-a3b,24576,3,3,ollama-first-2026-04-28,25de32675884cb3976f22fb28206209e8e72a1db3a6e556bb46490935002b66c,d734d5291933bae15c654b4bbb2c90110fb66bfe6a3cd5cefadd8bb5a974b015,56b69ad27ea3962fdc492e67ea659e0b8a44eaa5352bc3b8f7c4da3124506e7b,1bee78b2e4bc34b3e12fbfdf37f7d0b203fe61917a9f69e67f44e5970998730a,fe5e953572395cceb7f50820650d8bcce531a63d141e83f5e2bce3b21549a534,4c4b709a7a9431b6e6ed604c2e1087aa038624b61fdee9c443713d253c2ecf57,9b7bde1f038dfb0f1d69577cd1f168bd40ff0ea0c5755b6e8b04a4deb0f77e63,,,,,,,,
promote_2026-04-28T19-35-19Z_5786,2026-04-28T19:35:19Z,icao4444-extracted,aerodrome_traffic_7_6,icao4444_aerodrome_traffic_family,icao4444_aerodrome_traffic_family,icao4444-extracted::aerodrome_traffic_7_6::9b4a9d7a51b1e9db,7.6.3.1.1.2_runway_crossing,5cd69d400540149636a7ceb7fe95d455169d6a4f7532d96028ceaab4918986a8,"When a taxi clearance contains a taxi limit beyond a runway, it shall contain an explicit clearance to cross or an instruction to hold short of that runway.",authoritative_requirement,shall,rule,promote,supported,false,defensible,true,false,accepted,high,false,accepted,pass,pass,0,pass,pass,false,qwen3.6:35b-a3b,qwen3.6:35b-a3b,qwen2.5-coder:32b,qwen3.6:35b-a3b,qwen3.6:35b-a3b,qwen3.6:35b-a3b,24576,3,3,ollama-first-2026-04-28,25de32675884cb3976f22fb28206209e8e72a1db3a6e556bb46490935002b66c,d734d5291933bae15c654b4bbb2c90110fb66bfe6a3cd5cefadd8bb5a974b015,56b69ad27ea3962fdc492e67ea659e0b8a44eaa5352bc3b8f7c4da3124506e7b,1bee78b2e4bc34b3e12fbfdf37f7d0b203fe61917a9f69e67f44e5970998730a,fe5e953572395cceb7f50820650d8bcce531a63d141e83f5e2bce3b21549a534,4c4b709a7a9431b6e6ed604c2e1087aa038624b61fdee9c443713d253c2ecf57,9b7bde1f038dfb0f1d69577cd1f168bd40ff0ea0c5755b6e8b04a4deb0f77e63,,,,,,,,
promote_2026-04-28T19-35-19Z_5786,2026-04-28T19:35:19Z,icao4444-extracted,aerodrome_traffic_7_6,icao4444_aerodrome_traffic_family,icao4444_aerodrome_traffic_family,icao4444-extracted::aerodrome_traffic_7_6::a1788a24ccd1e00d,7.6.3.1.1.3_standard_routes,bd3c6afb317987d11718fe3597756c3b019eb9af7c79ec8a2f9b5a2e6d28bd50,The appropriate ATS authority should whenever practicable publish in the national AIP standard taxi routes to be used at an aerodrome. Standard taxi routes should be identified by appropriate designators and should be used in taxi clearance,best_practice,should,best_practice,advisory_only,supported,false,defensible,true,false,advisory_only,high,false,pending,pass,pass,0,pass,pass,false,qwen3.6:35b-a3b,qwen3.6:35b-a3b,qwen2.5-coder:32b,qwen3.6:35b-a3b,qwen3.6:35b-a3b,qwen3.6:35b-a3b,24576,3,3,ollama-first-2026-04-28,25de32675884cb3976f22fb28206209e8e72a1db3a6e556bb46490935002b66c,d734d5291933bae15c654b4bbb2c90110fb66bfe6a3cd5cefadd8bb5a974b015,56b69ad27ea3962fdc492e67ea659e0b8a44eaa5352bc3b8f7c4da3124506e7b,1bee78b2e4bc34b3e12fbfdf37f7d0b203fe61917a9f69e67f44e5970998730a,fe5e953572395cceb7f50820650d8bcce531a63d141e83f5e2bce3b21549a534,4c4b709a7a9431b6e6ed604c2e1087aa038624b61fdee9c443713d253c2ecf57,9b7bde1f038dfb0f1d69577cd1f168bd40ff0ea0c5755b6e8b04a4deb0f77e63,,,,,,,,
promote_2026-04-28T19-35-19Z_5786,2026-04-28T19:35:19Z,icao4444-extracted,aerodrome_traffic_7_6,icao4444_aerodrome_traffic_family,icao4444_aerodrome_traffic_family,icao4444-extracted::aerodrome_traffic_7_6::807d3583ea1279be,7.6.3.1.1.4_unpublished_routes,2f15fd19e55598d2c5d9da68c5bfc4fe5667a5d1d9a6a356bbccdf3b4050f5f0,"Where standard taxi routes have not been published, a taxi route should, whenever possible, be described by use of taxiway and runway designators. Other relevant information, such as an aircraft to follow or give way to, shall also be provi",authoritative_requirement,shall,rule,promote,supported,true,defensible,true,false,accepted,high,false,accepted,pass,pass,0,pass,pass,false,qwen3.6:35b-a3b,qwen3.6:35b-a3b,qwen2.5-coder:32b,qwen3.6:35b-a3b,qwen3.6:35b-a3b,qwen3.6:35b-a3b,24576,3,3,ollama-first-2026-04-28,25de32675884cb3976f22fb28206209e8e72a1db3a6e556bb46490935002b66c,d734d5291933bae15c654b4bbb2c90110fb66bfe6a3cd5cefadd8bb5a974b015,56b69ad27ea3962fdc492e67ea659e0b8a44eaa5352bc3b8f7c4da3124506e7b,1bee78b2e4bc34b3e12fbfdf37f7d0b203fe61917a9f69e67f44e5970998730a,fe5e953572395cceb7f50820650d8bcce531a63d141e83f5e2bce3b21549a534,4c4b709a7a9431b6e6ed604c2e1087aa038624b61fdee9c443713d253c2ecf57,9b7bde1f038dfb0f1d69577cd1f168bd40ff0ea0c5755b6e8b04a4deb0f77e63,,,,,,,,
promote_2026-04-28T19-35-19Z_5786,2026-04-28T19:35:19Z,icao4444-extracted,aerodrome_traffic_7_6,icao4444_aerodrome_traffic_family,icao4444_aerodrome_traffic_family,icao4444-extracted::aerodrome_traffic_7_6::ececad1d988ba39d,note1_instrument_approach,a6b14d5572ed2af3267426c4a4f9fe7cb7e015a3c9a535efb6c33810fa64a59d,Arriving aircraft executing an instrument approach procedure will normally enter the traffic circuit on final except when visual manoeuvring to the landing runway is required.,background_support,note,definition,support_only,supported,false,defensible,true,false,advisory_only,high,false,pending,pass,pass,0,pass,pass,false,qwen3.6:35b-a3b,qwen3.6:35b-a3b,qwen2.5-coder:32b,qwen3.6:35b-a3b,qwen3.6:35b-a3b,qwen3.6:35b-a3b,24576,3,3,ollama-first-2026-04-28,25de32675884cb3976f22fb28206209e8e72a1db3a6e556bb46490935002b66c,d734d5291933bae15c654b4bbb2c90110fb66bfe6a3cd5cefadd8bb5a974b015,56b69ad27ea3962fdc492e67ea659e0b8a44eaa5352bc3b8f7c4da3124506e7b,1bee78b2e4bc34b3e12fbfdf37f7d0b203fe61917a9f69e67f44e5970998730a,fe5e953572395cceb7f50820650d8bcce531a63d141e83f5e2bce3b21549a534,4c4b709a7a9431b6e6ed604c2e1087aa038624b61fdee9c443713d253c2ecf57,9b7bde1f038dfb0f1d69577cd1f168bd40ff0ea0c5755b6e8b04a4deb0f77e63,,,,,,,,
promote_2026-04-28T19-35-19Z_5786,2026-04-28T19:35:19Z,icao4444-extracted,arriving_aircraft_7_10,icao4444_arriving_aircraft_family,icao4444_arriving_aircraft_family,icao4444-extracted::arriving_aircraft_7_10::e053424300a4b6f1,7.10.1_separation_prohibition,3c89d037d4b37341a7572a0d396b52f20500578a493cbe64a47851f24cbbb653,"A landing aircraft will not normally be permitted to cross the runway threshold on its final approach until the preceding departing aircraft has crossed the end of the runway-in-use, has started a turn, or until all preceding landing aircra",authoritative_requirement,shall,rule,promote,supported,true,defensible,true,false,accepted,high,false,accepted,pass,pass,0,pass,pass,false,qwen3.6:35b-a3b,qwen3.6:35b-a3b,qwen2.5-coder:32b,qwen3.6:35b-a3b,qwen3.6:35b-a3b,qwen3.6:35b-a3b,24576,3,3,ollama-first-2026-04-28,25de32675884cb3976f22fb28206209e8e72a1db3a6e556bb46490935002b66c,d734d5291933bae15c654b4bbb2c90110fb66bfe6a3cd5cefadd8bb5a974b015,56b69ad27ea3962fdc492e67ea659e0b8a44eaa5352bc3b8f7c4da3124506e7b,1bee78b2e4bc34b3e12fbfdf37f7d0b203fe61917a9f69e67f44e5970998730a,fe5e953572395cceb7f50820650d8bcce531a63d141e83f5e2bce3b21549a534,4c4b709a7a9431b6e6ed604c2e1087aa038624b61fdee9c443713d253c2ecf57,9b7bde1f038dfb0f1d69577cd1f168bd40ff0ea0c5755b6e8b04a4deb0f77e63,,,,,,,,
promote_2026-04-28T19-35-19Z_5786,2026-04-28T19:35:19Z,icao4444-extracted,arriving_aircraft_7_10,icao4444_arriving_aircraft_family,icao4444_arriving_aircraft_family,icao4444-extracted::arriving_aircraft_7_10::dcc6bc5c93d748ec,7.10.1_note1,22e332604ba5575ca726bddee05819e13597cfc1cc40f7b6b0804b74c3abe6d3,See Figure 7-2.,background_support,note,definition,support_only,supported,false,defensible,true,false,advisory_only,high,false,pending,pass,pass,0,pass,pass,false,qwen3.6:35b-a3b,qwen3.6:35b-a3b,qwen2.5-coder:32b,qwen3.6:35b-a3b,qwen3.6:35b-a3b,qwen3.6:35b-a3b,24576,3,3,ollama-first-2026-04-28,25de32675884cb3976f22fb28206209e8e72a1db3a6e556bb46490935002b66c,d734d5291933bae15c654b4bbb2c90110fb66bfe6a3cd5cefadd8bb5a974b015,56b69ad27ea3962fdc492e67ea659e0b8a44eaa5352bc3b8f7c4da3124506e7b,1bee78b2e4bc34b3e12fbfdf37f7d0b203fe61917a9f69e67f44e5970998730a,fe5e953572395cceb7f50820650d8bcce531a63d141e83f5e2bce3b21549a534,4c4b709a7a9431b6e6ed604c2e1087aa038624b61fdee9c443713d253c2ecf57,9b7bde1f038dfb0f1d69577cd1f168bd40ff0ea0c5755b6e8b04a4deb0f77e63,,,,,,,,
promote_2026-04-28T19-35-19Z_5786,2026-04-28T19:35:19Z,icao4444-extracted,arriving_aircraft_7_10,icao4444_arriving_aircraft_family,icao4444_arriving_aircraft_family,icao4444-extracted::arriving_aircraft_7_10::b74da3c290fac10d,7.10.1_note2,9c3733f5afb7bd51a2afc832d5b4a0ef4b82a738dd3250d767055d4cc2e3af0d,"Wake turbulence categories of aircraft and longitudinal separation minima are contained in Chapter 4, Section 4.9 and Chapter 5, Section 5.8, respectively.",background_support,note,definition,support_only,supported,false,defensible,true,false,advisory_only,high,false,pending,pass,pass,0,pass,pass,false,qwen3.6:35b-a3b,qwen3.6:35b-a3b,qwen2.5-coder:32b,qwen3.6:35b-a3b,qwen3.6:35b-a3b,qwen3.6:35b-a3b,24576,3,3,ollama-first-2026-04-28,25de32675884cb3976f22fb28206209e8e72a1db3a6e556bb46490935002b66c,d734d5291933bae15c654b4bbb2c90110fb66bfe6a3cd5cefadd8bb5a974b015,56b69ad27ea3962fdc492e67ea659e0b8a44eaa5352bc3b8f7c4da3124506e7b,1bee78b2e4bc34b3e12fbfdf37f7d0b203fe61917a9f69e67f44e5970998730a,fe5e953572395cceb7f50820650d8bcce531a63d141e83f5e2bce3b21549a534,4c4b709a7a9431b6e6ed604c2e1087aa038624b61fdee9c443713d253c2ecf57,9b7bde1f038dfb0f1d69577cd1f168bd40ff0ea0c5755b6e8b04a4deb0f77e63,,,,,,,,
promote_2026-04-28T19-35-19Z_5786,2026-04-28T19:35:19Z,icao4444-extracted,arriving_aircraft_7_10,icao4444_arriving_aircraft_family,icao4444_arriving_aircraft_family,icao4444-extracted::arriving_aircraft_7_10::b69123447be6f6b8,7.10.1_note3,d67094b00902ce3322935fadc3d16c2e7cef6d76120925556ccb4a31ceccac42,See 7.6.3.1.2.2.,background_support,note,definition,support_only,supported,false,defensible,true,false,advisory_only,high,false,pending,pass,pass,0,pass,pass,false,qwen3.6:35b-a3b,qwen3.6:35b-a3b,qwen2.5-coder:32b,qwen3.6:35b-a3b,qwen3.6:35b-a3b,qwen3.6:35b-a3b,24576,3,3,ollama-first-2026-04-28,25de32675884cb3976f22fb28206209e8e72a1db3a6e556bb46490935002b66c,d734d5291933bae15c654b4bbb2c90110fb66bfe6a3cd5cefadd8bb5a974b015,56b69ad27ea3962fdc492e67ea659e0b8a44eaa5352bc3b8f7c4da3124506e7b,1bee78b2e4bc34b3e12fbfdf37f7d0b203fe61917a9f69e67f44e5970998730a,fe5e953572395cceb7f50820650d8bcce531a63d141e83f5e2bce3b21549a534,4c4b709a7a9431b6e6ed604c2e1087aa038624b61fdee9c443713d253c2ecf57,9b7bde1f038dfb0f1d69577cd1f168bd40ff0ea0c5755b6e8b04a4deb0f77e63,,,,,,,,
promote_2026-04-28T19-35-19Z_5786,2026-04-28T19:35:19Z,icao4444-extracted,arriving_aircraft_7_10,icao4444_arriving_aircraft_family,icao4444_arriving_aircraft_family,icao4444-extracted::arriving_aircraft_7_10::09c82f4c076f4df1,7.10.2_clearance_condition,e22254b739768f3b89446eca6c8c8b05741cd1a80d071bc76f45aec6984bd654,"An aircraft may be cleared to land when there is reasonable assurance that the separation in 7.10.1, or prescribed in accordance with 7.11 will exist when the aircraft crosses the runway threshold.",authoritative_requirement,shall,rule,promote,supported,true,weak,true,false,accepted,high,false,accepted,pass,pass,0,pass,pass,false,qwen3.6:35b-a3b,qwen3.6:35b-a3b,qwen2.5-coder:32b,qwen3.6:35b-a3b,qwen3.6:35b-a3b,qwen3.6:35b-a3b,24576,3,3,ollama-first-2026-04-28,25de32675884cb3976f22fb28206209e8e72a1db3a6e556bb46490935002b66c,d734d5291933bae15c654b4bbb2c90110fb66bfe6a3cd5cefadd8bb5a974b015,56b69ad27ea3962fdc492e67ea659e0b8a44eaa5352bc3b8f7c4da3124506e7b,1bee78b2e4bc34b3e12fbfdf37f7d0b203fe61917a9f69e67f44e5970998730a,fe5e953572395cceb7f50820650d8bcce531a63d141e83f5e2bce3b21549a534,4c4b709a7a9431b6e6ed604c2e1087aa038624b61fdee9c443713d253c2ecf57,9b7bde1f038dfb0f1d69577cd1f168bd40ff0ea0c5755b6e8b04a4deb0f77e63,,,,,,,,
promote_2026-04-28T19-35-19Z_5786,2026-04-28T19:35:19Z,icao4444-extracted,arriving_aircraft_7_10,icao4444_arriving_aircraft_family,icao4444_arriving_aircraft_family,icao4444-extracted::arriving_aircraft_7_10::970816bfff3ce27e,7.10.2_clearance_timing,4b588047d5a9dde9b5e1c66a1c150b3ddf876ae2674562b042fdd6f2973dcf08,A clearance to land shall not be issued until a preceding landing aircraft has crossed the runway threshold.,authoritative_requirement,shall,rule,promote,supported,true,defensible,true,false,accepted,high,false,accepted,pass,pass,0,pass,pass,false,qwen3.6:35b-a3b,qwen3.6:35b-a3b,qwen2.5-coder:32b,qwen3.6:35b-a3b,qwen3.6:35b-a3b,qwen3.6:35b-a3b,24576,3,3,ollama-first-2026-04-28,25de32675884cb3976f22fb28206209e8e72a1db3a6e556bb46490935002b66c,d734d5291933bae15c654b4bbb2c90110fb66bfe6a3cd5cefadd8bb5a974b015,56b69ad27ea3962fdc492e67ea659e0b8a44eaa5352bc3b8f7c4da3124506e7b,1bee78b2e4bc34b3e12fbfdf37f7d0b203fe61917a9f69e67f44e5970998730a,fe5e953572395cceb7f50820650d8bcce531a63d141e83f5e2bce3b21549a534,4c4b709a7a9431b6e6ed604c2e1087aa038624b61fdee9c443713d253c2ecf57,9b7bde1f038dfb0f1d69577cd1f168bd40ff0ea0c5755b6e8b04a4deb0f77e63,,,,,,,,
promote_2026-04-28T19-35-19Z_5786,2026-04-28T19:35:19Z,icao4444-extracted,arriving_aircraft_7_10,icao4444_arriving_aircraft_family,icao4444_arriving_aircraft_family,icao4444-extracted::arriving_aircraft_7_10::7068da68659afff4,7.10.2_runway_designator,5e3e4f25fc035d0d13b565406c59322a0758a624a47e4a0f400f0f6630a740e1,The landing clearance shall include the designator of the landing runway.,authoritative_requirement,shall,phraseology_rule,promote,supported,false,defensible,true,false,accepted,high,false,accepted,pass,pass,0,pass,pass,false,qwen3.6:35b-a3b,qwen3.6:35b-a3b,qwen2.5-coder:32b,qwen3.6:35b-a3b,qwen3.6:35b-a3b,qwen3.6:35b-a3b,24576,3,3,ollama-first-2026-04-28,25de32675884cb3976f22fb28206209e8e72a1db3a6e556bb46490935002b66c,d734d5291933bae15c654b4bbb2c90110fb66bfe6a3cd5cefadd8bb5a974b015,56b69ad27ea3962fdc492e67ea659e0b8a44eaa5352bc3b8f7c4da3124506e7b,1bee78b2e4bc34b3e12fbfdf37f7d0b203fe61917a9f69e67f44e5970998730a,fe5e953572395cceb7f50820650d8bcce531a63d141e83f5e2bce3b21549a534,4c4b709a7a9431b6e6ed604c2e1087aa038624b61fdee9c443713d253c2ecf57,9b7bde1f038dfb0f1d69577cd1f168bd40ff0ea0c5755b6e8b04a4deb0f77e63,,,,,,,,
promote_2026-04-28T19-35-19Z_5786,2026-04-28T19:35:19Z,icao4444-extracted,arriving_aircraft_7_10,icao4444_arriving_aircraft_family,icao4444_arriving_aircraft_family,icao4444-extracted::arriving_aircraft_7_10::aa0f73d586f3e111,7.10.3.1a_hold_short,93bb906001c13b8df64419978703fa32ed84af368efc54e4d929cbda489777f9,A landing aircraft may be requested to hold short of an intersecting runway after landing.,authoritative_requirement,may,rule,promote,authority_too_high,false,defensible,true,false,accepted,high,false,pending,fail,pass,0,pass,fail,false,qwen3.6:35b-a3b,qwen3.6:35b-a3b,qwen2.5-coder:32b,qwen3.6:35b-a3b,qwen3.6:35b-a3b,qwen3.6:35b-a3b,24576,3,3,ollama-first-2026-04-28,25de32675884cb3976f22fb28206209e8e72a1db3a6e556bb46490935002b66c,d734d5291933bae15c654b4bbb2c90110fb66bfe6a3cd5cefadd8bb5a974b015,56b69ad27ea3962fdc492e67ea659e0b8a44eaa5352bc3b8f7c4da3124506e7b,1bee78b2e4bc34b3e12fbfdf37f7d0b203fe61917a9f69e67f44e5970998730a,fe5e953572395cceb7f50820650d8bcce531a63d141e83f5e2bce3b21549a534,4c4b709a7a9431b6e6ed604c2e1087aa038624b61fdee9c443713d253c2ecf57,9b7bde1f038dfb0f1d69577cd1f168bd40ff0ea0c5755b6e8b04a4deb0f77e63,,,,,,,,
promote_2026-04-28T19-35-19Z_5786,2026-04-28T19:35:19Z,icao4444-extracted,arriving_aircraft_7_10,icao4444_arriving_aircraft_family,icao4444_arriving_aircraft_family,icao4444-extracted::arriving_aircraft_7_10::3ef87813f8f2b01d,7.10.3.1b_land_beyond,a8ea7d3c60976dc6d81063f39d18091f021b24d576c8b5ab19bb166ba1a80394,A landing aircraft may be requested to land beyond the touchdown zone of the runway.,authoritative_requirement,may,rule,promote,authority_too_high,false,defensible,true,false,accepted,high,false,pending,fail,pass,0,pass,fail,false,qwen3.6:35b-a3b,qwen3.6:35b-a3b,qwen2.5-coder:32b,qwen3.6:35b-a3b,qwen3.6:35b-a3b,qwen3.6:35b-a3b,24576,3,3,ollama-first-2026-04-28,25de32675884cb3976f22fb28206209e8e72a1db3a6e556bb46490935002b66c,d734d5291933bae15c654b4bbb2c90110fb66bfe6a3cd5cefadd8bb5a974b015,56b69ad27ea3962fdc492e67ea659e0b8a44eaa5352bc3b8f7c4da3124506e7b,1bee78b2e4bc34b3e12fbfdf37f7d0b203fe61917a9f69e67f44e5970998730a,fe5e953572395cceb7f50820650d8bcce531a63d141e83f5e2bce3b21549a534,4c4b709a7a9431b6e6ed604c2e1087aa038624b61fdee9c443713d253c2ecf57,9b7bde1f038dfb0f1d69577cd1f168bd40ff0ea0c5755b6e8b04a4deb0f77e63,,,,,,,,
promote_2026-04-28T19-35-19Z_5786,2026-04-28T19:35:19Z,icao4444-extracted,arriving_aircraft_7_10,icao4444_arriving_aircraft_family,icao4444_arriving_aircraft_family,icao4444-extracted::arriving_aircraft_7_10::0b374c5d204b8a16,7.10.3.1c_vacate_specified,85c5e8ab3ec2a7116be29ad78247fc6d25fc671b41c2f53f01638abd5fb2d226,A landing aircraft may be requested to vacate the runway at a specified exit taxiway.,authoritative_requirement,may,rule,promote,authority_too_high,false,defensible,true,false,needs_human_review,medium,false,pending,fail,pass,0,pass,fail,false,qwen3.6:35b-a3b,qwen3.6:35b-a3b,qwen2.5-coder:32b,qwen3.6:35b-a3b,qwen3.6:35b-a3b,qwen3.6:35b-a3b,24576,3,3,ollama-first-2026-04-28,25de32675884cb3976f22fb28206209e8e72a1db3a6e556bb46490935002b66c,d734d5291933bae15c654b4bbb2c90110fb66bfe6a3cd5cefadd8bb5a974b015,56b69ad27ea3962fdc492e67ea659e0b8a44eaa5352bc3b8f7c4da3124506e7b,1bee78b2e4bc34b3e12fbfdf37f7d0b203fe61917a9f69e67f44e5970998730a,fe5e953572395cceb7f50820650d8bcce531a63d141e83f5e2bce3b21549a534,4c4b709a7a9431b6e6ed604c2e1087aa038624b61fdee9c443713d253c2ecf57,9b7bde1f038dfb0f1d69577cd1f168bd40ff0ea0c5755b6e8b04a4deb0f77e63,,,,,,,,
promote_2026-04-28T19-35-19Z_5786,2026-04-28T19:35:19Z,icao4444-extracted,arriving_aircraft_7_10,icao4444_arriving_aircraft_family,icao4444_arriving_aircraft_family,icao4444-extracted::arriving_aircraft_7_10::4aa25a6dde894229,7.10.3.1d_expedit_vacate,901b55961ec5e388402900c06b9ec2eefe3b11216d151d65386d61181867869f,A landing aircraft may be requested to expedite vacating the runway.,authoritative_requirement,may,rule,promote,authority_too_high,false,defensible,true,false,accepted,high,false,pending,fail,pass,0,pass,fail,false,qwen3.6:35b-a3b,qwen3.6:35b-a3b,qwen2.5-coder:32b,qwen3.6:35b-a3b,qwen3.6:35b-a3b,qwen3.6:35b-a3b,24576,3,3,ollama-first-2026-04-28,25de32675884cb3976f22fb28206209e8e72a1db3a6e556bb46490935002b66c,d734d5291933bae15c654b4bbb2c90110fb66bfe6a3cd5cefadd8bb5a974b015,56b69ad27ea3962fdc492e67ea659e0b8a44eaa5352bc3b8f7c4da3124506e7b,1bee78b2e4bc34b3e12fbfdf37f7d0b203fe61917a9f69e67f44e5970998730a,fe5e953572395cceb7f50820650d8bcce531a63d141e83f5e2bce3b21549a534,4c4b709a7a9431b6e6ed604c2e1087aa038624b61fdee9c443713d253c2ecf57,9b7bde1f038dfb0f1d69577cd1f168bd40ff0ea0c5755b6e8b04a4deb0f77e63,,,,,,,,
promote_2026-04-28T19-35-19Z_5786,2026-04-28T19:35:19Z,icao4444-extracted,arriving_aircraft_7_10,icao4444_arriving_aircraft_family,icao4444_arriving_aircraft_family,icao4444-extracted::arriving_aircraft_7_10::7be3b28be8d8a669,7.10.3.2_heavy_prohibition,fa5f8fca309f82072c150f093f2c5d376c41bf4ed9cb76b0e90dc8217771e17b,A HEAVY aircraft shall not be requested to land beyond the touchdown zone of a runway.,authoritative_requirement,shall,rule,promote,supported,false,defensible,true,false,accepted,high,false,accepted,pass,pass,0,pass,pass,false,qwen3.6:35b-a3b,qwen3.6:35b-a3b,qwen2.5-coder:32b,qwen3.6:35b-a3b,qwen3.6:35b-a3b,qwen3.6:35b-a3b,24576,3,3,ollama-first-2026-04-28,25de32675884cb3976f22fb28206209e8e72a1db3a6e556bb46490935002b66c,d734d5291933bae15c654b4bbb2c90110fb66bfe6a3cd5cefadd8bb5a974b015,56b69ad27ea3962fdc492e67ea659e0b8a44eaa5352bc3b8f7c4da3124506e7b,1bee78b2e4bc34b3e12fbfdf37f7d0b203fe61917a9f69e67f44e5970998730a,fe5e953572395cceb7f50820650d8bcce531a63d141e83f5e2bce3b21549a534,4c4b709a7a9431b6e6ed604c2e1087aa038624b61fdee9c443713d253c2ecf57,9b7bde1f038dfb0f1d69577cd1f168bd40ff0ea0c5755b6e8b04a4deb0f77e63,,,,,,,,
promote_2026-04-28T19-35-19Z_5786,2026-04-28T19:35:19Z,icao4444-extracted,arriving_aircraft_7_10,icao4444_arriving_aircraft_family,icao4444_arriving_aircraft_family,icao4444-extracted::arriving_aircraft_7_10::1a4a79af836e5494,7.10.3.3_pilot_inability,06dc05862700f23631d5ed482571f9cac0b8413f956c627e5965372b10c27411,"If the pilot-in-command considers that he or she is unable to comply with the requested operation, the controller shall be advised without delay.",authoritative_requirement,shall,workflow_constraint,promote,supported,false,defensible,true,false,accepted,high,false,accepted,pass,pass,0,pass,pass,false,qwen3.6:35b-a3b,qwen3.6:35b-a3b,qwen2.5-coder:32b,qwen3.6:35b-a3b,qwen3.6:35b-a3b,qwen3.6:35b-a3b,24576,3,3,ollama-first-2026-04-28,25de32675884cb3976f22fb28206209e8e72a1db3a6e556bb46490935002b66c,d734d5291933bae15c654b4bbb2c90110fb66bfe6a3cd5cefadd8bb5a974b015,56b69ad27ea3962fdc492e67ea659e0b8a44eaa5352bc3b8f7c4da3124506e7b,1bee78b2e4bc34b3e12fbfdf37f7d0b203fe61917a9f69e67f44e5970998730a,fe5e953572395cceb7f50820650d8bcce531a63d141e83f5e2bce3b21549a534,4c4b709a7a9431b6e6ed604c2e1087aa038624b61fdee9c443713d253c2ecf57,9b7bde1f038dfb0f1d69577cd1f168bd40ff0ea0c5755b6e8b04a4deb0f77e63,,,,,,,,
promote_2026-04-28T19-35-19Z_5786,2026-04-28T19:35:19Z,icao4444-extracted,arriving_aircraft_7_10,icao4444_arriving_aircraft_family,icao4444_arriving_aircraft_family,icao4444-extracted::arriving_aircraft_7_10::f09415377ab460ae,7.10.3.4_vacate_report_timing,3cbf0723753f1e9738ff4a1ca93b236e29482e742e96b635e5a34f2c6f663042,The report that a runway has been vacated shall be made when the entire aircraft is beyond the relevant runway-holding position.,authoritative_requirement,shall,rule,promote,supported,false,defensible,true,false,accepted,high,false,accepted,pass,pass,0,pass,pass,false,qwen3.6:35b-a3b,qwen3.6:35b-a3b,qwen2.5-coder:32b,qwen3.6:35b-a3b,qwen3.6:35b-a3b,qwen3.6:35b-a3b,24576,3,3,ollama-first-2026-04-28,25de32675884cb3976f22fb28206209e8e72a1db3a6e556bb46490935002b66c,d734d5291933bae15c654b4bbb2c90110fb66bfe6a3cd5cefadd8bb5a974b015,56b69ad27ea3962fdc492e67ea659e0b8a44eaa5352bc3b8f7c4da3124506e7b,1bee78b2e4bc34b3e12fbfdf37f7d0b203fe61917a9f69e67f44e5970998730a,fe5e953572395cceb7f50820650d8bcce531a63d141e83f5e2bce3b21549a534,4c4b709a7a9431b6e6ed604c2e1087aa038624b61fdee9c443713d253c2ecf57,9b7bde1f038dfb0f1d69577cd1f168bd40ff0ea0c5755b6e8b04a4deb0f77e63,,,,,,,,
promote_2026-04-28T19-35-19Z_5786,2026-04-28T19:35:19Z,icao4444-extracted,departing_aircraft_7_9,icao4444_departing_aircraft_family,icao4444_departing_aircraft_family,icao4444-extracted::departing_aircraft_7_9::ab5f5f8d13c39222,dep_seq_normal_order,e516a3096a3831a113d2bcdf27e9bb16a471e170812bfd1de1610a4d3a884021,Departures shall normally be cleared in the order in which they are ready for take-off.,authoritative_requirement,shall,rule,promote,supported,false,defensible,true,false,accepted,high,false,accepted,pass,pass,0,pass,pass,false,qwen3.6:35b-a3b,qwen3.6:35b-a3b,qwen2.5-coder:32b,qwen3.6:35b-a3b,qwen3.6:35b-a3b,qwen3.6:35b-a3b,24576,3,3,ollama-first-2026-04-28,25de32675884cb3976f22fb28206209e8e72a1db3a6e556bb46490935002b66c,d734d5291933bae15c654b4bbb2c90110fb66bfe6a3cd5cefadd8bb5a974b015,56b69ad27ea3962fdc492e67ea659e0b8a44eaa5352bc3b8f7c4da3124506e7b,1bee78b2e4bc34b3e12fbfdf37f7d0b203fe61917a9f69e67f44e5970998730a,fe5e953572395cceb7f50820650d8bcce531a63d141e83f5e2bce3b21549a534,4c4b709a7a9431b6e6ed604c2e1087aa038624b61fdee9c443713d253c2ecf57,9b7bde1f038dfb0f1d69577cd1f168bd40ff0ea0c5755b6e8b04a4deb0f77e63,,,,,,,,
promote_2026-04-28T19-35-19Z_5786,2026-04-28T19:35:19Z,icao4444-extracted,departing_aircraft_7_9,icao4444_departing_aircraft_family,icao4444_departing_aircraft_family,icao4444-extracted::departing_aircraft_7_9::bb99385ae4614b5c,dep_seq_deviation_purpose,f444b4fbce26b3394d6d97da5480dab0be390f2008b744a8870060c5e150a2e7,Deviations from the normal departure sequence order may be made to facilitate the maximum number of departures with the least average delay.,authoritative_requirement,may,rule,promote,authority_too_high,false,defensible,true,false,accepted,high,false,pending,fail,pass,0,pass,fail,false,qwen3.6:35b-a3b,qwen3.6:35b-a3b,qwen2.5-coder:32b,qwen3.6:35b-a3b,qwen3.6:35b-a3b,qwen3.6:35b-a3b,24576,3,3,ollama-first-2026-04-28,25de32675884cb3976f22fb28206209e8e72a1db3a6e556bb46490935002b66c,d734d5291933bae15c654b4bbb2c90110fb66bfe6a3cd5cefadd8bb5a974b015,56b69ad27ea3962fdc492e67ea659e0b8a44eaa5352bc3b8f7c4da3124506e7b,1bee78b2e4bc34b3e12fbfdf37f7d0b203fe61917a9f69e67f44e5970998730a,fe5e953572395cceb7f50820650d8bcce531a63d141e83f5e2bce3b21549a534,4c4b709a7a9431b6e6ed604c2e1087aa038624b61fdee9c443713d253c2ecf57,9b7bde1f038dfb0f1d69577cd1f168bd40ff0ea0c5755b6e8b04a4deb0f77e63,,,,,,,,
promote_2026-04-28T19-35-19Z_5786,2026-04-28T19:35:19Z,icao4444-extracted,departing_aircraft_7_9,icao4444_departing_aircraft_family,icao4444_departing_aircraft_family,icao4444-extracted::departing_aircraft_7_9::3dfc260faca27280,dep_seq_factor_performance,73c0577a1c471f9fa942637630af767881796177ba03b17686e3cf9c2d878d44,Factors to be considered in relation to the departure sequence include the types of aircraft and their relative performance.,authoritative_requirement,should,rule,promote,authority_too_high,false,defensible,true,false,accepted,high,false,pending,fail,pass,0,pass,fail,false,qwen3.6:35b-a3b,qwen3.6:35b-a3b,qwen2.5-coder:32b,qwen3.6:35b-a3b,qwen3.6:35b-a3b,qwen3.6:35b-a3b,24576,3,3,ollama-first-2026-04-28,25de32675884cb3976f22fb28206209e8e72a1db3a6e556bb46490935002b66c,d734d5291933bae15c654b4bbb2c90110fb66bfe6a3cd5cefadd8bb5a974b015,56b69ad27ea3962fdc492e67ea659e0b8a44eaa5352bc3b8f7c4da3124506e7b,1bee78b2e4bc34b3e12fbfdf37f7d0b203fe61917a9f69e67f44e5970998730a,fe5e953572395cceb7f50820650d8bcce531a63d141e83f5e2bce3b21549a534,4c4b709a7a9431b6e6ed604c2e1087aa038624b61fdee9c443713d253c2ecf57,9b7bde1f038dfb0f1d69577cd1f168bd40ff0ea0c5755b6e8b04a4deb0f77e63,,,,,,,,
promote_2026-04-28T19-35-19Z_5786,2026-04-28T19:35:19Z,icao4444-extracted,departing_aircraft_7_9,icao4444_departing_aircraft_family,icao4444_departing_aircraft_family,icao4444-extracted::departing_aircraft_7_9::27fd0e98338894f5,dep_seq_factor_routes,6ec4bfa6cb83466c981ad9281b2ba5787d555228dffedec71ac8f5258a68a400,Factors to be considered in relation to the departure sequence include the routes to be followed after take-off.,authoritative_requirement,should,rule,promote,authority_too_high,false,defensible,true,false,accepted,high,false,pending,fail,fail,1,pass,fail,false,qwen3.6:35b-a3b,qwen3.6:35b-a3b,qwen2.5-coder:32b,qwen3.6:35b-a3b,qwen3.6:35b-a3b,qwen3.6:35b-a3b,24576,3,3,ollama-first-2026-04-28,25de32675884cb3976f22fb28206209e8e72a1db3a6e556bb46490935002b66c,d734d5291933bae15c654b4bbb2c90110fb66bfe6a3cd5cefadd8bb5a974b015,56b69ad27ea3962fdc492e67ea659e0b8a44eaa5352bc3b8f7c4da3124506e7b,1bee78b2e4bc34b3e12fbfdf37f7d0b203fe61917a9f69e67f44e5970998730a,fe5e953572395cceb7f50820650d8bcce531a63d141e83f5e2bce3b21549a534,4c4b709a7a9431b6e6ed604c2e1087aa038624b61fdee9c443713d253c2ecf57,9b7bde1f038dfb0f1d69577cd1f168bd40ff0ea0c5755b6e8b04a4deb0f77e63,,,,,,,,
promote_2026-04-28T19-35-19Z_5786,2026-04-28T19:35:19Z,icao4444-extracted,departing_aircraft_7_9,icao4444_departing_aircraft_family,icao4444_departing_aircraft_family,icao4444-extracted::departing_aircraft_7_9::46d1184ac596443f,dep_seq_factor_intervals,5df89389a3603cf7971a47abcce42b86b45dcf347f4ce482ee5806d7c6b3e9dd,Factors to be considered in relation to the departure sequence include any specified minimum departure interval between take-offs.,authoritative_requirement,should,rule,promote,authority_too_high,false,defensible,true,false,accepted,high,false,pending,fail,fail,1,pass,fail,false,qwen3.6:35b-a3b,qwen3.6:35b-a3b,qwen2.5-coder:32b,qwen3.6:35b-a3b,qwen3.6:35b-a3b,qwen3.6:35b-a3b,24576,3,3,ollama-first-2026-04-28,25de32675884cb3976f22fb28206209e8e72a1db3a6e556bb46490935002b66c,d734d5291933bae15c654b4bbb2c90110fb66bfe6a3cd5cefadd8bb5a974b015,56b69ad27ea3962fdc492e67ea659e0b8a44eaa5352bc3b8f7c4da3124506e7b,1bee78b2e4bc34b3e12fbfdf37f7d0b203fe61917a9f69e67f44e5970998730a,fe5e953572395cceb7f50820650d8bcce531a63d141e83f5e2bce3b21549a534,4c4b709a7a9431b6e6ed604c2e1087aa038624b61fdee9c443713d253c2ecf57,9b7bde1f038dfb0f1d69577cd1f168bd40ff0ea0c5755b6e8b04a4deb0f77e63,,,,,,,,
promote_2026-04-28T19-35-19Z_5786,2026-04-28T19:35:19Z,icao4444-extracted,departing_aircraft_7_9,icao4444_departing_aircraft_family,icao4444_departing_aircraft_family,icao4444-extracted::departing_aircraft_7_9::e4d4a6ac36168dc6,dep_seq_factor_wake,7ac8dea7dea3ff61d89e8e2af41fc97f0f650a2a3e8bcbd483cea70922fcb295,Factors to be considered in relation to the departure sequence include the need to apply wake turbulence separation minima.,authoritative_requirement,should,rule,promote,authority_too_high,false,defensible,true,false,accepted,high,false,pending,fail,fail,1,pass,fail,false,qwen3.6:35b-a3b,qwen3.6:35b-a3b,qwen2.5-coder:32b,qwen3.6:35b-a3b,qwen3.6:35b-a3b,qwen3.6:35b-a3b,24576,3,3,ollama-first-2026-04-28,25de32675884cb3976f22fb28206209e8e72a1db3a6e556bb46490935002b66c,d734d5291933bae15c654b4bbb2c90110fb66bfe6a3cd5cefadd8bb5a974b015,56b69ad27ea3962fdc492e67ea659e0b8a44eaa5352bc3b8f7c4da3124506e7b,1bee78b2e4bc34b3e12fbfdf37f7d0b203fe61917a9f69e67f44e5970998730a,fe5e953572395cceb7f50820650d8bcce531a63d141e83f5e2bce3b21549a534,4c4b709a7a9431b6e6ed604c2e1087aa038624b61fdee9c443713d253c2ecf57,9b7bde1f038dfb0f1d69577cd1f168bd40ff0ea0c5755b6e8b04a4deb0f77e63,,,,,,,,
promote_2026-04-28T19-35-19Z_5786,2026-04-28T19:35:19Z,icao4444-extracted,departing_aircraft_7_9,icao4444_departing_aircraft_family,icao4444_departing_aircraft_family,icao4444-extracted::departing_aircraft_7_9::93557a25ed477e39,dep_seq_factor_priority,6897909a837439feab2679eda325d30937a61001c86895665406e9d6c9c77432,Factors to be considered in relation to the departure sequence include aircraft which should be afforded priority.,authoritative_requirement,should,rule,promote,authority_too_high,false,defensible,true,false,accepted,high,false,pending,fail,fail,1,pass,fail,false,qwen3.6:35b-a3b,qwen3.6:35b-a3b,qwen2.5-coder:32b,qwen3.6:35b-a3b,qwen3.6:35b-a3b,qwen3.6:35b-a3b,24576,3,3,ollama-first-2026-04-28,25de32675884cb3976f22fb28206209e8e72a1db3a6e556bb46490935002b66c,d734d5291933bae15c654b4bbb2c90110fb66bfe6a3cd5cefadd8bb5a974b015,56b69ad27ea3962fdc492e67ea659e0b8a44eaa5352bc3b8f7c4da3124506e7b,1bee78b2e4bc34b3e12fbfdf37f7d0b203fe61917a9f69e67f44e5970998730a,fe5e953572395cceb7f50820650d8bcce531a63d141e83f5e2bce3b21549a534,4c4b709a7a9431b6e6ed604c2e1087aa038624b61fdee9c443713d253c2ecf57,9b7bde1f038dfb0f1d69577cd1f168bd40ff0ea0c5755b6e8b04a4deb0f77e63,,,,,,,,
promote_2026-04-28T19-35-19Z_5786,2026-04-28T19:35:19Z,icao4444-extracted,departing_aircraft_7_9,icao4444_departing_aircraft_family,icao4444_departing_aircraft_family,icao4444-extracted::departing_aircraft_7_9::2732dc9b2e895827,dep_seq_factor_atfm,7edf2dcdf84c0d45b689a5b34e08e2f2f45d16e57dfaaf9bc1ac8e9a2c9dc473,Factors to be considered in relation to the departure sequence include aircraft subject to ATFM requirements.,authoritative_requirement,should,rule,promote,authority_too_high,false,defensible,true,false,needs_bundle,high,false,pending,fail,fail,1,pass,fail,false,qwen3.6:35b-a3b,qwen3.6:35b-a3b,qwen2.5-coder:32b,qwen3.6:35b-a3b,qwen3.6:35b-a3b,qwen3.6:35b-a3b,24576,3,3,ollama-first-2026-04-28,25de32675884cb3976f22fb28206209e8e72a1db3a6e556bb46490935002b66c,d734d5291933bae15c654b4bbb2c90110fb66bfe6a3cd5cefadd8bb5a974b015,56b69ad27ea3962fdc492e67ea659e0b8a44eaa5352bc3b8f7c4da3124506e7b,1bee78b2e4bc34b3e12fbfdf37f7d0b203fe61917a9f69e67f44e5970998730a,fe5e953572395cceb7f50820650d8bcce531a63d141e83f5e2bce3b21549a534,4c4b709a7a9431b6e6ed604c2e1087aa038624b61fdee9c443713d253c2ecf57,9b7bde1f038dfb0f1d69577cd1f168bd40ff0ea0c5755b6e8b04a4deb0f77e63,,,,,,,,
promote_2026-04-28T19-35-19Z_5786,2026-04-28T19:35:19Z,icao4444-extracted,departing_aircraft_7_9,icao4444_departing_aircraft_family,icao4444_departing_aircraft_family,icao4444-extracted::departing_aircraft_7_9::55c3a91070f9adbb,dep_seq_atfm_pilot_resp,7c9b9bc49d08c4db7739ce9c7b687ca99c3c41c25b829447c60a8e127d54a1cb,"For aircraft subject to ATFM requirements, it is the responsibility of the pilot and the operator to ensure that the aircraft is ready to taxi in time to meet any required departure time.",authoritative_requirement,shall,rule,promote,supported,true,weak,true,false,accepted,medium,true,accepted,pass,pass,0,pass,pass,false,qwen3.6:35b-a3b,qwen3.6:35b-a3b,qwen2.5-coder:32b,qwen3.6:35b-a3b,qwen3.6:35b-a3b,qwen3.6:35b-a3b,24576,3,3,ollama-first-2026-04-28,25de32675884cb3976f22fb28206209e8e72a1db3a6e556bb46490935002b66c,d734d5291933bae15c654b4bbb2c90110fb66bfe6a3cd5cefadd8bb5a974b015,56b69ad27ea3962fdc492e67ea659e0b8a44eaa5352bc3b8f7c4da3124506e7b,1bee78b2e4bc34b3e12fbfdf37f7d0b203fe61917a9f69e67f44e5970998730a,fe5e953572395cceb7f50820650d8bcce531a63d141e83f5e2bce3b21549a534,4c4b709a7a9431b6e6ed604c2e1087aa038624b61fdee9c443713d253c2ecf57,9b7bde1f038dfb0f1d69577cd1f168bd40ff0ea0c5755b6e8b04a4deb0f77e63,,,,,,,,
promote_2026-04-28T19-35-19Z_5786,2026-04-28T19:35:19Z,icao4444-extracted,departing_aircraft_7_9,icao4444_departing_aircraft_family,icao4444_departing_aircraft_family,icao4444-extracted::departing_aircraft_7_9::d6865a7f538c64f6,dep_sep_runway_crossing,d1fa70e00dd2b095b0caf6f3aba08b1a31061927d06455fa3ec061b0a8e4c0f4,A departing aircraft will not normally be permitted to commence take-off until the preceding departing aircraft has crossed the end of the runway-in-use or has started a turn.,authoritative_requirement,shall,rule,promote,supported,true,defensible,true,false,accepted,high,false,accepted,pass,pass,0,pass,pass,false,qwen3.6:35b-a3b,qwen3.6:35b-a3b,qwen2.5-coder:32b,qwen3.6:35b-a3b,qwen3.6:35b-a3b,qwen3.6:35b-a3b,24576,3,3,ollama-first-2026-04-28,25de32675884cb3976f22fb28206209e8e72a1db3a6e556bb46490935002b66c,d734d5291933bae15c654b4bbb2c90110fb66bfe6a3cd5cefadd8bb5a974b015,56b69ad27ea3962fdc492e67ea659e0b8a44eaa5352bc3b8f7c4da3124506e7b,1bee78b2e4bc34b3e12fbfdf37f7d0b203fe61917a9f69e67f44e5970998730a,fe5e953572395cceb7f50820650d8bcce531a63d141e83f5e2bce3b21549a534,4c4b709a7a9431b6e6ed604c2e1087aa038624b61fdee9c443713d253c2ecf57,9b7bde1f038dfb0f1d69577cd1f168bd40ff0ea0c5755b6e8b04a4deb0f77e63,,,,,,,,
promote_2026-04-28T19-35-19Z_5786,2026-04-28T19:35:19Z,icao4444-extracted,departing_aircraft_7_9,icao4444_departing_aircraft_family,icao4444_departing_aircraft_family,icao4444-extracted::departing_aircraft_7_9::abacaff9ac399930,dep_sep_landing_clear,905e12399ce9534254ce63fc9be706158f377f6f3a0db6416216f9492d311493,A departing aircraft will not normally be permitted to commence take-off until all preceding landing aircraft are clear of the runway-in-use.,authoritative_requirement,shall,rule,promote,supported,true,weak,true,false,needs_split,high,false,pending,pass,pass,0,pass,pass,false,qwen3.6:35b-a3b,qwen3.6:35b-a3b,qwen2.5-coder:32b,qwen3.6:35b-a3b,qwen3.6:35b-a3b,qwen3.6:35b-a3b,24576,3,3,ollama-first-2026-04-28,25de32675884cb3976f22fb28206209e8e72a1db3a6e556bb46490935002b66c,d734d5291933bae15c654b4bbb2c90110fb66bfe6a3cd5cefadd8bb5a974b015,56b69ad27ea3962fdc492e67ea659e0b8a44eaa5352bc3b8f7c4da3124506e7b,1bee78b2e4bc34b3e12fbfdf37f7d0b203fe61917a9f69e67f44e5970998730a,fe5e953572395cceb7f50820650d8bcce531a63d141e83f5e2bce3b21549a534,4c4b709a7a9431b6e6ed604c2e1087aa038624b61fdee9c443713d253c2ecf57,9b7bde1f038dfb0f1d69577cd1f168bd40ff0ea0c5755b6e8b04a4deb0f77e63,,,,,,,,
promote_2026-04-28T19-35-19Z_5786,2026-04-28T19:35:19Z,icao4444-extracted,departing_aircraft_7_9,icao4444_departing_aircraft_family,icao4444_departing_aircraft_family,icao4444-extracted::departing_aircraft_7_9::770b652d9783ff76,dep_clearance_separation_assurance,da864de42fa347e2c7ea0c916e490cf62d2f3e73c376954387643a99f65f6d3e,"Take-off clearance may be issued to an aircraft when there is reasonable assurance that the separation in 7.9.2, or prescribed in accordance with 7.11, will exist when the aircraft commences take-off.",authoritative_requirement,may,rule,promote,authority_too_high,false,defensible,true,false,accepted,high,false,pending,fail,pass,0,pass,fail,false,qwen3.6:35b-a3b,qwen3.6:35b-a3b,qwen2.5-coder:32b,qwen3.6:35b-a3b,qwen3.6:35b-a3b,qwen3.6:35b-a3b,24576,3,3,ollama-first-2026-04-28,25de32675884cb3976f22fb28206209e8e72a1db3a6e556bb46490935002b66c,d734d5291933bae15c654b4bbb2c90110fb66bfe6a3cd5cefadd8bb5a974b015,56b69ad27ea3962fdc492e67ea659e0b8a44eaa5352bc3b8f7c4da3124506e7b,1bee78b2e4bc34b3e12fbfdf37f7d0b203fe61917a9f69e67f44e5970998730a,fe5e953572395cceb7f50820650d8bcce531a63d141e83f5e2bce3b21549a534,4c4b709a7a9431b6e6ed604c2e1087aa038624b61fdee9c443713d253c2ecf57,9b7bde1f038dfb0f1d69577cd1f168bd40ff0ea0c5755b6e8b04a4deb0f77e63,,,,,,,,
promote_2026-04-28T19-35-19Z_5786,2026-04-28T19:35:19Z,icao4444-extracted,departing_aircraft_7_9,icao4444_departing_aircraft_family,icao4444_departing_aircraft_family,icao4444-extracted::departing_aircraft_7_9::d98b483f55199339,dep_clearance_atc_prereq,358d58490d02d45a8b76f46d2b9014048619e5dd1909fea5a56e8673d531f39e,"When an ATC clearance is required prior to take-off, the take-off clearance shall not be issued until the ATC clearance has been transmitted to and acknowledged by the aircraft concerned.",authoritative_requirement,shall,rule,promote,supported,false,defensible,true,false,accepted,high,false,accepted,pass,pass,0,pass,pass,false,qwen3.6:35b-a3b,qwen3.6:35b-a3b,qwen2.5-coder:32b,qwen3.6:35b-a3b,qwen3.6:35b-a3b,qwen3.6:35b-a3b,24576,3,3,ollama-first-2026-04-28,25de32675884cb3976f22fb28206209e8e72a1db3a6e556bb46490935002b66c,d734d5291933bae15c654b4bbb2c90110fb66bfe6a3cd5cefadd8bb5a974b015,56b69ad27ea3962fdc492e67ea659e0b8a44eaa5352bc3b8f7c4da3124506e7b,1bee78b2e4bc34b3e12fbfdf37f7d0b203fe61917a9f69e67f44e5970998730a,fe5e953572395cceb7f50820650d8bcce531a63d141e83f5e2bce3b21549a534,4c4b709a7a9431b6e6ed604c2e1087aa038624b61fdee9c443713d253c2ecf57,9b7bde1f038dfb0f1d69577cd1f168bd40ff0ea0c5755b6e8b04a4deb0f77e63,,,,,,,,
promote_2026-04-28T19-35-19Z_5786,2026-04-28T19:35:19Z,icao4444-extracted,departing_aircraft_7_9,icao4444_departing_aircraft_family,icao4444_departing_aircraft_family,icao4444-extracted::departing_aircraft_7_9::834d45b3ff296d29,dep_clearance_atc_forwarding,2a3cb80b2f5a42fc2577016acee724e587b55797d43a8f6df480c538fbe69252,The ATC clearance shall be forwarded to the aerodrome control tower with the least possible delay after receipt of a request made by the tower or prior to such request if practicable.,authoritative_requirement,shall,workflow_constraint,promote,supported,false,defensible,true,false,accepted,high,false,accepted,pass,pass,0,pass,pass,false,qwen3.6:35b-a3b,qwen3.6:35b-a3b,qwen2.5-coder:32b,qwen3.6:35b-a3b,qwen3.6:35b-a3b,qwen3.6:35b-a3b,24576,3,3,ollama-first-2026-04-28,25de32675884cb3976f22fb28206209e8e72a1db3a6e556bb46490935002b66c,d734d5291933bae15c654b4bbb2c90110fb66bfe6a3cd5cefadd8bb5a974b015,56b69ad27ea3962fdc492e67ea659e0b8a44eaa5352bc3b8f7c4da3124506e7b,1bee78b2e4bc34b3e12fbfdf37f7d0b203fe61917a9f69e67f44e5970998730a,fe5e953572395cceb7f50820650d8bcce531a63d141e83f5e2bce3b21549a534,4c4b709a7a9431b6e6ed604c2e1087aa038624b61fdee9c443713d253c2ecf57,9b7bde1f038dfb0f1d69577cd1f168bd40ff0ea0c5755b6e8b04a4deb0f77e63,,,,,,,,
promote_2026-04-28T19-35-19Z_5786,2026-04-28T19:35:19Z,icao4444-extracted,departing_aircraft_7_9,icao4444_departing_aircraft_family,icao4444_departing_aircraft_family,icao4444-extracted::departing_aircraft_7_9::82f95a7eb498066a,dep_clearance_phraseology_takeoff,3e73ea1fd6c531d4e11bb504b1d0e712e3ce0f74f72c23db2ddc36c2e3ee4aec,The expression TAKE-OFF shall only be used in radiotelephony when an aircraft is cleared for take-off or when cancelling a take-off clearance.,authoritative_requirement,shall,phraseology_rule,promote,supported,false,defensible,true,false,accepted,high,false,accepted,pass,pass,0,pass,pass,false,qwen3.6:35b-a3b,qwen3.6:35b-a3b,qwen2.5-coder:32b,qwen3.6:35b-a3b,qwen3.6:35b-a3b,qwen3.6:35b-a3b,24576,3,3,ollama-first-2026-04-28,25de32675884cb3976f22fb28206209e8e72a1db3a6e556bb46490935002b66c,d734d5291933bae15c654b4bbb2c90110fb66bfe6a3cd5cefadd8bb5a974b015,56b69ad27ea3962fdc492e67ea659e0b8a44eaa5352bc3b8f7c4da3124506e7b,1bee78b2e4bc34b3e12fbfdf37f7d0b203fe61917a9f69e67f44e5970998730a,fe5e953572395cceb7f50820650d8bcce531a63d141e83f5e2bce3b21549a534,4c4b709a7a9431b6e6ed604c2e1087aa038624b61fdee9c443713d253c2ecf57,9b7bde1f038dfb0f1d69577cd1f168bd40ff0ea0c5755b6e8b04a4deb0f77e63,,,,,,,,
promote_2026-04-28T19-35-19Z_5786,2026-04-28T19:35:19Z,icao4444-extracted,departing_aircraft_7_9,icao4444_departing_aircraft_family,icao4444_departing_aircraft_family,icao4444-extracted::departing_aircraft_7_9::6ff18b99ffa45e9e,dep_clearance_timing_position,3406e4e38a5f07261669ed26c2cd37f90308c27a5076f4b0a528f97b0d89c6e4,"The take-off clearance shall be issued when the aircraft is ready for take-off and at or approaching the departure runway, and the traffic situation permits.",authoritative_requirement,shall,rule,promote,supported,false,defensible,true,false,accepted,high,false,accepted,pass,pass,0,pass,pass,false,qwen3.6:35b-a3b,qwen3.6:35b-a3b,qwen2.5-coder:32b,qwen3.6:35b-a3b,qwen3.6:35b-a3b,qwen3.6:35b-a3b,24576,3,3,ollama-first-2026-04-28,25de32675884cb3976f22fb28206209e8e72a1db3a6e556bb46490935002b66c,d734d5291933bae15c654b4bbb2c90110fb66bfe6a3cd5cefadd8bb5a974b015,56b69ad27ea3962fdc492e67ea659e0b8a44eaa5352bc3b8f7c4da3124506e7b,1bee78b2e4bc34b3e12fbfdf37f7d0b203fe61917a9f69e67f44e5970998730a,fe5e953572395cceb7f50820650d8bcce531a63d141e83f5e2bce3b21549a534,4c4b709a7a9431b6e6ed604c2e1087aa038624b61fdee9c443713d253c2ecf57,9b7bde1f038dfb0f1d69577cd1f168bd40ff0ea0c5755b6e8b04a4deb0f77e63,,,,,,,,
promote_2026-04-28T19-35-19Z_5786,2026-04-28T19:35:19Z,icao4444-extracted,departing_aircraft_7_9,icao4444_departing_aircraft_family,icao4444_departing_aircraft_family,icao4444-extracted::departing_aircraft_7_9::6e31619fc0f871eb,dep_clearance_runway_designator,38cae2f300c425918ab480d85502c98d1e2cdf69ca13114e54ffb321faa8239e,"To reduce the potential for misunderstanding, the take-off clearance shall include the designator of the departure runway.",authoritative_requirement,shall,phraseology_rule,promote,supported,false,defensible,true,false,accepted,high,false,accepted,pass,pass,0,pass,pass,false,qwen3.6:35b-a3b,qwen3.6:35b-a3b,qwen2.5-coder:32b,qwen3.6:35b-a3b,qwen3.6:35b-a3b,qwen3.6:35b-a3b,24576,3,3,ollama-first-2026-04-28,25de32675884cb3976f22fb28206209e8e72a1db3a6e556bb46490935002b66c,d734d5291933bae15c654b4bbb2c90110fb66bfe6a3cd5cefadd8bb5a974b015,56b69ad27ea3962fdc492e67ea659e0b8a44eaa5352bc3b8f7c4da3124506e7b,1bee78b2e4bc34b3e12fbfdf37f7d0b203fe61917a9f69e67f44e5970998730a,fe5e953572395cceb7f50820650d8bcce531a63d141e83f5e2bce3b21549a534,4c4b709a7a9431b6e6ed604c2e1087aa038624b61fdee9c443713d253c2ecf57,9b7bde1f038dfb0f1d69577cd1f168bd40ff0ea0c5755b6e8b04a4deb0f77e63,,,,,,,,
promote_2026-04-28T19-35-19Z_5786,2026-04-28T19:35:19Z,icao4444-extracted,departing_aircraft_7_9,icao4444_departing_aircraft_family,icao4444_departing_aircraft_family,icao4444-extracted::departing_aircraft_7_9::9d3985c4744b363b,dep_clearance_immediate_issuance,6be34384f267cbaee76bf1f6b880495a331cea0486e11bf443525c3839217d59,"In the interest of expediting traffic, a clearance for immediate take-off may be issued to an aircraft before it enters the runway.",authoritative_requirement,may,rule,promote,authority_too_high,false,defensible,true,false,accepted,high,false,pending,fail,pass,0,pass,fail,false,qwen3.6:35b-a3b,qwen3.6:35b-a3b,qwen2.5-coder:32b,qwen3.6:35b-a3b,qwen3.6:35b-a3b,qwen3.6:35b-a3b,24576,3,3,ollama-first-2026-04-28,25de32675884cb3976f22fb28206209e8e72a1db3a6e556bb46490935002b66c,d734d5291933bae15c654b4bbb2c90110fb66bfe6a3cd5cefadd8bb5a974b015,56b69ad27ea3962fdc492e67ea659e0b8a44eaa5352bc3b8f7c4da3124506e7b,1bee78b2e4bc34b3e12fbfdf37f7d0b203fe61917a9f69e67f44e5970998730a,fe5e953572395cceb7f50820650d8bcce531a63d141e83f5e2bce3b21549a534,4c4b709a7a9431b6e6ed604c2e1087aa038624b61fdee9c443713d253c2ecf57,9b7bde1f038dfb0f1d69577cd1f168bd40ff0ea0c5755b6e8b04a4deb0f77e63,,,,,,,,
promote_2026-04-28T19-35-19Z_5786,2026-04-28T19:35:19Z,icao4444-extracted,departing_aircraft_7_9,icao4444_departing_aircraft_family,icao4444_departing_aircraft_family,icao4444-extracted::departing_aircraft_7_9::d17621e3f9b27b76,dep_clearance_immediate_execution,6c985d5cb5bc879a7a2e27c60a86b2010c92bb52c63cad94efc105e4483d6be3,"On acceptance of a clearance for immediate take-off, the aircraft shall taxi out to the runway and take off in one continuous movement.",authoritative_requirement,shall,rule,promote,supported,false,defensible,true,false,accepted,high,false,accepted,pass,pass,0,pass,pass,false,qwen3.6:35b-a3b,qwen3.6:35b-a3b,qwen2.5-coder:32b,qwen3.6:35b-a3b,qwen3.6:35b-a3b,qwen3.6:35b-a3b,24576,3,3,ollama-first-2026-04-28,25de32675884cb3976f22fb28206209e8e72a1db3a6e556bb46490935002b66c,d734d5291933bae15c654b4bbb2c90110fb66bfe6a3cd5cefadd8bb5a974b015,56b69ad27ea3962fdc492e67ea659e0b8a44eaa5352bc3b8f7c4da3124506e7b,1bee78b2e4bc34b3e12fbfdf37f7d0b203fe61917a9f69e67f44e5970998730a,fe5e953572395cceb7f50820650d8bcce531a63d141e83f5e2bce3b21549a534,4c4b709a7a9431b6e6ed604c2e1087aa038624b61fdee9c443713d253c2ecf57,9b7bde1f038dfb0f1d69577cd1f168bd40ff0ea0c5755b6e8b04a4deb0f77e63,,,,,,,,
promote_2026-04-28T19-35-19Z_5786,2026-04-28T19:35:19Z,icao4444-extracted,readback_4_5_7_5,icao4444_readback_family,icao4444_readback_family,icao4444-extracted::readback_4_5_7_5::1cc502e99b33ace6,req_flight_crew_voice_readback,3a423fb6e2165037af823b6224bdda2c933a485c8c562b5b8bbe95dbe0ca7629,The flight crew shall read back to the air traffic controller safety-related parts of ATC clearances and instructions which are transmitted by voice.,authoritative_requirement,shall,rule,promote,underspecified,false,defensible,false,false,needs_bundle,high,false,pending,pass,pass,0,pass,pass,false,qwen3.6:35b-a3b,qwen3.6:35b-a3b,qwen2.5-coder:32b,qwen3.6:35b-a3b,qwen3.6:35b-a3b,qwen3.6:35b-a3b,24576,3,3,ollama-first-2026-04-28,25de32675884cb3976f22fb28206209e8e72a1db3a6e556bb46490935002b66c,d734d5291933bae15c654b4bbb2c90110fb66bfe6a3cd5cefadd8bb5a974b015,56b69ad27ea3962fdc492e67ea659e0b8a44eaa5352bc3b8f7c4da3124506e7b,1bee78b2e4bc34b3e12fbfdf37f7d0b203fe61917a9f69e67f44e5970998730a,fe5e953572395cceb7f50820650d8bcce531a63d141e83f5e2bce3b21549a534,4c4b709a7a9431b6e6ed604c2e1087aa038624b61fdee9c443713d253c2ecf57,9b7bde1f038dfb0f1d69577cd1f168bd40ff0ea0c5755b6e8b04a4deb0f77e63,,,,,,,,
promote_2026-04-28T19-35-19Z_5786,2026-04-28T19:35:19Z,icao4444-extracted,readback_4_5_7_5,icao4444_readback_family,icao4444_readback_family,icao4444-extracted::readback_4_5_7_5::ecac62a54c5f698f,req_readback_atc_route,99aa8c31269fd4b5b5f5b7ad90b1336bfa1ab8953b5d948b913bd1f04e45a75c,ATC route clearances shall always be read back.,authoritative_requirement,shall,rule,promote,supported,true,defensible,true,false,accepted,high,false,accepted,pass,pass,0,pass,pass,false,qwen3.6:35b-a3b,qwen3.6:35b-a3b,qwen2.5-coder:32b,qwen3.6:35b-a3b,qwen3.6:35b-a3b,qwen3.6:35b-a3b,24576,3,3,ollama-first-2026-04-28,25de32675884cb3976f22fb28206209e8e72a1db3a6e556bb46490935002b66c,d734d5291933bae15c654b4bbb2c90110fb66bfe6a3cd5cefadd8bb5a974b015,56b69ad27ea3962fdc492e67ea659e0b8a44eaa5352bc3b8f7c4da3124506e7b,1bee78b2e4bc34b3e12fbfdf37f7d0b203fe61917a9f69e67f44e5970998730a,fe5e953572395cceb7f50820650d8bcce531a63d141e83f5e2bce3b21549a534,4c4b709a7a9431b6e6ed604c2e1087aa038624b61fdee9c443713d253c2ecf57,9b7bde1f038dfb0f1d69577cd1f168bd40ff0ea0c5755b6e8b04a4deb0f77e63,,,,,,,,
promote_2026-04-28T19-35-19Z_5786,2026-04-28T19:35:19Z,icao4444-extracted,readback_4_5_7_5,icao4444_readback_family,icao4444_readback_family,icao4444-extracted::readback_4_5_7_5::eb9186d5355d8914,req_readback_runway_operations,227d69c2de1b337d9d9dd6ac6f9b2f0558a3f81d64626a826210885e20041db8,"Clearances and instructions to enter, land on, take off from, hold short of, cross, taxi and backtrack on any runway shall always be read back.",authoritative_requirement,shall,rule,promote,supported,true,defensible,true,false,accepted,high,false,accepted,pass,pass,0,pass,pass,false,qwen3.6:35b-a3b,qwen3.6:35b-a3b,qwen2.5-coder:32b,qwen3.6:35b-a3b,qwen3.6:35b-a3b,qwen3.6:35b-a3b,24576,3,3,ollama-first-2026-04-28,25de32675884cb3976f22fb28206209e8e72a1db3a6e556bb46490935002b66c,d734d5291933bae15c654b4bbb2c90110fb66bfe6a3cd5cefadd8bb5a974b015,56b69ad27ea3962fdc492e67ea659e0b8a44eaa5352bc3b8f7c4da3124506e7b,1bee78b2e4bc34b3e12fbfdf37f7d0b203fe61917a9f69e67f44e5970998730a,fe5e953572395cceb7f50820650d8bcce531a63d141e83f5e2bce3b21549a534,4c4b709a7a9431b6e6ed604c2e1087aa038624b61fdee9c443713d253c2ecf57,9b7bde1f038dfb0f1d69577cd1f168bd40ff0ea0c5755b6e8b04a4deb0f77e63,,,,,,,,
promote_2026-04-28T19-35-19Z_5786,2026-04-28T19:35:19Z,icao4444-extracted,readback_4_5_7_5,icao4444_readback_family,icao4444_readback_family,icao4444-extracted::readback_4_5_7_5::231291f0f23ef8c1,req_readback_level_altimeter_ssr_heading_speed,c8b5397d507bb947dce77985f1fa044cbf9eea46d0eb1c8abc7156c8994b42c4,"Runway-in-use, altimeter settings, SSR codes, level instructions, heading and speed instructions, and transition levels (whether issued by the controller or contained in ATIS broadcasts) shall always be read back.",authoritative_requirement,shall,rule,promote,supported,true,defensible,true,false,accepted,high,false,accepted,pass,pass,0,pass,pass,false,qwen3.6:35b-a3b,qwen3.6:35b-a3b,qwen2.5-coder:32b,qwen3.6:35b-a3b,qwen3.6:35b-a3b,qwen3.6:35b-a3b,24576,3,3,ollama-first-2026-04-28,25de32675884cb3976f22fb28206209e8e72a1db3a6e556bb46490935002b66c,d734d5291933bae15c654b4bbb2c90110fb66bfe6a3cd5cefadd8bb5a974b015,56b69ad27ea3962fdc492e67ea659e0b8a44eaa5352bc3b8f7c4da3124506e7b,1bee78b2e4bc34b3e12fbfdf37f7d0b203fe61917a9f69e67f44e5970998730a,fe5e953572395cceb7f50820650d8bcce531a63d141e83f5e2bce3b21549a534,4c4b709a7a9431b6e6ed604c2e1087aa038624b61fdee9c443713d253c2ecf57,9b7bde1f038dfb0f1d69577cd1f168bd40ff0ea0c5755b6e8b04a4deb0f77e63,,,,,,,,
promote_2026-04-28T19-35-19Z_5786,2026-04-28T19:35:19Z,icao4444-extracted,readback_4_5_7_5,icao4444_readback_family,icao4444_readback_family,icao4444-extracted::readback_4_5_7_5::5683bc5995947c9f,guidance_level_phraseology,7b3060b1f7a7754b66b6099380d7c4c74208eb9e9172d047dfa91e1a64f42fc5,"If the level of an aircraft is reported in relation to standard pressure 1 013.2 hPa, the words “FLIGHT LEVEL” precede the level figures. If the level of the aircraft is reported in relation to QNH/QFE, the figures are followed by the word ",operational_guidance,note,phraseology_rule,advisory_only,supported,false,defensible,true,false,advisory_only,high,false,pending,pass,pass,0,pass,pass,false,qwen3.6:35b-a3b,qwen3.6:35b-a3b,qwen2.5-coder:32b,qwen3.6:35b-a3b,qwen3.6:35b-a3b,qwen3.6:35b-a3b,24576,3,3,ollama-first-2026-04-28,25de32675884cb3976f22fb28206209e8e72a1db3a6e556bb46490935002b66c,d734d5291933bae15c654b4bbb2c90110fb66bfe6a3cd5cefadd8bb5a974b015,56b69ad27ea3962fdc492e67ea659e0b8a44eaa5352bc3b8f7c4da3124506e7b,1bee78b2e4bc34b3e12fbfdf37f7d0b203fe61917a9f69e67f44e5970998730a,fe5e953572395cceb7f50820650d8bcce531a63d141e83f5e2bce3b21549a534,4c4b709a7a9431b6e6ed604c2e1087aa038624b61fdee9c443713d253c2ecf57,9b7bde1f038dfb0f1d69577cd1f168bd40ff0ea0c5755b6e8b04a4deb0f77e63,,,,,,,,
promote_2026-04-28T19-35-19Z_5786,2026-04-28T19:35:19Z,icao4444-extracted,readback_4_5_7_5,icao4444_readback_family,icao4444_readback_family,icao4444-extracted::readback_4_5_7_5::5ac4764fb7dc7545,req_other_clearances_readback,5cf9d01fdcd65ebfac0e84bc14f414a6ff3dbdf06de3cd9a65078ddd6ffba006,"Other clearances or instructions, including conditional clearances, shall be read back or acknowledged in a manner to clearly indicate that they have been understood and will be complied with.",authoritative_requirement,shall,rule,promote,supported,false,defensible,true,false,accepted,high,false,accepted,pass,pass,0,pass,pass,false,qwen3.6:35b-a3b,qwen3.6:35b-a3b,qwen2.5-coder:32b,qwen3.6:35b-a3b,qwen3.6:35b-a3b,qwen3.6:35b-a3b,24576,3,3,ollama-first-2026-04-28,25de32675884cb3976f22fb28206209e8e72a1db3a6e556bb46490935002b66c,d734d5291933bae15c654b4bbb2c90110fb66bfe6a3cd5cefadd8bb5a974b015,56b69ad27ea3962fdc492e67ea659e0b8a44eaa5352bc3b8f7c4da3124506e7b,1bee78b2e4bc34b3e12fbfdf37f7d0b203fe61917a9f69e67f44e5970998730a,fe5e953572395cceb7f50820650d8bcce531a63d141e83f5e2bce3b21549a534,4c4b709a7a9431b6e6ed604c2e1087aa038624b61fdee9c443713d253c2ecf57,9b7bde1f038dfb0f1d69577cd1f168bd40ff0ea0c5755b6e8b04a4deb0f77e63,,,,,,,,
promote_2026-04-28T19-35-19Z_5786,2026-04-28T19:35:19Z,icao4444-extracted,readback_4_5_7_5,icao4444_readback_family,icao4444_readback_family,icao4444-extracted::readback_4_5_7_5::9fc25ce6dc53f75d,req_controller_listen_correct,7863d4ef08b70d54182102003206a6cd44c84b2e0f1f318ff78f929c0bda4d28,The controller shall listen to the readback to ascertain that the clearance or instruction has been correctly acknowledged by the flight crew and shall take immediate action to correct any discrepancies revealed by the readback.,authoritative_requirement,shall,rule,promote,supported,false,defensible,true,false,accepted,high,false,accepted,pass,pass,0,pass,pass,false,qwen3.6:35b-a3b,qwen3.6:35b-a3b,qwen2.5-coder:32b,qwen3.6:35b-a3b,qwen3.6:35b-a3b,qwen3.6:35b-a3b,24576,3,3,ollama-first-2026-04-28,25de32675884cb3976f22fb28206209e8e72a1db3a6e556bb46490935002b66c,d734d5291933bae15c654b4bbb2c90110fb66bfe6a3cd5cefadd8bb5a974b015,56b69ad27ea3962fdc492e67ea659e0b8a44eaa5352bc3b8f7c4da3124506e7b,1bee78b2e4bc34b3e12fbfdf37f7d0b203fe61917a9f69e67f44e5970998730a,fe5e953572395cceb7f50820650d8bcce531a63d141e83f5e2bce3b21549a534,4c4b709a7a9431b6e6ed604c2e1087aa038624b61fdee9c443713d253c2ecf57,9b7bde1f038dfb0f1d69577cd1f168bd40ff0ea0c5755b6e8b04a4deb0f77e63,,,,,,,,
promote_2026-04-28T19-35-19Z_5786,2026-04-28T19:35:19Z,icao4444-extracted,readback_4_5_7_5,icao4444_readback_family,icao4444_readback_family,icao4444-extracted::readback_4_5_7_5::92e99b3e3a4d51a7,req_cpdlc_no_voice_readback,3e72122f579de52b236970577e09eeb21760c3448e2013210be13d31174b898a,"Unless specified by the appropriate ATS authority, voice readback of controller-pilot data link communications (CPDLC) messages shall not be required.",authoritative_requirement,shall,rule,promote,supported,false,defensible,true,false,accepted,high,false,accepted,pass,pass,0,pass,pass,false,qwen3.6:35b-a3b,qwen3.6:35b-a3b,qwen2.5-coder:32b,qwen3.6:35b-a3b,qwen3.6:35b-a3b,qwen3.6:35b-a3b,24576,3,3,ollama-first-2026-04-28,25de32675884cb3976f22fb28206209e8e72a1db3a6e556bb46490935002b66c,d734d5291933bae15c654b4bbb2c90110fb66bfe6a3cd5cefadd8bb5a974b015,56b69ad27ea3962fdc492e67ea659e0b8a44eaa5352bc3b8f7c4da3124506e7b,1bee78b2e4bc34b3e12fbfdf37f7d0b203fe61917a9f69e67f44e5970998730a,fe5e953572395cceb7f50820650d8bcce531a63d141e83f5e2bce3b21549a534,4c4b709a7a9431b6e6ed604c2e1087aa038624b61fdee9c443713d253c2ecf57,9b7bde1f038dfb0f1d69577cd1f168bd40ff0ea0c5755b6e8b04a4deb0f77e63,,,,,,,,
promote_2026-04-28T19-35-19Z_5786,2026-04-28T19:35:19Z,icao4444-extracted,readback_4_5_7_5,icao4444_readback_family,icao4444_readback_family,icao4444-extracted::readback_4_5_7_5::80a171af98372544,support_cpdlc_reference,be0f1de0927ca97aa7d45dcf1b8df3ea555dfd022d2264ec1516fb69b1c656fa,"The procedures and provisions relating to the exchange and acknowledgement of CPDLC messages are contained in Annex 10, Volume II and the PANS-ATM, Chapter 14.",background_support,note,definition,support_only,supported,false,defensible,true,false,advisory_only,high,false,pending,pass,pass,0,pass,pass,false,qwen3.6:35b-a3b,qwen3.6:35b-a3b,qwen2.5-coder:32b,qwen3.6:35b-a3b,qwen3.6:35b-a3b,qwen3.6:35b-a3b,24576,3,3,ollama-first-2026-04-28,25de32675884cb3976f22fb28206209e8e72a1db3a6e556bb46490935002b66c,d734d5291933bae15c654b4bbb2c90110fb66bfe6a3cd5cefadd8bb5a974b015,56b69ad27ea3962fdc492e67ea659e0b8a44eaa5352bc3b8f7c4da3124506e7b,1bee78b2e4bc34b3e12fbfdf37f7d0b203fe61917a9f69e67f44e5970998730a,fe5e953572395cceb7f50820650d8bcce531a63d141e83f5e2bce3b21549a534,4c4b709a7a9431b6e6ed604c2e1087aa038624b61fdee9c443713d253c2ecf57,9b7bde1f038dfb0f1d69577cd1f168bd40ff0ea0c5755b6e8b04a4deb0f77e63,,,,,,,,
promote_2026-04-28T19-35-19Z_5786,2026-04-28T19:35:19Z,icao4444-extracted,reduced_runway_7_11,icao4444_reduced_runway_family,icao4444_reduced_runway_family,icao4444-extracted::reduced_runway_7_11::66fc07893e930bcb,req_safety_assessment_prereq,1a1e8080d67fc3cbc994964e7e4f88af2b5b75d36f4b5bf26c0a8eaea81dc33f,"Lower runway separation minima may be prescribed by the appropriate ATS authority, after consultation with the operators, provided that an appropriate, documented safety assessment has shown that an acceptable level of safety can be met.",authoritative_requirement,may,rule,promote,supported,false,defensible,true,false,accepted,high,false,pending,fail,pass,0,pass,fail,false,qwen3.6:35b-a3b,qwen3.6:35b-a3b,qwen2.5-coder:32b,qwen3.6:35b-a3b,qwen3.6:35b-a3b,qwen3.6:35b-a3b,24576,3,3,ollama-first-2026-04-28,25de32675884cb3976f22fb28206209e8e72a1db3a6e556bb46490935002b66c,d734d5291933bae15c654b4bbb2c90110fb66bfe6a3cd5cefadd8bb5a974b015,56b69ad27ea3962fdc492e67ea659e0b8a44eaa5352bc3b8f7c4da3124506e7b,1bee78b2e4bc34b3e12fbfdf37f7d0b203fe61917a9f69e67f44e5970998730a,fe5e953572395cceb7f50820650d8bcce531a63d141e83f5e2bce3b21549a534,4c4b709a7a9431b6e6ed604c2e1087aa038624b61fdee9c443713d253c2ecf57,9b7bde1f038dfb0f1d69577cd1f168bd40ff0ea0c5755b6e8b04a4deb0f77e63,,,,,,,,
promote_2026-04-28T19-35-19Z_5786,2026-04-28T19:35:19Z,icao4444-extracted,reduced_runway_7_11,icao4444_reduced_runway_family,icao4444_reduced_runway_family,icao4444-extracted::reduced_runway_7_11::b085440b53cb0a9b,req_safety_assessment_scope,a3bbb011731a009ef2d4863ec17c3ae0c99dcc4576a43dfb36ab199a8decc6ae,The safety assessment for reduced runway separation minima shall be carried out for each runway for which the reduced minima are intended.,authoritative_requirement,shall,rule,promote,supported,false,defensible,true,false,accepted,high,false,accepted,pass,pass,0,pass,pass,false,qwen3.6:35b-a3b,qwen3.6:35b-a3b,qwen2.5-coder:32b,qwen3.6:35b-a3b,qwen3.6:35b-a3b,qwen3.6:35b-a3b,24576,3,3,ollama-first-2026-04-28,25de32675884cb3976f22fb28206209e8e72a1db3a6e556bb46490935002b66c,d734d5291933bae15c654b4bbb2c90110fb66bfe6a3cd5cefadd8bb5a974b015,56b69ad27ea3962fdc492e67ea659e0b8a44eaa5352bc3b8f7c4da3124506e7b,1bee78b2e4bc34b3e12fbfdf37f7d0b203fe61917a9f69e67f44e5970998730a,fe5e953572395cceb7f50820650d8bcce531a63d141e83f5e2bce3b21549a534,4c4b709a7a9431b6e6ed604c2e1087aa038624b61fdee9c443713d253c2ecf57,9b7bde1f038dfb0f1d69577cd1f168bd40ff0ea0c5755b6e8b04a4deb0f77e63,,,,,,,,
promote_2026-04-28T19-35-19Z_5786,2026-04-28T19:35:19Z,icao4444-extracted,reduced_runway_7_11,icao4444_reduced_runway_family,icao4444_reduced_runway_family,icao4444-extracted::reduced_runway_7_11::ec97fc6aacd6ff7f,req_safety_assessment_factors,59fbe13e4cf56d1be176f47cadccfb45f0849b2d0a759eeb8651329dd1a230b6,"The safety assessment shall take into account runway length, aerodrome layout, and types/categories of aircraft involved.",authoritative_requirement,shall,rule,promote,supported,true,defensible,true,false,accepted,high,false,accepted,pass,pass,0,pass,pass,false,qwen3.6:35b-a3b,qwen3.6:35b-a3b,qwen2.5-coder:32b,qwen3.6:35b-a3b,qwen3.6:35b-a3b,qwen3.6:35b-a3b,24576,3,3,ollama-first-2026-04-28,25de32675884cb3976f22fb28206209e8e72a1db3a6e556bb46490935002b66c,d734d5291933bae15c654b4bbb2c90110fb66bfe6a3cd5cefadd8bb5a974b015,56b69ad27ea3962fdc492e67ea659e0b8a44eaa5352bc3b8f7c4da3124506e7b,1bee78b2e4bc34b3e12fbfdf37f7d0b203fe61917a9f69e67f44e5970998730a,fe5e953572395cceb7f50820650d8bcce531a63d141e83f5e2bce3b21549a534,4c4b709a7a9431b6e6ed604c2e1087aa038624b61fdee9c443713d253c2ecf57,9b7bde1f038dfb0f1d69577cd1f168bd40ff0ea0c5755b6e8b04a4deb0f77e63,,,,,,,,
promote_2026-04-28T19-35-19Z_5786,2026-04-28T19:35:19Z,icao4444-extracted,reduced_runway_7_11,icao4444_reduced_runway_family,icao4444_reduced_runway_family,icao4444-extracted::reduced_runway_7_11::6897e091db5d0a7b,req_procedure_publication,2d8ca01b508545cb892ccc266762213249e9729c96ff3e77f4c6bd0d327c64c3,All applicable procedures related to the application of reduced runway separation minima shall be published in the Aeronautical Information Publication as well as in local air traffic control instructions.,authoritative_requirement,shall,rule,promote,supported,false,defensible,true,false,accepted,high,false,accepted,pass,pass,0,pass,pass,false,qwen3.6:35b-a3b,qwen3.6:35b-a3b,qwen2.5-coder:32b,qwen3.6:35b-a3b,qwen3.6:35b-a3b,qwen3.6:35b-a3b,24576,3,3,ollama-first-2026-04-28,25de32675884cb3976f22fb28206209e8e72a1db3a6e556bb46490935002b66c,d734d5291933bae15c654b4bbb2c90110fb66bfe6a3cd5cefadd8bb5a974b015,56b69ad27ea3962fdc492e67ea659e0b8a44eaa5352bc3b8f7c4da3124506e7b,1bee78b2e4bc34b3e12fbfdf37f7d0b203fe61917a9f69e67f44e5970998730a,fe5e953572395cceb7f50820650d8bcce531a63d141e83f5e2bce3b21549a534,4c4b709a7a9431b6e6ed604c2e1087aa038624b61fdee9c443713d253c2ecf57,9b7bde1f038dfb0f1d69577cd1f168bd40ff0ea0c5755b6e8b04a4deb0f77e63,,,,,,,,
promote_2026-04-28T19-35-19Z_5786,2026-04-28T19:35:19Z,icao4444-extracted,reduced_runway_7_11,icao4444_reduced_runway_family,icao4444_reduced_runway_family,icao4444-extracted::reduced_runway_7_11::3df0f862644bc42e,req_controller_training,5168468fa15829ac2b890eb4f537220d473f03011001bf319448d62cf6f82874,Controllers shall be provided with appropriate and adequate training in the use of the procedures for reduced runway separation minima.,authoritative_requirement,shall,rule,promote,supported,false,defensible,true,false,accepted,high,false,accepted,pass,pass,0,pass,pass,false,qwen3.6:35b-a3b,qwen3.6:35b-a3b,qwen2.5-coder:32b,qwen3.6:35b-a3b,qwen3.6:35b-a3b,qwen3.6:35b-a3b,24576,3,3,ollama-first-2026-04-28,25de32675884cb3976f22fb28206209e8e72a1db3a6e556bb46490935002b66c,d734d5291933bae15c654b4bbb2c90110fb66bfe6a3cd5cefadd8bb5a974b015,56b69ad27ea3962fdc492e67ea659e0b8a44eaa5352bc3b8f7c4da3124506e7b,1bee78b2e4bc34b3e12fbfdf37f7d0b203fe61917a9f69e67f44e5970998730a,fe5e953572395cceb7f50820650d8bcce531a63d141e83f5e2bce3b21549a534,4c4b709a7a9431b6e6ed604c2e1087aa038624b61fdee9c443713d253c2ecf57,9b7bde1f038dfb0f1d69577cd1f168bd40ff0ea0c5755b6e8b04a4deb0f77e63,,,,,,,,
promote_2026-04-28T19-35-19Z_5786,2026-04-28T19:35:19Z,icao4444-extracted,reduced_runway_7_11,icao4444_reduced_runway_family,icao4444_reduced_runway_family,icao4444-extracted::reduced_runway_7_11::e80337a5d18417a7,req_daylight_application,e2a76820949311814f8c35dd33c02e472de759ffe0f6d3f256b0828940707ae5,Reduced runway separation minima shall only be applied during the hours of daylight from 30 minutes after local sunrise to 30 minutes before local sunset.,authoritative_requirement,shall,rule,promote,supported,false,defensible,true,false,accepted,high,false,accepted,pass,pass,0,pass,pass,false,qwen3.6:35b-a3b,qwen3.6:35b-a3b,qwen2.5-coder:32b,qwen3.6:35b-a3b,qwen3.6:35b-a3b,qwen3.6:35b-a3b,24576,3,3,ollama-first-2026-04-28,25de32675884cb3976f22fb28206209e8e72a1db3a6e556bb46490935002b66c,d734d5291933bae15c654b4bbb2c90110fb66bfe6a3cd5cefadd8bb5a974b015,56b69ad27ea3962fdc492e67ea659e0b8a44eaa5352bc3b8f7c4da3124506e7b,1bee78b2e4bc34b3e12fbfdf37f7d0b203fe61917a9f69e67f44e5970998730a,fe5e953572395cceb7f50820650d8bcce531a63d141e83f5e2bce3b21549a534,4c4b709a7a9431b6e6ed604c2e1087aa038624b61fdee9c443713d253c2ecf57,9b7bde1f038dfb0f1d69577cd1f168bd40ff0ea0c5755b6e8b04a4deb0f77e63,,,,,,,,
promote_2026-04-28T19-35-19Z_5786,2026-04-28T19:35:19Z,icao4444-extracted,reduced_runway_7_11,icao4444_reduced_runway_family,icao4444_reduced_runway_family,icao4444-extracted::reduced_runway_7_11::c43ffaf1e23f64ed,def_aircraft_category_1,63402c25bcd4a99ea6189505fbb9a8c82777ef120c40de4d1cebb136f68823b8,Category 1 aircraft are defined as single-engine propeller aircraft with a maximum certificated take-off mass of 2 000 kg or less.,authoritative_requirement,shall,definition,promote,supported,true,defensible,true,false,accepted,high,false,accepted,pass,pass,0,pass,pass,false,qwen3.6:35b-a3b,qwen3.6:35b-a3b,qwen2.5-coder:32b,qwen3.6:35b-a3b,qwen3.6:35b-a3b,qwen3.6:35b-a3b,24576,3,3,ollama-first-2026-04-28,25de32675884cb3976f22fb28206209e8e72a1db3a6e556bb46490935002b66c,d734d5291933bae15c654b4bbb2c90110fb66bfe6a3cd5cefadd8bb5a974b015,56b69ad27ea3962fdc492e67ea659e0b8a44eaa5352bc3b8f7c4da3124506e7b,1bee78b2e4bc34b3e12fbfdf37f7d0b203fe61917a9f69e67f44e5970998730a,fe5e953572395cceb7f50820650d8bcce531a63d141e83f5e2bce3b21549a534,4c4b709a7a9431b6e6ed604c2e1087aa038624b61fdee9c443713d253c2ecf57,9b7bde1f038dfb0f1d69577cd1f168bd40ff0ea0c5755b6e8b04a4deb0f77e63,,,,,,,,
promote_2026-04-28T19-35-19Z_5786,2026-04-28T19:35:19Z,icao4444-extracted,reduced_runway_7_11,icao4444_reduced_runway_family,icao4444_reduced_runway_family,icao4444-extracted::reduced_runway_7_11::ab9c766811a8897c,def_aircraft_category_2,85ff6b621f5bfc648b43aba836d8b83b53b4f1cfb61595b68ccd40e1427043a6,"Category 2 aircraft are defined as single-engine propeller aircraft with a maximum certificated take-off mass of more than 2 000 kg but less than 7 000 kg, and twin-engine propeller aircraft with a maximum certificated take-off mass of less",authoritative_requirement,shall,definition,promote,supported,true,defensible,true,false,accepted,high,false,accepted,pass,pass,0,pass,pass,false,qwen3.6:35b-a3b,qwen3.6:35b-a3b,qwen2.5-coder:32b,qwen3.6:35b-a3b,qwen3.6:35b-a3b,qwen3.6:35b-a3b,24576,3,3,ollama-first-2026-04-28,25de32675884cb3976f22fb28206209e8e72a1db3a6e556bb46490935002b66c,d734d5291933bae15c654b4bbb2c90110fb66bfe6a3cd5cefadd8bb5a974b015,56b69ad27ea3962fdc492e67ea659e0b8a44eaa5352bc3b8f7c4da3124506e7b,1bee78b2e4bc34b3e12fbfdf37f7d0b203fe61917a9f69e67f44e5970998730a,fe5e953572395cceb7f50820650d8bcce531a63d141e83f5e2bce3b21549a534,4c4b709a7a9431b6e6ed604c2e1087aa038624b61fdee9c443713d253c2ecf57,9b7bde1f038dfb0f1d69577cd1f168bd40ff0ea0c5755b6e8b04a4deb0f77e63,,,,,,,,
promote_2026-04-28T19-35-19Z_5786,2026-04-28T19:35:19Z,icao4444-extracted,reduced_runway_7_11,icao4444_reduced_runway_family,icao4444_reduced_runway_family,icao4444-extracted::reduced_runway_7_11::d629c54ace94f5f7,def_aircraft_category_3,59f56371deb59fe3c70b04670587a1adfc35a9254a4b71ba1b8ea150c865ccec,Category 3 aircraft are defined as all other aircraft not classified as Category 1 or Category 2.,authoritative_requirement,shall,definition,promote,supported,true,defensible,true,false,accepted,high,false,accepted,pass,pass,0,pass,pass,false,qwen3.6:35b-a3b,qwen3.6:35b-a3b,qwen2.5-coder:32b,qwen3.6:35b-a3b,qwen3.6:35b-a3b,qwen3.6:35b-a3b,24576,3,3,ollama-first-2026-04-28,25de32675884cb3976f22fb28206209e8e72a1db3a6e556bb46490935002b66c,d734d5291933bae15c654b4bbb2c90110fb66bfe6a3cd5cefadd8bb5a974b015,56b69ad27ea3962fdc492e67ea659e0b8a44eaa5352bc3b8f7c4da3124506e7b,1bee78b2e4bc34b3e12fbfdf37f7d0b203fe61917a9f69e67f44e5970998730a,fe5e953572395cceb7f50820650d8bcce531a63d141e83f5e2bce3b21549a534,4c4b709a7a9431b6e6ed604c2e1087aa038624b61fdee9c443713d253c2ecf57,9b7bde1f038dfb0f1d69577cd1f168bd40ff0ea0c5755b6e8b04a4deb0f77e63,,,,,,,,
promote_2026-04-28T19-35-19Z_5786,2026-04-28T19:35:19Z,icao4444-extracted,reduced_runway_7_11,icao4444_reduced_runway_family,icao4444_reduced_runway_family,icao4444-extracted::reduced_runway_7_11::44ca3cee6e25d071,req_departing_landing_exclusion,325c0d595b8f55ec3492e48c09bdf638dfb17950380bb394f13f57d1089c4b49,Reduced runway separation minima shall not apply between a departing aircraft and a preceding landing aircraft.,authoritative_requirement,shall,rule,promote,supported,false,defensible,true,false,accepted,high,false,accepted,pass,pass,0,pass,pass,false,qwen3.6:35b-a3b,qwen3.6:35b-a3b,qwen2.5-coder:32b,qwen3.6:35b-a3b,qwen3.6:35b-a3b,qwen3.6:35b-a3b,24576,3,3,ollama-first-2026-04-28,25de32675884cb3976f22fb28206209e8e72a1db3a6e556bb46490935002b66c,d734d5291933bae15c654b4bbb2c90110fb66bfe6a3cd5cefadd8bb5a974b015,56b69ad27ea3962fdc492e67ea659e0b8a44eaa5352bc3b8f7c4da3124506e7b,1bee78b2e4bc34b3e12fbfdf37f7d0b203fe61917a9f69e67f44e5970998730a,fe5e953572395cceb7f50820650d8bcce531a63d141e83f5e2bce3b21549a534,4c4b709a7a9431b6e6ed604c2e1087aa038624b61fdee9c443713d253c2ecf57,9b7bde1f038dfb0f1d69577cd1f168bd40ff0ea0c5755b6e8b04a4deb0f77e63,,,,,,,,
promote_2026-04-28T19-35-19Z_5786,2026-04-28T19:35:19Z,icao4444-extracted,reduced_runway_7_11,icao4444_reduced_runway_family,icao4444_reduced_runway_family,icao4444-extracted::reduced_runway_7_11::55b938c3b83c1785,req_wake_turbulence_separation,b462ff795cd280f4adf92958ac58c44f23b1825527694e921c5545fc26cd9d21,Wake turbulence separation minima shall be applied when using reduced runway separation minima.,authoritative_requirement,shall,rule,promote,supported,false,defensible,true,false,accepted,high,false,accepted,pass,pass,0,pass,pass,false,qwen3.6:35b-a3b,qwen3.6:35b-a3b,qwen2.5-coder:32b,qwen3.6:35b-a3b,qwen3.6:35b-a3b,qwen3.6:35b-a3b,24576,3,3,ollama-first-2026-04-28,25de32675884cb3976f22fb28206209e8e72a1db3a6e556bb46490935002b66c,d734d5291933bae15c654b4bbb2c90110fb66bfe6a3cd5cefadd8bb5a974b015,56b69ad27ea3962fdc492e67ea659e0b8a44eaa5352bc3b8f7c4da3124506e7b,1bee78b2e4bc34b3e12fbfdf37f7d0b203fe61917a9f69e67f44e5970998730a,fe5e953572395cceb7f50820650d8bcce531a63d141e83f5e2bce3b21549a534,4c4b709a7a9431b6e6ed604c2e1087aa038624b61fdee9c443713d253c2ecf57,9b7bde1f038dfb0f1d69577cd1f168bd40ff0ea0c5755b6e8b04a4deb0f77e63,,,,,,,,
promote_2026-04-28T19-35-19Z_5786,2026-04-28T19:35:19Z,icao4444-extracted,reduced_runway_7_11,icao4444_reduced_runway_family,icao4444_reduced_runway_family,icao4444-extracted::reduced_runway_7_11::2bddded35160825c,req_visibility_ceiling,2994e117c60b79bbed770e6009941323b48eae1ecf8fc2a06bac1272d32c8429,Visibility shall be at least 5 km and ceiling shall not be lower than 300 m (1 000 ft) when applying reduced runway separation minima.,authoritative_requirement,shall,rule,promote,supported,false,defensible,true,false,accepted,high,false,accepted,pass,pass,0,pass,pass,false,qwen3.6:35b-a3b,qwen3.6:35b-a3b,qwen2.5-coder:32b,qwen3.6:35b-a3b,qwen3.6:35b-a3b,qwen3.6:35b-a3b,24576,3,3,ollama-first-2026-04-28,25de32675884cb3976f22fb28206209e8e72a1db3a6e556bb46490935002b66c,d734d5291933bae15c654b4bbb2c90110fb66bfe6a3cd5cefadd8bb5a974b015,56b69ad27ea3962fdc492e67ea659e0b8a44eaa5352bc3b8f7c4da3124506e7b,1bee78b2e4bc34b3e12fbfdf37f7d0b203fe61917a9f69e67f44e5970998730a,fe5e953572395cceb7f50820650d8bcce531a63d141e83f5e2bce3b21549a534,4c4b709a7a9431b6e6ed604c2e1087aa038624b61fdee9c443713d253c2ecf57,9b7bde1f038dfb0f1d69577cd1f168bd40ff0ea0c5755b6e8b04a4deb0f77e63,,,,,,,,
promote_2026-04-28T19-35-19Z_5786,2026-04-28T19:35:19Z,icao4444-extracted,reduced_runway_7_11,icao4444_reduced_runway_family,icao4444_reduced_runway_family,icao4444-extracted::reduced_runway_7_11::3c1c89936209ff2f,req_tailwind_limit,7c02f078414791737bd21ac5618cccec737074f0398a3c90672da32b65688926,The tailwind component shall not exceed 5 kt when applying reduced runway separation minima.,authoritative_requirement,shall,rule,promote,supported,false,defensible,true,false,accepted,high,false,accepted,pass,pass,0,pass,pass,false,qwen3.6:35b-a3b,qwen3.6:35b-a3b,qwen2.5-coder:32b,qwen3.6:35b-a3b,qwen3.6:35b-a3b,qwen3.6:35b-a3b,24576,3,3,ollama-first-2026-04-28,25de32675884cb3976f22fb28206209e8e72a1db3a6e556bb46490935002b66c,d734d5291933bae15c654b4bbb2c90110fb66bfe6a3cd5cefadd8bb5a974b015,56b69ad27ea3962fdc492e67ea659e0b8a44eaa5352bc3b8f7c4da3124506e7b,1bee78b2e4bc34b3e12fbfdf37f7d0b203fe61917a9f69e67f44e5970998730a,fe5e953572395cceb7f50820650d8bcce531a63d141e83f5e2bce3b21549a534,4c4b709a7a9431b6e6ed604c2e1087aa038624b61fdee9c443713d253c2ecf57,9b7bde1f038dfb0f1d69577cd1f168bd40ff0ea0c5755b6e8b04a4deb0f77e63,,,,,,,,
promote_2026-04-28T19-35-19Z_5786,2026-04-28T19:35:19Z,icao4444-extracted,reduced_runway_7_11,icao4444_reduced_runway_family,icao4444_reduced_runway_family,icao4444-extracted::reduced_runway_7_11::116fad1ed40d1fe8,req_distance_assistance,f71d2e5e87825a5b38255b0247ecb1c13440403377d0ef80bbea969782ed6a33,"There shall be available means, such as suitable landmarks, to assist the controller in assessing the distances between aircraft. If a surface surveillance system is utilized, approval for operational use must include a safety assessment en",authoritative_requirement,shall,rule,promote,supported,false,defensible,true,false,accepted,high,false,accepted,pass,pass,0,pass,pass,false,qwen3.6:35b-a3b,qwen3.6:35b-a3b,qwen2.5-coder:32b,qwen3.6:35b-a3b,qwen3.6:35b-a3b,qwen3.6:35b-a3b,24576,3,3,ollama-first-2026-04-28,25de32675884cb3976f22fb28206209e8e72a1db3a6e556bb46490935002b66c,d734d5291933bae15c654b4bbb2c90110fb66bfe6a3cd5cefadd8bb5a974b015,56b69ad27ea3962fdc492e67ea659e0b8a44eaa5352bc3b8f7c4da3124506e7b,1bee78b2e4bc34b3e12fbfdf37f7d0b203fe61917a9f69e67f44e5970998730a,fe5e953572395cceb7f50820650d8bcce531a63d141e83f5e2bce3b21549a534,4c4b709a7a9431b6e6ed604c2e1087aa038624b61fdee9c443713d253c2ecf57,9b7bde1f038dfb0f1d69577cd1f168bd40ff0ea0c5755b6e8b04a4deb0f77e63,,,,,,,,
promote_2026-04-28T19-35-19Z_5786,2026-04-28T19:35:19Z,icao4444-extracted,reduced_runway_7_11,icao4444_reduced_runway_family,icao4444_reduced_runway_family,icao4444-extracted::reduced_runway_7_11::6b0262350c8ef4b3,req_separation_continuity,e95c7927199719f6b54503ecc4f956464de144f897b8c6c3e5ed53d2733c26bc,Minimum separation continues to exist between two departing aircraft immediately after take-off of the second aircraft when applying reduced runway separation minima.,authoritative_requirement,shall,rule,promote,supported,true,defensible,true,false,accepted,high,false,accepted,pass,pass,0,pass,pass,false,qwen3.6:35b-a3b,qwen3.6:35b-a3b,qwen2.5-coder:32b,qwen3.6:35b-a3b,qwen3.6:35b-a3b,qwen3.6:35b-a3b,24576,3,3,ollama-first-2026-04-28,25de32675884cb3976f22fb28206209e8e72a1db3a6e556bb46490935002b66c,d734d5291933bae15c654b4bbb2c90110fb66bfe6a3cd5cefadd8bb5a974b015,56b69ad27ea3962fdc492e67ea659e0b8a44eaa5352bc3b8f7c4da3124506e7b,1bee78b2e4bc34b3e12fbfdf37f7d0b203fe61917a9f69e67f44e5970998730a,fe5e953572395cceb7f50820650d8bcce531a63d141e83f5e2bce3b21549a534,4c4b709a7a9431b6e6ed604c2e1087aa038624b61fdee9c443713d253c2ecf57,9b7bde1f038dfb0f1d69577cd1f168bd40ff0ea0c5755b6e8b04a4deb0f77e63,,,,,,,,
promote_2026-04-28T19-35-19Z_5786,2026-04-28T19:35:19Z,icao4444-extracted,reduced_runway_7_11,icao4444_reduced_runway_family,icao4444_reduced_runway_family,icao4444-extracted::reduced_runway_7_11::ee9d8b3a766e4cdd,req_traffic_info,c89b2dd7c9d0f6e6303a22987147a2124999a9f926acd049cd88439f0898d830,Traffic information shall be provided to the flight crew of the succeeding aircraft concerned when applying reduced runway separation minima.,authoritative_requirement,shall,rule,promote,supported,false,defensible,true,false,accepted,high,false,accepted,pass,pass,0,pass,pass,false,qwen3.6:35b-a3b,qwen3.6:35b-a3b,qwen2.5-coder:32b,qwen3.6:35b-a3b,qwen3.6:35b-a3b,qwen3.6:35b-a3b,24576,3,3,ollama-first-2026-04-28,25de32675884cb3976f22fb28206209e8e72a1db3a6e556bb46490935002b66c,d734d5291933bae15c654b4bbb2c90110fb66bfe6a3cd5cefadd8bb5a974b015,56b69ad27ea3962fdc492e67ea659e0b8a44eaa5352bc3b8f7c4da3124506e7b,1bee78b2e4bc34b3e12fbfdf37f7d0b203fe61917a9f69e67f44e5970998730a,fe5e953572395cceb7f50820650d8bcce531a63d141e83f5e2bce3b21549a534,4c4b709a7a9431b6e6ed604c2e1087aa038624b61fdee9c443713d253c2ecf57,9b7bde1f038dfb0f1d69577cd1f168bd40ff0ea0c5755b6e8b04a4deb0f77e63,,,,,,,,
promote_2026-04-28T19-35-19Z_5786,2026-04-28T19:35:19Z,icao4444-extracted,reduced_runway_7_11,icao4444_reduced_runway_family,icao4444_reduced_runway_family,icao4444-extracted::reduced_runway_7_11::4d94eb6a6e022f33,req_braking_action,71ee7358321189512dcfabbe53ccc75182ed00f3cb40a4822c272b8e23a162f2,"The braking action shall not be adversely affected by runway contaminants such as ice, slush, snow and water when applying reduced runway separation minima.",authoritative_requirement,shall,rule,promote,supported,false,defensible,true,false,accepted,high,false,accepted,pass,pass,0,pass,pass,false,qwen3.6:35b-a3b,qwen3.6:35b-a3b,qwen2.5-coder:32b,qwen3.6:35b-a3b,qwen3.6:35b-a3b,qwen3.6:35b-a3b,24576,3,3,ollama-first-2026-04-28,25de32675884cb3976f22fb28206209e8e72a1db3a6e556bb46490935002b66c,d734d5291933bae15c654b4bbb2c90110fb66bfe6a3cd5cefadd8bb5a974b015,56b69ad27ea3962fdc492e67ea659e0b8a44eaa5352bc3b8f7c4da3124506e7b,1bee78b2e4bc34b3e12fbfdf37f7d0b203fe61917a9f69e67f44e5970998730a,fe5e953572395cceb7f50820650d8bcce531a63d141e83f5e2bce3b21549a534,4c4b709a7a9431b6e6ed604c2e1087aa038624b61fdee9c443713d253c2ecf57,9b7bde1f038dfb0f1d69577cd1f168bd40ff0ea0c5755b6e8b04a4deb0f77e63,,,,,,,,
promote_2026-04-28T19-35-19Z_5786,2026-04-28T19:35:19Z,icao4444-extracted,reduced_runway_7_11,icao4444_reduced_runway_family,icao4444_reduced_runway_family,icao4444-extracted::reduced_runway_7_11::f6d6fb89eb3b7d98,req_runway_specific_minima,3e49d18071b2f3f8079aa6e52003314dd378f857a96c06667dfd3a49ba45e33e,Reduced runway separation minima which may be applied at an aerodrome shall be determined for each separate runway.,authoritative_requirement,shall,rule,promote,supported,false,defensible,true,false,accepted,high,false,accepted,pass,pass,0,pass,pass,false,qwen3.6:35b-a3b,qwen3.6:35b-a3b,qwen2.5-coder:32b,qwen3.6:35b-a3b,qwen3.6:35b-a3b,qwen3.6:35b-a3b,24576,3,3,ollama-first-2026-04-28,25de32675884cb3976f22fb28206209e8e72a1db3a6e556bb46490935002b66c,d734d5291933bae15c654b4bbb2c90110fb66bfe6a3cd5cefadd8bb5a974b015,56b69ad27ea3962fdc492e67ea659e0b8a44eaa5352bc3b8f7c4da3124506e7b,1bee78b2e4bc34b3e12fbfdf37f7d0b203fe61917a9f69e67f44e5970998730a,fe5e953572395cceb7f50820650d8bcce531a63d141e83f5e2bce3b21549a534,4c4b709a7a9431b6e6ed604c2e1087aa038624b61fdee9c443713d253c2ecf57,9b7bde1f038dfb0f1d69577cd1f168bd40ff0ea0c5755b6e8b04a4deb0f77e63,,,,,,,,
promote_2026-04-28T19-35-19Z_5786,2026-04-28T19:35:19Z,icao4444-extracted,speed_control_4_6_1,icao4444_speed_control_family,icao4444_speed_control_family,icao4444-extracted::speed_control_4_6_1::176a288266601004,speed_control_persistence,d75840269046b9077c3718dd0b96d69230d09556cdb5e47cab4bd54064deba76,Speed control instructions shall remain in effect unless explicitly cancelled or amended by the controller.,authoritative_requirement,shall,rule,promote,supported,false,defensible,true,false,accepted,high,false,accepted,pass,pass,0,pass,pass,false,qwen3.6:35b-a3b,qwen3.6:35b-a3b,qwen2.5-coder:32b,qwen3.6:35b-a3b,qwen3.6:35b-a3b,qwen3.6:35b-a3b,24576,3,3,ollama-first-2026-04-28,25de32675884cb3976f22fb28206209e8e72a1db3a6e556bb46490935002b66c,d734d5291933bae15c654b4bbb2c90110fb66bfe6a3cd5cefadd8bb5a974b015,56b69ad27ea3962fdc492e67ea659e0b8a44eaa5352bc3b8f7c4da3124506e7b,1bee78b2e4bc34b3e12fbfdf37f7d0b203fe61917a9f69e67f44e5970998730a,fe5e953572395cceb7f50820650d8bcce531a63d141e83f5e2bce3b21549a534,4c4b709a7a9431b6e6ed604c2e1087aa038624b61fdee9c443713d253c2ecf57,9b7bde1f038dfb0f1d69577cd1f168bd40ff0ea0c5755b6e8b04a4deb0f77e63,,,,,,,,
promote_2026-04-28T19-35-19Z_5786,2026-04-28T19:35:19Z,icao4444-extracted,speed_control_4_6_1,icao4444_speed_control_family,icao4444_speed_control_family,icao4444-extracted::speed_control_4_6_1::fa5211e176cbcd72,speed_control_holding_exclusion,72884e63ff1fd345f82e81723b8025fa8bee574cf6e95e843f1f21a36f5708cb,Speed control shall not be applied to aircraft entering or established in a holding pattern.,authoritative_requirement,shall,rule,promote,supported,false,defensible,true,false,accepted,high,false,accepted,pass,pass,0,pass,pass,false,qwen3.6:35b-a3b,qwen3.6:35b-a3b,qwen2.5-coder:32b,qwen3.6:35b-a3b,qwen3.6:35b-a3b,qwen3.6:35b-a3b,24576,3,3,ollama-first-2026-04-28,25de32675884cb3976f22fb28206209e8e72a1db3a6e556bb46490935002b66c,d734d5291933bae15c654b4bbb2c90110fb66bfe6a3cd5cefadd8bb5a974b015,56b69ad27ea3962fdc492e67ea659e0b8a44eaa5352bc3b8f7c4da3124506e7b,1bee78b2e4bc34b3e12fbfdf37f7d0b203fe61917a9f69e67f44e5970998730a,fe5e953572395cceb7f50820650d8bcce531a63d141e83f5e2bce3b21549a534,4c4b709a7a9431b6e6ed604c2e1087aa038624b61fdee9c443713d253c2ecf57,9b7bde1f038dfb0f1d69577cd1f168bd40ff0ea0c5755b6e8b04a4deb0f77e63,,,,,,,,
promote_2026-04-28T19-35-19Z_5786,2026-04-28T19:35:19Z,icao4444-extracted,speed_control_4_6_1,icao4444_speed_control_family,icao4444_speed_control_family,icao4444-extracted::speed_control_4_6_1::097ff62e3ae3b53d,crew_inform_inability,53d655ae37440e26cd49a394d610568d6efbd9ebe073ca057255be5b49e8cbea,The flight crew shall inform the ATC unit concerned if at any time they are unable to comply with a speed instruction.,authoritative_requirement,shall,rule,promote,supported,false,defensible,true,false,accepted,high,false,accepted,pass,pass,0,pass,pass,false,qwen3.6:35b-a3b,qwen3.6:35b-a3b,qwen2.5-coder:32b,qwen3.6:35b-a3b,qwen3.6:35b-a3b,qwen3.6:35b-a3b,24576,3,3,ollama-first-2026-04-28,25de32675884cb3976f22fb28206209e8e72a1db3a6e556bb46490935002b66c,d734d5291933bae15c654b4bbb2c90110fb66bfe6a3cd5cefadd8bb5a974b015,56b69ad27ea3962fdc492e67ea659e0b8a44eaa5352bc3b8f7c4da3124506e7b,1bee78b2e4bc34b3e12fbfdf37f7d0b203fe61917a9f69e67f44e5970998730a,fe5e953572395cceb7f50820650d8bcce531a63d141e83f5e2bce3b21549a534,4c4b709a7a9431b6e6ed604c2e1087aa038624b61fdee9c443713d253c2ecf57,9b7bde1f038dfb0f1d69577cd1f168bd40ff0ea0c5755b6e8b04a4deb0f77e63,,,,,,,,
promote_2026-04-28T19-35-19Z_5786,2026-04-28T19:35:19Z,icao4444-extracted,speed_control_4_6_1,icao4444_speed_control_family,icao4444_speed_control_family,icao4444-extracted::speed_control_4_6_1::104c727d8774e3db,controller_alternative_method,010d3df813b9b419cc5edca5c430fbdfcff0749efb2ba589bee518da1942cec6,"In such cases, the controller shall apply an alternative method to achieve the desired spacing between the aircraft concerned.",authoritative_requirement,shall,rule,promote,supported,false,defensible,true,false,accepted,high,false,accepted,pass,pass,0,pass,pass,false,qwen3.6:35b-a3b,qwen3.6:35b-a3b,qwen2.5-coder:32b,qwen3.6:35b-a3b,qwen3.6:35b-a3b,qwen3.6:35b-a3b,24576,3,3,ollama-first-2026-04-28,25de32675884cb3976f22fb28206209e8e72a1db3a6e556bb46490935002b66c,d734d5291933bae15c654b4bbb2c90110fb66bfe6a3cd5cefadd8bb5a974b015,56b69ad27ea3962fdc492e67ea659e0b8a44eaa5352bc3b8f7c4da3124506e7b,1bee78b2e4bc34b3e12fbfdf37f7d0b203fe61917a9f69e67f44e5970998730a,fe5e953572395cceb7f50820650d8bcce531a63d141e83f5e2bce3b21549a534,4c4b709a7a9431b6e6ed604c2e1087aa038624b61fdee9c443713d253c2ecf57,9b7bde1f038dfb0f1d69577cd1f168bd40ff0ea0c5755b6e8b04a4deb0f77e63,,,,,,,,
promote_2026-04-28T19-35-19Z_5786,2026-04-28T19:35:19Z,icao4444-extracted,speed_control_4_6_1,icao4444_speed_control_family,icao4444_speed_control_family,icao4444-extracted::speed_control_4_6_1::65180f5f7c642cba,advise_restriction_removal,b61179eeedff755a7e9dc96a6995c12047bfc554b0abcd416f15419a20813be3,Aircraft shall be advised when a speed control restriction is no longer required.,authoritative_requirement,shall,rule,promote,supported,false,defensible,true,false,accepted,high,false,accepted,pass,pass,0,pass,pass,false,qwen3.6:35b-a3b,qwen3.6:35b-a3b,qwen2.5-coder:32b,qwen3.6:35b-a3b,qwen3.6:35b-a3b,qwen3.6:35b-a3b,24576,3,3,ollama-first-2026-04-28,25de32675884cb3976f22fb28206209e8e72a1db3a6e556bb46490935002b66c,d734d5291933bae15c654b4bbb2c90110fb66bfe6a3cd5cefadd8bb5a974b015,56b69ad27ea3962fdc492e67ea659e0b8a44eaa5352bc3b8f7c4da3124506e7b,1bee78b2e4bc34b3e12fbfdf37f7d0b203fe61917a9f69e67f44e5970998730a,fe5e953572395cceb7f50820650d8bcce531a63d141e83f5e2bce3b21549a534,4c4b709a7a9431b6e6ed604c2e1087aa038624b61fdee9c443713d253c2ecf57,9b7bde1f038dfb0f1d69577cd1f168bd40ff0ea0c5755b6e8b04a4deb0f77e63,,,,,,,,
promote_2026-04-28T19-35-19Z_5786,2026-04-28T19:35:19Z,icao4444-extracted,speed_control_4_6_1,icao4444_speed_control_family,icao4444_speed_control_family,icao4444-extracted::speed_control_4_6_1::f968d421f3a2eeeb,adequate_notice_speed_control,47633b1fb27d9901042ade9706d9703dc2d70e0094eb916b540c7e1c4a17911d,Flight crews should be given adequate notice of planned speed control.,operational_guidance,should,best_practice,advisory_only,supported,false,defensible,true,false,advisory_only,high,false,pending,pass,pass,0,pass,pass,false,qwen3.6:35b-a3b,qwen3.6:35b-a3b,qwen2.5-coder:32b,qwen3.6:35b-a3b,qwen3.6:35b-a3b,qwen3.6:35b-a3b,24576,3,3,ollama-first-2026-04-28,25de32675884cb3976f22fb28206209e8e72a1db3a6e556bb46490935002b66c,d734d5291933bae15c654b4bbb2c90110fb66bfe6a3cd5cefadd8bb5a974b015,56b69ad27ea3962fdc492e67ea659e0b8a44eaa5352bc3b8f7c4da3124506e7b,1bee78b2e4bc34b3e12fbfdf37f7d0b203fe61917a9f69e67f44e5970998730a,fe5e953572395cceb7f50820650d8bcce531a63d141e83f5e2bce3b21549a534,4c4b709a7a9431b6e6ed604c2e1087aa038624b61fdee9c443713d253c2ecf57,9b7bde1f038dfb0f1d69577cd1f168bd40ff0ea0c5755b6e8b04a4deb0f77e63,,,,,,,,
promote_2026-04-28T19-35-19Z_5786,2026-04-28T19:35:19Z,icao4444-extracted,speed_control_4_6_1,icao4444_speed_control_family,icao4444_speed_control_family,icao4444-extracted::speed_control_4_6_1::b3884e25bbc4911b,speed_adjustment_limitation,749c199b8dce41e53e3f19abb6ce8405ff93b1b93844750a6401fd83d2436557,Speed adjustments should be limited to those necessary to establish and/or maintain a desired separation minimum or spacing.,operational_guidance,should,best_practice,advisory_only,supported,false,defensible,true,false,advisory_only,high,false,pending,pass,pass,0,pass,pass,false,qwen3.6:35b-a3b,qwen3.6:35b-a3b,qwen2.5-coder:32b,qwen3.6:35b-a3b,qwen3.6:35b-a3b,qwen3.6:35b-a3b,24576,3,3,ollama-first-2026-04-28,25de32675884cb3976f22fb28206209e8e72a1db3a6e556bb46490935002b66c,d734d5291933bae15c654b4bbb2c90110fb66bfe6a3cd5cefadd8bb5a974b015,56b69ad27ea3962fdc492e67ea659e0b8a44eaa5352bc3b8f7c4da3124506e7b,1bee78b2e4bc34b3e12fbfdf37f7d0b203fe61917a9f69e67f44e5970998730a,fe5e953572395cceb7f50820650d8bcce531a63d141e83f5e2bce3b21549a534,4c4b709a7a9431b6e6ed604c2e1087aa038624b61fdee9c443713d253c2ecf57,9b7bde1f038dfb0f1d69577cd1f168bd40ff0ea0c5755b6e8b04a4deb0f77e63,,,,,,,,
promote_2026-04-28T19-35-19Z_5786,2026-04-28T19:35:19Z,icao4444-extracted,speed_control_4_6_1,icao4444_speed_control_family,icao4444_speed_control_family,icao4444-extracted::speed_control_4_6_1::aa64c02ac355565b,avoid_frequent_speed_changes,231450824ffcfa03d690089a491a6e843c92bdacf995f27b322ff3854549e66a,"Instructions involving frequent changes of speed, including alternate speed increases and decreases, should be avoided.",operational_guidance,should,best_practice,advisory_only,supported,false,defensible,true,false,advisory_only,high,false,pending,pass,pass,0,pass,pass,false,qwen3.6:35b-a3b,qwen3.6:35b-a3b,qwen2.5-coder:32b,qwen3.6:35b-a3b,qwen3.6:35b-a3b,qwen3.6:35b-a3b,24576,3,3,ollama-first-2026-04-28,25de32675884cb3976f22fb28206209e8e72a1db3a6e556bb46490935002b66c,d734d5291933bae15c654b4bbb2c90110fb66bfe6a3cd5cefadd8bb5a974b015,56b69ad27ea3962fdc492e67ea659e0b8a44eaa5352bc3b8f7c4da3124506e7b,1bee78b2e4bc34b3e12fbfdf37f7d0b203fe61917a9f69e67f44e5970998730a,fe5e953572395cceb7f50820650d8bcce531a63d141e83f5e2bce3b21549a534,4c4b709a7a9431b6e6ed604c2e1087aa038624b61fdee9c443713d253c2ecf57,9b7bde1f038dfb0f1d69577cd1f168bd40ff0ea0c5755b6e8b04a4deb0f77e63,,,,,,,,
promote_2026-04-28T19-35-19Z_5786,2026-04-28T19:35:19Z,icao4444-extracted,speed_control_4_6_1,icao4444_speed_control_family,icao4444_speed_control_family,icao4444-extracted::speed_control_4_6_1::5b64dff0f7a93bf6,speed_units_high_level,61af856c52f2654608a0bc95505d678c2204f9a84845743ad4743a1a8095e966,"At levels at or above 7 600 m (FL 250), speed adjustments should be expressed in multiples of 0.01 Mach.",operational_guidance,should,phraseology_rule,advisory_only,supported,true,defensible,true,false,advisory_only,high,false,pending,pass,pass,0,pass,pass,false,qwen3.6:35b-a3b,qwen3.6:35b-a3b,qwen2.5-coder:32b,qwen3.6:35b-a3b,qwen3.6:35b-a3b,qwen3.6:35b-a3b,24576,3,3,ollama-first-2026-04-28,25de32675884cb3976f22fb28206209e8e72a1db3a6e556bb46490935002b66c,d734d5291933bae15c654b4bbb2c90110fb66bfe6a3cd5cefadd8bb5a974b015,56b69ad27ea3962fdc492e67ea659e0b8a44eaa5352bc3b8f7c4da3124506e7b,1bee78b2e4bc34b3e12fbfdf37f7d0b203fe61917a9f69e67f44e5970998730a,fe5e953572395cceb7f50820650d8bcce531a63d141e83f5e2bce3b21549a534,4c4b709a7a9431b6e6ed604c2e1087aa038624b61fdee9c443713d253c2ecf57,9b7bde1f038dfb0f1d69577cd1f168bd40ff0ea0c5755b6e8b04a4deb0f77e63,,,,,,,,
promote_2026-04-28T19-35-19Z_5786,2026-04-28T19:35:19Z,icao4444-extracted,speed_control_4_6_1,icao4444_speed_control_family,icao4444_speed_control_family,icao4444-extracted::speed_control_4_6_1::c65796e5a870f2b6,speed_units_low_level,15eb3da7e83dc93a3a6be46dc194cc4c5216def4c4e9a9e182e730c615cf2c1a,"At levels below 7 600 m (FL 250), speed adjustments should be expressed in multiples of 20 km/h (10 kt) based on indicated airspeed (IAS).",operational_guidance,should,phraseology_rule,advisory_only,supported,false,defensible,true,false,advisory_only,high,false,pending,pass,pass,0,pass,pass,false,qwen3.6:35b-a3b,qwen3.6:35b-a3b,qwen2.5-coder:32b,qwen3.6:35b-a3b,qwen3.6:35b-a3b,qwen3.6:35b-a3b,24576,3,3,ollama-first-2026-04-28,25de32675884cb3976f22fb28206209e8e72a1db3a6e556bb46490935002b66c,d734d5291933bae15c654b4bbb2c90110fb66bfe6a3cd5cefadd8bb5a974b015,56b69ad27ea3962fdc492e67ea659e0b8a44eaa5352bc3b8f7c4da3124506e7b,1bee78b2e4bc34b3e12fbfdf37f7d0b203fe61917a9f69e67f44e5970998730a,fe5e953572395cceb7f50820650d8bcce531a63d141e83f5e2bce3b21549a534,4c4b709a7a9431b6e6ed604c2e1087aa038624b61fdee9c443713d253c2ecf57,9b7bde1f038dfb0f1d69577cd1f168bd40ff0ea0c5755b6e8b04a4deb0f77e63,,,,,,,,
promote_2026-04-28T19-35-19Z_5786,2026-04-28T19:35:19Z,icao4444-extracted,speed_control_4_6_1,icao4444_speed_control_family,icao4444_speed_control_family,icao4444-extracted::speed_control_4_6_1::9e7501b932c88a64,note_fuel_impact,71e76be39a75f03ca3db188a26bf1d0c5852ee216decae9aedffab492a695e44,Application of speed control over a long period of time may affect aircraft fuel reserves.,background_support,note,definition,support_only,supported,false,defensible,true,false,advisory_only,high,false,pending,pass,pass,0,pass,pass,false,qwen3.6:35b-a3b,qwen3.6:35b-a3b,qwen2.5-coder:32b,qwen3.6:35b-a3b,qwen3.6:35b-a3b,qwen3.6:35b-a3b,24576,3,3,ollama-first-2026-04-28,25de32675884cb3976f22fb28206209e8e72a1db3a6e556bb46490935002b66c,d734d5291933bae15c654b4bbb2c90110fb66bfe6a3cd5cefadd8bb5a974b015,56b69ad27ea3962fdc492e67ea659e0b8a44eaa5352bc3b8f7c4da3124506e7b,1bee78b2e4bc34b3e12fbfdf37f7d0b203fe61917a9f69e67f44e5970998730a,fe5e953572395cceb7f50820650d8bcce531a63d141e83f5e2bce3b21549a534,4c4b709a7a9431b6e6ed604c2e1087aa038624b61fdee9c443713d253c2ecf57,9b7bde1f038dfb0f1d69577cd1f168bd40ff0ea0c5755b6e8b04a4deb0f77e63,,,,,,,,
promote_2026-04-28T19-35-19Z_5786,2026-04-28T19:35:19Z,icao4444-extracted,speed_control_4_6_1,icao4444_speed_control_family,icao4444_speed_control_family,icao4444-extracted::speed_control_4_6_1::e9f810be22ca5add,note_mach_separation_ref,aca88509dcfc34fcf444bdc34dbb679e3d6f10fe1e5bacc59ed27e1547c8ab32,"Provisions concerning longitudinal separation using the Mach number technique are contained in Chapter 5, Separation Methods and Minima.",background_support,note,definition,support_only,supported,false,defensible,true,false,advisory_only,high,false,pending,pass,pass,0,pass,pass,false,qwen3.6:35b-a3b,qwen3.6:35b-a3b,qwen2.5-coder:32b,qwen3.6:35b-a3b,qwen3.6:35b-a3b,qwen3.6:35b-a3b,24576,3,3,ollama-first-2026-04-28,25de32675884cb3976f22fb28206209e8e72a1db3a6e556bb46490935002b66c,d734d5291933bae15c654b4bbb2c90110fb66bfe6a3cd5cefadd8bb5a974b015,56b69ad27ea3962fdc492e67ea659e0b8a44eaa5352bc3b8f7c4da3124506e7b,1bee78b2e4bc34b3e12fbfdf37f7d0b203fe61917a9f69e67f44e5970998730a,fe5e953572395cceb7f50820650d8bcce531a63d141e83f5e2bce3b21549a534,4c4b709a7a9431b6e6ed604c2e1087aa038624b61fdee9c443713d253c2ecf57,9b7bde1f038dfb0f1d69577cd1f168bd40ff0ea0c5755b6e8b04a4deb0f77e63,,,,,,,,
promote_2026-04-28T19-35-19Z_5786,2026-04-28T19:35:19Z,icao4444-extracted,speed_control_4_6_1,icao4444_speed_control_family,icao4444_speed_control_family,icao4444-extracted::speed_control_4_6_1::1217a29793be2295,note_cancellation_limitation,82332c9c9d519c7a60128202036c6b7ac6cee3d42600e461b3dce486115ad5dc,Cancellation of any speed control instruction does not relieve the flight crew of compliance with speed limitations associated with airspace classifications as specified in Annex 11.,operational_guidance,note,rule,advisory_only,supported,false,defensible,true,false,advisory_only,high,false,pending,pass,pass,0,pass,pass,false,qwen3.6:35b-a3b,qwen3.6:35b-a3b,qwen2.5-coder:32b,qwen3.6:35b-a3b,qwen3.6:35b-a3b,qwen3.6:35b-a3b,24576,3,3,ollama-first-2026-04-28,25de32675884cb3976f22fb28206209e8e72a1db3a6e556bb46490935002b66c,d734d5291933bae15c654b4bbb2c90110fb66bfe6a3cd5cefadd8bb5a974b015,56b69ad27ea3962fdc492e67ea659e0b8a44eaa5352bc3b8f7c4da3124506e7b,1bee78b2e4bc34b3e12fbfdf37f7d0b203fe61917a9f69e67f44e5970998730a,fe5e953572395cceb7f50820650d8bcce531a63d141e83f5e2bce3b21549a534,4c4b709a7a9431b6e6ed604c2e1087aa038624b61fdee9c443713d253c2ecf57,9b7bde1f038dfb0f1d69577cd1f168bd40ff0ea0c5755b6e8b04a4deb0f77e63,,,,,,,,
promote_2026-04-28T19-35-19Z_5786,2026-04-28T19:35:19Z,icao4444-extracted,speed_control_4_6_1,icao4444_speed_control_family,icao4444_speed_control_family,icao4444-extracted::speed_control_4_6_1::2cf081bdd1bb2283,note_mach_conversion,8f3626e79fa9efdda24e66d5460c0fbb5735fc31fd3dea6cfd5182b2576d4b5c,Mach 0.01 equals approximately 11 km/h (6 kt) IAS at higher flight levels.,background_support,note,definition,support_only,supported,false,defensible,true,false,advisory_only,high,false,pending,pass,pass,0,pass,pass,false,qwen3.6:35b-a3b,qwen3.6:35b-a3b,qwen2.5-coder:32b,qwen3.6:35b-a3b,qwen3.6:35b-a3b,qwen3.6:35b-a3b,24576,3,3,ollama-first-2026-04-28,25de32675884cb3976f22fb28206209e8e72a1db3a6e556bb46490935002b66c,d734d5291933bae15c654b4bbb2c90110fb66bfe6a3cd5cefadd8bb5a974b015,56b69ad27ea3962fdc492e67ea659e0b8a44eaa5352bc3b8f7c4da3124506e7b,1bee78b2e4bc34b3e12fbfdf37f7d0b203fe61917a9f69e67f44e5970998730a,fe5e953572395cceb7f50820650d8bcce531a63d141e83f5e2bce3b21549a534,4c4b709a7a9431b6e6ed604c2e1087aa038624b61fdee9c443713d253c2ecf57,9b7bde1f038dfb0f1d69577cd1f168bd40ff0ea0c5755b6e8b04a4deb0f77e63,,,,,,,,
promote_2026-04-28T19-35-19Z_5786,2026-04-28T19:35:19Z,icao4444-extracted,speed_control_4_6_1,icao4444_speed_control_family,icao4444_speed_control_family,icao4444-extracted::speed_control_4_6_1::8357e703f52d70a6,note_heavy_aircraft_limitation,8372a2a6d49b4ea0e3b9f50e59db827ddc0a1640c37e77fb1069294d391b8e32,"When an aircraft is heavily loaded and at a high level, its ability to change speed may, in cases, be very limited.",background_support,note,definition,support_only,supported,false,defensible,true,false,advisory_only,high,false,pending,pass,pass,0,pass,pass,false,qwen3.6:35b-a3b,qwen3.6:35b-a3b,qwen2.5-coder:32b,qwen3.6:35b-a3b,qwen3.6:35b-a3b,qwen3.6:35b-a3b,24576,3,3,ollama-first-2026-04-28,25de32675884cb3976f22fb28206209e8e72a1db3a6e556bb46490935002b66c,d734d5291933bae15c654b4bbb2c90110fb66bfe6a3cd5cefadd8bb5a974b015,56b69ad27ea3962fdc492e67ea659e0b8a44eaa5352bc3b8f7c4da3124506e7b,1bee78b2e4bc34b3e12fbfdf37f7d0b203fe61917a9f69e67f44e5970998730a,fe5e953572395cceb7f50820650d8bcce531a63d141e83f5e2bce3b21549a534,4c4b709a7a9431b6e6ed604c2e1087aa038624b61fdee9c443713d253c2ecf57,9b7bde1f038dfb0f1d69577cd1f168bd40ff0ea0c5755b6e8b04a4deb0f77e63,,,,,,,,
promote_2026-04-28T19-35-19Z_5786,2026-04-28T19:35:19Z,icao4444-extracted,transfer_4_3_2_1,icao4444_transfer_family,icao4444_transfer_family,icao4444-extracted::transfer_4_3_2_1::9e13513d0ea84502,ctrl_division_general,04b01f7e6c7e342e7edb573a4aeb08d5ea39c13c5cec5e8532f9fee54c48c215,"Except for flights which are provided aerodrome control service only, the control of arriving and departing controlled flights shall be divided between units providing aerodrome control service and units providing approach control service.",authoritative_requirement,shall,rule,promote,underspecified,false,defensible,false,false,needs_bundle,high,false,pending,pass,pass,0,pass,pass,false,qwen3.6:35b-a3b,qwen3.6:35b-a3b,qwen2.5-coder:32b,qwen3.6:35b-a3b,qwen3.6:35b-a3b,qwen3.6:35b-a3b,24576,3,3,ollama-first-2026-04-28,25de32675884cb3976f22fb28206209e8e72a1db3a6e556bb46490935002b66c,d734d5291933bae15c654b4bbb2c90110fb66bfe6a3cd5cefadd8bb5a974b015,56b69ad27ea3962fdc492e67ea659e0b8a44eaa5352bc3b8f7c4da3124506e7b,1bee78b2e4bc34b3e12fbfdf37f7d0b203fe61917a9f69e67f44e5970998730a,fe5e953572395cceb7f50820650d8bcce531a63d141e83f5e2bce3b21549a534,4c4b709a7a9431b6e6ed604c2e1087aa038624b61fdee9c443713d253c2ecf57,9b7bde1f038dfb0f1d69577cd1f168bd40ff0ea0c5755b6e8b04a4deb0f77e63,,,,,,,,
promote_2026-04-28T19-35-19Z_5786,2026-04-28T19:35:19Z,icao4444-extracted,transfer_4_3_2_1,icao4444_transfer_family,icao4444_transfer_family,icao4444-extracted::transfer_4_3_2_1::e87aa82016b9b93b,transfer_arrival_vmc,27db6d8ba5b2ca4ff188e2a31f3143862f4745dfd1c4b1157f76ac6122d91e4d,Control of an arriving aircraft shall be transferred from the unit providing approach control service to the unit providing aerodrome control service when the aircraft is in the vicinity of the aerodrome and it is considered that approach a,authoritative_requirement,shall,rule,promote,underspecified,false,defensible,true,true,needs_bundle,high,false,pending,fail,fail,1,pass,pass,false,qwen3.6:35b-a3b,qwen3.6:35b-a3b,qwen2.5-coder:32b,qwen3.6:35b-a3b,qwen3.6:35b-a3b,qwen3.6:35b-a3b,24576,3,3,ollama-first-2026-04-28,25de32675884cb3976f22fb28206209e8e72a1db3a6e556bb46490935002b66c,d734d5291933bae15c654b4bbb2c90110fb66bfe6a3cd5cefadd8bb5a974b015,56b69ad27ea3962fdc492e67ea659e0b8a44eaa5352bc3b8f7c4da3124506e7b,1bee78b2e4bc34b3e12fbfdf37f7d0b203fe61917a9f69e67f44e5970998730a,fe5e953572395cceb7f50820650d8bcce531a63d141e83f5e2bce3b21549a534,4c4b709a7a9431b6e6ed604c2e1087aa038624b61fdee9c443713d253c2ecf57,9b7bde1f038dfb0f1d69577cd1f168bd40ff0ea0c5755b6e8b04a4deb0f77e63,,,,,,,,
promote_2026-04-28T19-35-19Z_5786,2026-04-28T19:35:19Z,icao4444-extracted,transfer_4_3_2_1,icao4444_transfer_family,icao4444_transfer_family,icao4444-extracted::transfer_4_3_2_1::2670284e94e0eeb0,transfer_arrival_point_level,7734820802fb7fee62483aad98cf5befb31a9b5252b969a7fc28af92c0001666,"Control of an arriving aircraft shall be transferred from the unit providing approach control service to the unit providing aerodrome control service when the aircraft is at a prescribed point or level, as specified in letters of agreement ",authoritative_requirement,shall,rule,promote,supported,true,defensible,true,false,accepted,high,false,pending,fail,fail,1,pass,pass,false,qwen3.6:35b-a3b,qwen3.6:35b-a3b,qwen2.5-coder:32b,qwen3.6:35b-a3b,qwen3.6:35b-a3b,qwen3.6:35b-a3b,24576,3,3,ollama-first-2026-04-28,25de32675884cb3976f22fb28206209e8e72a1db3a6e556bb46490935002b66c,d734d5291933bae15c654b4bbb2c90110fb66bfe6a3cd5cefadd8bb5a974b015,56b69ad27ea3962fdc492e67ea659e0b8a44eaa5352bc3b8f7c4da3124506e7b,1bee78b2e4bc34b3e12fbfdf37f7d0b203fe61917a9f69e67f44e5970998730a,fe5e953572395cceb7f50820650d8bcce531a63d141e83f5e2bce3b21549a534,4c4b709a7a9431b6e6ed604c2e1087aa038624b61fdee9c443713d253c2ecf57,9b7bde1f038dfb0f1d69577cd1f168bd40ff0ea0c5755b6e8b04a4deb0f77e63,,,,,,,,
promote_2026-04-28T19-35-19Z_5786,2026-04-28T19:35:19Z,icao4444-extracted,transfer_4_3_2_1,icao4444_transfer_family,icao4444_transfer_family,icao4444-extracted::transfer_4_3_2_1::ab2e105064064445,transfer_arrival_landed,fe6c138a7836d33e526cd7a9706a834feeffc9871a9cc80354cc66bacb9307ac,"Control of an arriving aircraft shall be transferred from the unit providing approach control service to the unit providing aerodrome control service when the aircraft has landed, as specified in letters of agreement or ATS unit instruction",authoritative_requirement,shall,rule,promote,supported,true,defensible,true,false,accepted,high,false,pending,fail,fail,1,pass,pass,false,qwen3.6:35b-a3b,qwen3.6:35b-a3b,qwen2.5-coder:32b,qwen3.6:35b-a3b,qwen3.6:35b-a3b,qwen3.6:35b-a3b,24576,3,3,ollama-first-2026-04-28,25de32675884cb3976f22fb28206209e8e72a1db3a6e556bb46490935002b66c,d734d5291933bae15c654b4bbb2c90110fb66bfe6a3cd5cefadd8bb5a974b015,56b69ad27ea3962fdc492e67ea659e0b8a44eaa5352bc3b8f7c4da3124506e7b,1bee78b2e4bc34b3e12fbfdf37f7d0b203fe61917a9f69e67f44e5970998730a,fe5e953572395cceb7f50820650d8bcce531a63d141e83f5e2bce3b21549a534,4c4b709a7a9431b6e6ed604c2e1087aa038624b61fdee9c443713d253c2ecf57,9b7bde1f038dfb0f1d69577cd1f168bd40ff0ea0c5755b6e8b04a4deb0f77e63,,,,,,,,
promote_2026-04-28T19-35-19Z_5786,2026-04-28T19:35:19Z,icao4444-extracted,transfer_4_3_2_1,icao4444_transfer_family,icao4444_transfer_family,icao4444-extracted::transfer_4_3_2_1::04fa5058092e4265,transfer_comm_timely,d86ee44c413ab1ef1fa6e3523bfbeed16095161c953422595c3b4ac59b97af24,"Transfer of communications to the aerodrome controller should be effected at such a point, level or time that clearance to land or alternative instructions, as well as information on essential local traffic, can be issued in a timely manner",operational_guidance,should,best_practice,advisory_only,supported,false,defensible,true,false,advisory_only,high,false,pending,pass,pass,0,pass,pass,false,qwen3.6:35b-a3b,qwen3.6:35b-a3b,qwen2.5-coder:32b,qwen3.6:35b-a3b,qwen3.6:35b-a3b,qwen3.6:35b-a3b,24576,3,3,ollama-first-2026-04-28,25de32675884cb3976f22fb28206209e8e72a1db3a6e556bb46490935002b66c,d734d5291933bae15c654b4bbb2c90110fb66bfe6a3cd5cefadd8bb5a974b015,56b69ad27ea3962fdc492e67ea659e0b8a44eaa5352bc3b8f7c4da3124506e7b,1bee78b2e4bc34b3e12fbfdf37f7d0b203fe61917a9f69e67f44e5970998730a,fe5e953572395cceb7f50820650d8bcce531a63d141e83f5e2bce3b21549a534,4c4b709a7a9431b6e6ed604c2e1087aa038624b61fdee9c443713d253c2ecf57,9b7bde1f038dfb0f1d69577cd1f168bd40ff0ea0c5755b6e8b04a4deb0f77e63,,,,,,,,
promote_2026-04-28T19-35-19Z_5786,2026-04-28T19:35:19Z,icao4444-extracted,transfer_4_3_2_1,icao4444_transfer_family,icao4444_transfer_family,icao4444-extracted::transfer_4_3_2_1::2198f6235c44d5d7,transfer_departure_vmc,ede0d02eb4ad869b12d87677093f05c0527a8abb5ed3ceb0ef09053d57808653,"Control of a departing aircraft shall be transferred from the unit providing aerodrome control service to the unit providing approach control service when visual meteorological conditions prevail in the vicinity of the aerodrome, as specifi",authoritative_requirement,shall,rule,promote,authority_too_high,false,defensible,false,false,needs_bundle,high,false,pending,fail,fail,1,pass,pass,false,qwen3.6:35b-a3b,qwen3.6:35b-a3b,qwen2.5-coder:32b,qwen3.6:35b-a3b,qwen3.6:35b-a3b,qwen3.6:35b-a3b,24576,3,3,ollama-first-2026-04-28,25de32675884cb3976f22fb28206209e8e72a1db3a6e556bb46490935002b66c,d734d5291933bae15c654b4bbb2c90110fb66bfe6a3cd5cefadd8bb5a974b015,56b69ad27ea3962fdc492e67ea659e0b8a44eaa5352bc3b8f7c4da3124506e7b,1bee78b2e4bc34b3e12fbfdf37f7d0b203fe61917a9f69e67f44e5970998730a,fe5e953572395cceb7f50820650d8bcce531a63d141e83f5e2bce3b21549a534,4c4b709a7a9431b6e6ed604c2e1087aa038624b61fdee9c443713d253c2ecf57,9b7bde1f038dfb0f1d69577cd1f168bd40ff0ea0c5755b6e8b04a4deb0f77e63,,,,,,,,
promote_2026-04-28T19-35-19Z_5786,2026-04-28T19:35:19Z,icao4444-extracted,transfer_4_3_2_1,icao4444_transfer_family,icao4444_transfer_family,icao4444-extracted::transfer_4_3_2_1::98068c7af46e0390,transfer_departure_imc,5c588c203c8321f877bee321dee249e14a87f3844f5e970e2a57658ee9fabf90,"Control of a departing aircraft shall be transferred from the unit providing aerodrome control service to the unit providing approach control service when instrument meteorological conditions prevail at the aerodrome, as specified in letter",authoritative_requirement,shall,rule,promote,underspecified,false,defensible,false,false,needs_bundle,high,false,pending,fail,fail,1,pass,pass,false,qwen3.6:35b-a3b,qwen3.6:35b-a3b,qwen2.5-coder:32b,qwen3.6:35b-a3b,qwen3.6:35b-a3b,qwen3.6:35b-a3b,24576,3,3,ollama-first-2026-04-28,25de32675884cb3976f22fb28206209e8e72a1db3a6e556bb46490935002b66c,d734d5291933bae15c654b4bbb2c90110fb66bfe6a3cd5cefadd8bb5a974b015,56b69ad27ea3962fdc492e67ea659e0b8a44eaa5352bc3b8f7c4da3124506e7b,1bee78b2e4bc34b3e12fbfdf37f7d0b203fe61917a9f69e67f44e5970998730a,fe5e953572395cceb7f50820650d8bcce531a63d141e83f5e2bce3b21549a534,4c4b709a7a9431b6e6ed604c2e1087aa038624b61fdee9c443713d253c2ecf57,9b7bde1f038dfb0f1d69577cd1f168bd40ff0ea0c5755b6e8b04a4deb0f77e63,,,,,,,,
promote_2026-04-28T19-35-19Z_5786,2026-04-28T19:35:19Z,icao4444-extracted,transfer_4_3_2_1,icao4444_transfer_family,icao4444_transfer_family,icao4444-extracted::transfer_4_3_2_1::f0cb8347ee5a5ea9,direct_transfer_note,c303eabbe8268f1e7238dcede4773e6d9b192e81896fc617a24d9512d3db190b,"Control of certain flights may be transferred directly from an ACC to an aerodrome control tower and vice versa, by prior arrangement between the units concerned for the relevant part of approach control service to be provided by the ACC or",background_support,note,definition,support_only,supported,false,defensible,true,false,advisory_only,high,false,pending,pass,pass,0,pass,pass,false,qwen3.6:35b-a3b,qwen3.6:35b-a3b,qwen2.5-coder:32b,qwen3.6:35b-a3b,qwen3.6:35b-a3b,qwen3.6:35b-a3b,24576,3,3,ollama-first-2026-04-28,25de32675884cb3976f22fb28206209e8e72a1db3a6e556bb46490935002b66c,d734d5291933bae15c654b4bbb2c90110fb66bfe6a3cd5cefadd8bb5a974b015,56b69ad27ea3962fdc492e67ea659e0b8a44eaa5352bc3b8f7c4da3124506e7b,1bee78b2e4bc34b3e12fbfdf37f7d0b203fe61917a9f69e67f44e5970998730a,fe5e953572395cceb7f50820650d8bcce531a63d141e83f5e2bce3b21549a534,4c4b709a7a9431b6e6ed604c2e1087aa038624b61fdee9c443713d253c2ecf57,9b7bde1f038dfb0f1d69577cd1f168bd40ff0ea0c5755b6e8b04a4deb0f77e63,,,,,,,,
promote_2026-04-28T19-35-19Z_5786,2026-04-28T19:35:19Z,icao4444-extracted,wake_turbulence_5_8,icao4444_wake_turbulence_family,icao4444_wake_turbulence_family,icao4444-extracted::wake_turbulence_5_8::d2c228df10630ee8,wake_exempt_vfr,8fef18591dd75660ec507b9b7147e4297ea9d3c3d46c52d20f149155d556f9ad,The ATC unit concerned shall not be required to apply wake turbulence separation for arriving VFR flights landing on the same runway as a preceding landing HEAVY or MEDIUM aircraft.,authoritative_requirement,shall,rule,promote,supported,false,defensible,true,false,accepted,high,false,accepted,pass,pass,0,pass,pass,false,qwen3.6:35b-a3b,qwen3.6:35b-a3b,qwen2.5-coder:32b,qwen3.6:35b-a3b,qwen3.6:35b-a3b,qwen3.6:35b-a3b,24576,3,3,ollama-first-2026-04-28,25de32675884cb3976f22fb28206209e8e72a1db3a6e556bb46490935002b66c,d734d5291933bae15c654b4bbb2c90110fb66bfe6a3cd5cefadd8bb5a974b015,56b69ad27ea3962fdc492e67ea659e0b8a44eaa5352bc3b8f7c4da3124506e7b,1bee78b2e4bc34b3e12fbfdf37f7d0b203fe61917a9f69e67f44e5970998730a,fe5e953572395cceb7f50820650d8bcce531a63d141e83f5e2bce3b21549a534,4c4b709a7a9431b6e6ed604c2e1087aa038624b61fdee9c443713d253c2ecf57,9b7bde1f038dfb0f1d69577cd1f168bd40ff0ea0c5755b6e8b04a4deb0f77e63,,,,,,,,
promote_2026-04-28T19-35-19Z_5786,2026-04-28T19:35:19Z,icao4444-extracted,wake_turbulence_5_8,icao4444_wake_turbulence_family,icao4444_wake_turbulence_family,icao4444-extracted::wake_turbulence_5_8::8d48784411b94845,wake_exempt_visual_ifr,510b1b8904699d8b3143de434d05c36e5b30c69d0b1756d0e7d11c457367c7c0,The ATC unit concerned shall not be required to apply wake turbulence separation between arriving IFR flights executing visual approach when the aircraft has reported the preceding aircraft in sight and has been instructed to follow and mai,authoritative_requirement,shall,rule,promote,supported,true,defensible,true,false,accepted,high,false,accepted,pass,pass,0,pass,pass,false,qwen3.6:35b-a3b,qwen3.6:35b-a3b,qwen2.5-coder:32b,qwen3.6:35b-a3b,qwen3.6:35b-a3b,qwen3.6:35b-a3b,24576,3,3,ollama-first-2026-04-28,25de32675884cb3976f22fb28206209e8e72a1db3a6e556bb46490935002b66c,d734d5291933bae15c654b4bbb2c90110fb66bfe6a3cd5cefadd8bb5a974b015,56b69ad27ea3962fdc492e67ea659e0b8a44eaa5352bc3b8f7c4da3124506e7b,1bee78b2e4bc34b3e12fbfdf37f7d0b203fe61917a9f69e67f44e5970998730a,fe5e953572395cceb7f50820650d8bcce531a63d141e83f5e2bce3b21549a534,4c4b709a7a9431b6e6ed604c2e1087aa038624b61fdee9c443713d253c2ecf57,9b7bde1f038dfb0f1d69577cd1f168bd40ff0ea0c5755b6e8b04a4deb0f77e63,,,,,,,,
promote_2026-04-28T19-35-19Z_5786,2026-04-28T19:35:19Z,icao4444-extracted,wake_turbulence_5_8,icao4444_wake_turbulence_family,icao4444_wake_turbulence_family,icao4444-extracted::wake_turbulence_5_8::aa549e12f422eed0,wake_caution_issuance,d81fcfd07e105b63bf00aed1d2f962c491763f5a246823afc4bf196b094046a8,"The ATC unit shall, in respect of the flights specified in 5.8.1.1 a) and b), as well as when otherwise deemed necessary, issue a caution of possible wake turbulence.",authoritative_requirement,shall,rule,promote,supported,false,defensible,true,false,accepted,high,false,accepted,pass,pass,0,pass,pass,false,qwen3.6:35b-a3b,qwen3.6:35b-a3b,qwen2.5-coder:32b,qwen3.6:35b-a3b,qwen3.6:35b-a3b,qwen3.6:35b-a3b,24576,3,3,ollama-first-2026-04-28,25de32675884cb3976f22fb28206209e8e72a1db3a6e556bb46490935002b66c,d734d5291933bae15c654b4bbb2c90110fb66bfe6a3cd5cefadd8bb5a974b015,56b69ad27ea3962fdc492e67ea659e0b8a44eaa5352bc3b8f7c4da3124506e7b,1bee78b2e4bc34b3e12fbfdf37f7d0b203fe61917a9f69e67f44e5970998730a,fe5e953572395cceb7f50820650d8bcce531a63d141e83f5e2bce3b21549a534,4c4b709a7a9431b6e6ed604c2e1087aa038624b61fdee9c443713d253c2ecf57,9b7bde1f038dfb0f1d69577cd1f168bd40ff0ea0c5755b6e8b04a4deb0f77e63,,,,,,,,
promote_2026-04-28T19-35-19Z_5786,2026-04-28T19:35:19Z,icao4444-extracted,wake_turbulence_5_8,icao4444_wake_turbulence_family,icao4444_wake_turbulence_family,icao4444-extracted::wake_turbulence_5_8::8ad4ccfb077dbf04,wake_pilot_spacing_responsibility,1b8e9f83efbd09a61d89a23736c8db42135f2c9127d7f3db1023350eef5d5232,"The pilot-in-command of the aircraft concerned shall be responsible for ensuring that the spacing from a preceding aircraft of a heavier wake turbulence category is acceptable. If it is determined that additional spacing is required, the fl",authoritative_requirement,shall,rule,promote,supported,false,defensible,true,false,accepted,high,false,accepted,pass,pass,0,pass,pass,false,qwen3.6:35b-a3b,qwen3.6:35b-a3b,qwen2.5-coder:32b,qwen3.6:35b-a3b,qwen3.6:35b-a3b,qwen3.6:35b-a3b,24576,3,3,ollama-first-2026-04-28,25de32675884cb3976f22fb28206209e8e72a1db3a6e556bb46490935002b66c,d734d5291933bae15c654b4bbb2c90110fb66bfe6a3cd5cefadd8bb5a974b015,56b69ad27ea3962fdc492e67ea659e0b8a44eaa5352bc3b8f7c4da3124506e7b,1bee78b2e4bc34b3e12fbfdf37f7d0b203fe61917a9f69e67f44e5970998730a,fe5e953572395cceb7f50820650d8bcce531a63d141e83f5e2bce3b21549a534,4c4b709a7a9431b6e6ed604c2e1087aa038624b61fdee9c443713d253c2ecf57,9b7bde1f038dfb0f1d69577cd1f168bd40ff0ea0c5755b6e8b04a4deb0f77e63,,,,,,,,
promote_2026-04-28T19-35-19Z_5786,2026-04-28T19:35:19Z,icao4444-extracted,wake_turbulence_5_8,icao4444_wake_turbulence_family,icao4444_wake_turbulence_family,icao4444-extracted::wake_turbulence_5_8::68ace43862437dfb,wake_min_medium_behind_heavy,e4a9e24f510afcde0ad17a424b980cc22a0e4677817e12116a7b88e084f9ba71,A separation minimum of 2 minutes shall be applied to a MEDIUM aircraft landing behind a HEAVY aircraft.,authoritative_requirement,shall,rule,promote,supported,true,defensible,true,false,accepted,high,false,accepted,pass,pass,0,pass,pass,false,qwen3.6:35b-a3b,qwen3.6:35b-a3b,qwen2.5-coder:32b,qwen3.6:35b-a3b,qwen3.6:35b-a3b,qwen3.6:35b-a3b,24576,3,3,ollama-first-2026-04-28,25de32675884cb3976f22fb28206209e8e72a1db3a6e556bb46490935002b66c,d734d5291933bae15c654b4bbb2c90110fb66bfe6a3cd5cefadd8bb5a974b015,56b69ad27ea3962fdc492e67ea659e0b8a44eaa5352bc3b8f7c4da3124506e7b,1bee78b2e4bc34b3e12fbfdf37f7d0b203fe61917a9f69e67f44e5970998730a,fe5e953572395cceb7f50820650d8bcce531a63d141e83f5e2bce3b21549a534,4c4b709a7a9431b6e6ed604c2e1087aa038624b61fdee9c443713d253c2ecf57,9b7bde1f038dfb0f1d69577cd1f168bd40ff0ea0c5755b6e8b04a4deb0f77e63,,,,,,,,
promote_2026-04-28T19-35-19Z_5786,2026-04-28T19:35:19Z,icao4444-extracted,wake_turbulence_5_8,icao4444_wake_turbulence_family,icao4444_wake_turbulence_family,icao4444-extracted::wake_turbulence_5_8::eb48ff5054e3f496,wake_min_light_behind_heavy_medium,26341684427bdf6d46796664cadd16553810f1738321961358b5551667d947c5,A separation minimum of 3 minutes shall be applied to a LIGHT aircraft landing behind a HEAVY or MEDIUM aircraft.,authoritative_requirement,shall,rule,promote,supported,true,defensible,true,false,accepted,high,false,accepted,pass,pass,0,pass,pass,false,qwen3.6:35b-a3b,qwen3.6:35b-a3b,qwen2.5-coder:32b,qwen3.6:35b-a3b,qwen3.6:35b-a3b,qwen3.6:35b-a3b,24576,3,3,ollama-first-2026-04-28,25de32675884cb3976f22fb28206209e8e72a1db3a6e556bb46490935002b66c,d734d5291933bae15c654b4bbb2c90110fb66bfe6a3cd5cefadd8bb5a974b015,56b69ad27ea3962fdc492e67ea659e0b8a44eaa5352bc3b8f7c4da3124506e7b,1bee78b2e4bc34b3e12fbfdf37f7d0b203fe61917a9f69e67f44e5970998730a,fe5e953572395cceb7f50820650d8bcce531a63d141e83f5e2bce3b21549a534,4c4b709a7a9431b6e6ed604c2e1087aa038624b61fdee9c443713d253c2ecf57,9b7bde1f038dfb0f1d69577cd1f168bd40ff0ea0c5755b6e8b04a4deb0f77e63,,,,,,,,
promote_2026-04-28T19-35-19Z_5786,2026-04-28T19:35:19Z,icao4444-extracted,wake_turbulence_5_8,icao4444_wake_turbulence_family,icao4444_wake_turbulence_family,icao4444-extracted::wake_turbulence_5_8::1e2b1b978aee05fa,wake_dep_2min_same_runway,13e824da82ee8ab6a4f83318df949cbbac42f8602a3be27dd4f4722b46ad4a29,A minimum separation of 2 minutes shall be applied between a LIGHT or MEDIUM aircraft taking off behind a HEAVY aircraft or a LIGHT aircraft taking off behind a MEDIUM aircraft when the aircraft are using the same runway.,authoritative_requirement,shall,rule,promote,supported,true,defensible,true,false,accepted,high,false,pending,fail,fail,1,pass,pass,false,qwen3.6:35b-a3b,qwen3.6:35b-a3b,qwen2.5-coder:32b,qwen3.6:35b-a3b,qwen3.6:35b-a3b,qwen3.6:35b-a3b,24576,3,3,ollama-first-2026-04-28,25de32675884cb3976f22fb28206209e8e72a1db3a6e556bb46490935002b66c,d734d5291933bae15c654b4bbb2c90110fb66bfe6a3cd5cefadd8bb5a974b015,56b69ad27ea3962fdc492e67ea659e0b8a44eaa5352bc3b8f7c4da3124506e7b,1bee78b2e4bc34b3e12fbfdf37f7d0b203fe61917a9f69e67f44e5970998730a,fe5e953572395cceb7f50820650d8bcce531a63d141e83f5e2bce3b21549a534,4c4b709a7a9431b6e6ed604c2e1087aa038624b61fdee9c443713d253c2ecf57,9b7bde1f038dfb0f1d69577cd1f168bd40ff0ea0c5755b6e8b04a4deb0f77e63,,,,,,,,
promote_2026-04-28T19-35-19Z_5786,2026-04-28T19:35:19Z,icao4444-extracted,wake_turbulence_5_8,icao4444_wake_turbulence_family,icao4444_wake_turbulence_family,icao4444-extracted::wake_turbulence_5_8::a8cd7d9145e0e339,wake_dep_2min_parallel_close,356d02ef444f1cac7c228e48c4f30b6395eef37d06b284669ac5f8ec65c76040,A minimum separation of 2 minutes shall be applied between a LIGHT or MEDIUM aircraft taking off behind a HEAVY aircraft or a LIGHT aircraft taking off behind a MEDIUM aircraft when the aircraft are using parallel runways separated by less ,authoritative_requirement,shall,rule,promote,underspecified,false,defensible,true,true,needs_bundle,high,false,pending,fail,fail,1,pass,pass,false,qwen3.6:35b-a3b,qwen3.6:35b-a3b,qwen2.5-coder:32b,qwen3.6:35b-a3b,qwen3.6:35b-a3b,qwen3.6:35b-a3b,24576,3,3,ollama-first-2026-04-28,25de32675884cb3976f22fb28206209e8e72a1db3a6e556bb46490935002b66c,d734d5291933bae15c654b4bbb2c90110fb66bfe6a3cd5cefadd8bb5a974b015,56b69ad27ea3962fdc492e67ea659e0b8a44eaa5352bc3b8f7c4da3124506e7b,1bee78b2e4bc34b3e12fbfdf37f7d0b203fe61917a9f69e67f44e5970998730a,fe5e953572395cceb7f50820650d8bcce531a63d141e83f5e2bce3b21549a534,4c4b709a7a9431b6e6ed604c2e1087aa038624b61fdee9c443713d253c2ecf57,9b7bde1f038dfb0f1d69577cd1f168bd40ff0ea0c5755b6e8b04a4deb0f77e63,,,,,,,,
promote_2026-04-28T19-35-19Z_5786,2026-04-28T19:35:19Z,icao4444-extracted,wake_turbulence_5_8,icao4444_wake_turbulence_family,icao4444_wake_turbulence_family,icao4444-extracted::wake_turbulence_5_8::b2209483e71c53c3,wake_dep_2min_crossing,3bd07fdd647b2addb868f36ea4a33682f421b2eaaf902b75e8e99e2de9d6f1c4,A minimum separation of 2 minutes shall be applied between a LIGHT or MEDIUM aircraft taking off behind a HEAVY aircraft or a LIGHT aircraft taking off behind a MEDIUM aircraft when the aircraft are using crossing runways if the projected f,authoritative_requirement,shall,rule,promote,supported,true,defensible,true,false,accepted,high,false,pending,fail,fail,1,pass,pass,false,qwen3.6:35b-a3b,qwen3.6:35b-a3b,qwen2.5-coder:32b,qwen3.6:35b-a3b,qwen3.6:35b-a3b,qwen3.6:35b-a3b,24576,3,3,ollama-first-2026-04-28,25de32675884cb3976f22fb28206209e8e72a1db3a6e556bb46490935002b66c,d734d5291933bae15c654b4bbb2c90110fb66bfe6a3cd5cefadd8bb5a974b015,56b69ad27ea3962fdc492e67ea659e0b8a44eaa5352bc3b8f7c4da3124506e7b,1bee78b2e4bc34b3e12fbfdf37f7d0b203fe61917a9f69e67f44e5970998730a,fe5e953572395cceb7f50820650d8bcce531a63d141e83f5e2bce3b21549a534,4c4b709a7a9431b6e6ed604c2e1087aa038624b61fdee9c443713d253c2ecf57,9b7bde1f038dfb0f1d69577cd1f168bd40ff0ea0c5755b6e8b04a4deb0f77e63,,,,,,,,
promote_2026-04-28T19-35-19Z_5786,2026-04-28T19:35:19Z,icao4444-extracted,wake_turbulence_5_8,icao4444_wake_turbulence_family,icao4444_wake_turbulence_family,icao4444-extracted::wake_turbulence_5_8::e0fd9fa3eda729ad,wake_dep_2min_parallel_far_crossing,362679c1b2d47d0a8e9f65c1d6973fbbcd0748c02ec84ae136b3f1bd21fdc744,A minimum separation of 2 minutes shall be applied between a LIGHT or MEDIUM aircraft taking off behind a HEAVY aircraft or a LIGHT aircraft taking off behind a MEDIUM aircraft when the aircraft are using parallel runways separated by 760 m,authoritative_requirement,shall,rule,promote,supported,true,defensible,true,false,accepted,high,false,pending,fail,fail,1,pass,pass,false,qwen3.6:35b-a3b,qwen3.6:35b-a3b,qwen2.5-coder:32b,qwen3.6:35b-a3b,qwen3.6:35b-a3b,qwen3.6:35b-a3b,24576,3,3,ollama-first-2026-04-28,25de32675884cb3976f22fb28206209e8e72a1db3a6e556bb46490935002b66c,d734d5291933bae15c654b4bbb2c90110fb66bfe6a3cd5cefadd8bb5a974b015,56b69ad27ea3962fdc492e67ea659e0b8a44eaa5352bc3b8f7c4da3124506e7b,1bee78b2e4bc34b3e12fbfdf37f7d0b203fe61917a9f69e67f44e5970998730a,fe5e953572395cceb7f50820650d8bcce531a63d141e83f5e2bce3b21549a534,4c4b709a7a9431b6e6ed604c2e1087aa038624b61fdee9c443713d253c2ecf57,9b7bde1f038dfb0f1d69577cd1f168bd40ff0ea0c5755b6e8b04a4deb0f77e63,,,,,,,,
promote_2026-04-28T19-35-19Z_5786,2026-04-28T19:35:19Z,icao4444-extracted,wake_turbulence_5_8,icao4444_wake_turbulence_family,icao4444_wake_turbulence_family,icao4444-extracted::wake_turbulence_5_8::341594e5786999a5,wake_dep_3min_intermediate,7f796128c7911bcce6cf4878e2f1311a5b4d91dde8f649380083d66a3ddaa749,A separation minimum of 3 minutes shall be applied between a LIGHT or MEDIUM aircraft when taking off behind a HEAVY aircraft or a LIGHT aircraft when taking off behind a MEDIUM aircraft from an intermediate part of the same runway.,authoritative_requirement,shall,rule,promote,underspecified,false,defensible,false,false,needs_bundle,high,false,pending,fail,fail,1,pass,pass,false,qwen3.6:35b-a3b,qwen3.6:35b-a3b,qwen2.5-coder:32b,qwen3.6:35b-a3b,qwen3.6:35b-a3b,qwen3.6:35b-a3b,24576,3,3,ollama-first-2026-04-28,25de32675884cb3976f22fb28206209e8e72a1db3a6e556bb46490935002b66c,d734d5291933bae15c654b4bbb2c90110fb66bfe6a3cd5cefadd8bb5a974b015,56b69ad27ea3962fdc492e67ea659e0b8a44eaa5352bc3b8f7c4da3124506e7b,1bee78b2e4bc34b3e12fbfdf37f7d0b203fe61917a9f69e67f44e5970998730a,fe5e953572395cceb7f50820650d8bcce531a63d141e83f5e2bce3b21549a534,4c4b709a7a9431b6e6ed604c2e1087aa038624b61fdee9c443713d253c2ecf57,9b7bde1f038dfb0f1d69577cd1f168bd40ff0ea0c5755b6e8b04a4deb0f77e63,,,,,,,,
promote_2026-04-28T19-35-19Z_5786,2026-04-28T19:35:19Z,icao4444-extracted,wake_turbulence_5_8,icao4444_wake_turbulence_family,icao4444_wake_turbulence_family,icao4444-extracted::wake_turbulence_5_8::a9c15fac90c928a2,wake_dep_3min_parallel_intermediate,b68aae8c3e050260137263cf6ca1e5114422af9cceebbcffb96b193731485481,A separation minimum of 3 minutes shall be applied between a LIGHT or MEDIUM aircraft when taking off behind a HEAVY aircraft or a LIGHT aircraft when taking off behind a MEDIUM aircraft from an intermediate part of a parallel runway separa,authoritative_requirement,shall,rule,promote,underspecified,false,defensible,false,false,needs_bundle,high,false,pending,fail,fail,1,pass,pass,false,qwen3.6:35b-a3b,qwen3.6:35b-a3b,qwen2.5-coder:32b,qwen3.6:35b-a3b,qwen3.6:35b-a3b,qwen3.6:35b-a3b,24576,3,3,ollama-first-2026-04-28,25de32675884cb3976f22fb28206209e8e72a1db3a6e556bb46490935002b66c,d734d5291933bae15c654b4bbb2c90110fb66bfe6a3cd5cefadd8bb5a974b015,56b69ad27ea3962fdc492e67ea659e0b8a44eaa5352bc3b8f7c4da3124506e7b,1bee78b2e4bc34b3e12fbfdf37f7d0b203fe61917a9f69e67f44e5970998730a,fe5e953572395cceb7f50820650d8bcce531a63d141e83f5e2bce3b21549a534,4c4b709a7a9431b6e6ed604c2e1087aa038624b61fdee9c443713d253c2ecf57,9b7bde1f038dfb0f1d69577cd1f168bd40ff0ea0c5755b6e8b04a4deb0f77e63,,,,,,,,
promote_2026-04-28T19-35-19Z_5786,2026-04-28T19:35:19Z,icao4444-extracted,wake_turbulence_5_8,icao4444_wake_turbulence_family,icao4444_wake_turbulence_family,icao4444-extracted::wake_turbulence_5_8::1cd7ca788ad94b3f,wake_displaced_2min_departing,02291fb54d77821d5ac4a2af83c8a0024ea5f4167473f9c9f40aa15ef18963df,A separation minimum of 2 minutes shall be applied between a LIGHT or MEDIUM aircraft and a HEAVY aircraft and between a LIGHT aircraft and a MEDIUM aircraft when operating on a runway with a displaced landing threshold when a departing LIG,authoritative_requirement,shall,rule,promote,underspecified,false,defensible,false,false,needs_bundle,high,false,pending,fail,fail,1,pass,pass,false,qwen3.6:35b-a3b,qwen3.6:35b-a3b,qwen2.5-coder:32b,qwen3.6:35b-a3b,qwen3.6:35b-a3b,qwen3.6:35b-a3b,24576,3,3,ollama-first-2026-04-28,25de32675884cb3976f22fb28206209e8e72a1db3a6e556bb46490935002b66c,d734d5291933bae15c654b4bbb2c90110fb66bfe6a3cd5cefadd8bb5a974b015,56b69ad27ea3962fdc492e67ea659e0b8a44eaa5352bc3b8f7c4da3124506e7b,1bee78b2e4bc34b3e12fbfdf37f7d0b203fe61917a9f69e67f44e5970998730a,fe5e953572395cceb7f50820650d8bcce531a63d141e83f5e2bce3b21549a534,4c4b709a7a9431b6e6ed604c2e1087aa038624b61fdee9c443713d253c2ecf57,9b7bde1f038dfb0f1d69577cd1f168bd40ff0ea0c5755b6e8b04a4deb0f77e63,,,,,,,,
promote_2026-04-28T19-35-19Z_5786,2026-04-28T19:35:19Z,icao4444-extracted,wake_turbulence_5_8,icao4444_wake_turbulence_family,icao4444_wake_turbulence_family,icao4444-extracted::wake_turbulence_5_8::ad5ab8aad62283e3,wake_displaced_2min_arriving,40160fff556141191e2834ac3425fe148ee085389b91a0cf7dba8492ab6d64cc,A separation minimum of 2 minutes shall be applied between a LIGHT or MEDIUM aircraft and a HEAVY aircraft and between a LIGHT aircraft and a MEDIUM aircraft when operating on a runway with a displaced landing threshold when an arriving LIG,authoritative_requirement,shall,rule,promote,unsupported_by_source,false,defensible,false,false,needs_bundle,high,false,pending,fail,fail,1,pass,pass,false,qwen3.6:35b-a3b,qwen3.6:35b-a3b,qwen2.5-coder:32b,qwen3.6:35b-a3b,qwen3.6:35b-a3b,qwen3.6:35b-a3b,24576,3,3,ollama-first-2026-04-28,25de32675884cb3976f22fb28206209e8e72a1db3a6e556bb46490935002b66c,d734d5291933bae15c654b4bbb2c90110fb66bfe6a3cd5cefadd8bb5a974b015,56b69ad27ea3962fdc492e67ea659e0b8a44eaa5352bc3b8f7c4da3124506e7b,1bee78b2e4bc34b3e12fbfdf37f7d0b203fe61917a9f69e67f44e5970998730a,fe5e953572395cceb7f50820650d8bcce531a63d141e83f5e2bce3b21549a534,4c4b709a7a9431b6e6ed604c2e1087aa038624b61fdee9c443713d253c2ecf57,9b7bde1f038dfb0f1d69577cd1f168bd40ff0ea0c5755b6e8b04a4deb0f77e63,,,,,,,,
promote_2026-04-28T19-35-19Z_5786,2026-04-28T19:35:19Z,icao9432-extracted,communications_2_8_1_en,icao9432_communications_family,icao9432_communications_family,icao9432-extracted::communications_2_8_1_en::a685cef087951878,req_2.8.1.1_full_callsign,1b69fc79fdde61e905979c00864eaefd80b7d203911776af0f89a9a25ec093f2,"When establishing communications, an aircraft should use the full call sign of both the aircraft and the aeronautical station.",operational_guidance,should,phraseology_rule,advisory_only,supported,false,defensible,true,false,advisory_only,high,false,pending,pass,pass,0,pass,pass,false,qwen3.6:35b-a3b,qwen3.6:35b-a3b,qwen2.5-coder:32b,qwen3.6:35b-a3b,qwen3.6:35b-a3b,qwen3.6:35b-a3b,24576,3,3,ollama-first-2026-04-28,25de32675884cb3976f22fb28206209e8e72a1db3a6e556bb46490935002b66c,d734d5291933bae15c654b4bbb2c90110fb66bfe6a3cd5cefadd8bb5a974b015,56b69ad27ea3962fdc492e67ea659e0b8a44eaa5352bc3b8f7c4da3124506e7b,1bee78b2e4bc34b3e12fbfdf37f7d0b203fe61917a9f69e67f44e5970998730a,fe5e953572395cceb7f50820650d8bcce531a63d141e83f5e2bce3b21549a534,4c4b709a7a9431b6e6ed604c2e1087aa038624b61fdee9c443713d253c2ecf57,9b7bde1f038dfb0f1d69577cd1f168bd40ff0ea0c5755b6e8b04a4deb0f77e63,,,,,,,,
promote_2026-04-28T19-35-19Z_5786,2026-04-28T19:35:19Z,icao9432-extracted,communications_2_8_1_en,icao9432_communications_family,icao9432_communications_family,icao9432-extracted::communications_2_8_1_en::b7acdc88125f1510,req_2.8.1.2_ground_broadcast,039fc86d04a010522bc041ce03d503eff58ab87490b9360fdfe3d78c0572f96e,"When a ground station wishes to broadcast information, the message should be prefaced by the call ""ALL STATIONS"".",operational_guidance,should,phraseology_rule,advisory_only,supported,false,defensible,true,false,advisory_only,high,false,pending,pass,pass,0,pass,pass,false,qwen3.6:35b-a3b,qwen3.6:35b-a3b,qwen2.5-coder:32b,qwen3.6:35b-a3b,qwen3.6:35b-a3b,qwen3.6:35b-a3b,24576,3,3,ollama-first-2026-04-28,25de32675884cb3976f22fb28206209e8e72a1db3a6e556bb46490935002b66c,d734d5291933bae15c654b4bbb2c90110fb66bfe6a3cd5cefadd8bb5a974b015,56b69ad27ea3962fdc492e67ea659e0b8a44eaa5352bc3b8f7c4da3124506e7b,1bee78b2e4bc34b3e12fbfdf37f7d0b203fe61917a9f69e67f44e5970998730a,fe5e953572395cceb7f50820650d8bcce531a63d141e83f5e2bce3b21549a534,4c4b709a7a9431b6e6ed604c2e1087aa038624b61fdee9c443713d253c2ecf57,9b7bde1f038dfb0f1d69577cd1f168bd40ff0ea0c5755b6e8b04a4deb0f77e63,,,,,,,,
promote_2026-04-28T19-35-19Z_5786,2026-04-28T19:35:19Z,icao9432-extracted,communications_2_8_1_en,icao9432_communications_family,icao9432_communications_family,icao9432-extracted::communications_2_8_1_en::5efac97fddfd54ca,req_2.8.1.3_aircraft_broadcast,b5e9149538460bf062b2475f8f6b4854b8649437c8e7ff068971bc71ce2b9a83,"When an aircraft wishes to broadcast information to aircraft in its vicinity, the message should be prefaced by the call ""ALL STATIONS"".",operational_guidance,should,phraseology_rule,advisory_only,supported,false,defensible,true,false,advisory_only,high,false,pending,pass,pass,0,pass,pass,false,qwen3.6:35b-a3b,qwen3.6:35b-a3b,qwen2.5-coder:32b,qwen3.6:35b-a3b,qwen3.6:35b-a3b,qwen3.6:35b-a3b,24576,3,3,ollama-first-2026-04-28,25de32675884cb3976f22fb28206209e8e72a1db3a6e556bb46490935002b66c,d734d5291933bae15c654b4bbb2c90110fb66bfe6a3cd5cefadd8bb5a974b015,56b69ad27ea3962fdc492e67ea659e0b8a44eaa5352bc3b8f7c4da3124506e7b,1bee78b2e4bc34b3e12fbfdf37f7d0b203fe61917a9f69e67f44e5970998730a,fe5e953572395cceb7f50820650d8bcce531a63d141e83f5e2bce3b21549a534,4c4b709a7a9431b6e6ed604c2e1087aa038624b61fdee9c443713d253c2ecf57,9b7bde1f038dfb0f1d69577cd1f168bd40ff0ea0c5755b6e8b04a4deb0f77e63,,,,,,,,
promote_2026-04-28T19-35-19Z_5786,2026-04-28T19:35:19Z,icao9432-extracted,communications_2_8_1_en,icao9432_communications_family,icao9432_communications_family,icao9432-extracted::communications_2_8_1_en::8b0487b183cd02cf,req_2.8.1.3_no_reply,80c86024e7681dfb8f845ecfd0b77e04340caf00ac3fd5621a5b31e1cec55b0c,No reply is expected to such general calls unless individual stations are subsequently called upon to acknowledge receipt.,operational_guidance,note,best_practice,advisory_only,supported,false,defensible,true,false,advisory_only,high,false,pending,pass,pass,0,pass,pass,false,qwen3.6:35b-a3b,qwen3.6:35b-a3b,qwen2.5-coder:32b,qwen3.6:35b-a3b,qwen3.6:35b-a3b,qwen3.6:35b-a3b,24576,3,3,ollama-first-2026-04-28,25de32675884cb3976f22fb28206209e8e72a1db3a6e556bb46490935002b66c,d734d5291933bae15c654b4bbb2c90110fb66bfe6a3cd5cefadd8bb5a974b015,56b69ad27ea3962fdc492e67ea659e0b8a44eaa5352bc3b8f7c4da3124506e7b,1bee78b2e4bc34b3e12fbfdf37f7d0b203fe61917a9f69e67f44e5970998730a,fe5e953572395cceb7f50820650d8bcce531a63d141e83f5e2bce3b21549a534,4c4b709a7a9431b6e6ed604c2e1087aa038624b61fdee9c443713d253c2ecf57,9b7bde1f038dfb0f1d69577cd1f168bd40ff0ea0c5755b6e8b04a4deb0f77e63,,,,,,,,
promote_2026-04-28T19-35-19Z_5786,2026-04-28T19:35:19Z,icao9432-extracted,communications_2_8_1_en,icao9432_communications_family,icao9432_communications_family,icao9432-extracted::communications_2_8_1_en::0a964f42b6100596,req_2.8.1.4_repetition,62c508a6e3b676435f9a772caf48751f67e8f2857f11844cc37d07c0d3361029,"If there is doubt that a message has been correctly received, a repetition of the messages shall be requested either in full or in part.",operational_guidance,shall,rule,advisory_only,supported,true,defensible,true,false,advisory_only,high,false,pending,pass,pass,0,pass,pass,false,qwen3.6:35b-a3b,qwen3.6:35b-a3b,qwen2.5-coder:32b,qwen3.6:35b-a3b,qwen3.6:35b-a3b,qwen3.6:35b-a3b,24576,3,3,ollama-first-2026-04-28,25de32675884cb3976f22fb28206209e8e72a1db3a6e556bb46490935002b66c,d734d5291933bae15c654b4bbb2c90110fb66bfe6a3cd5cefadd8bb5a974b015,56b69ad27ea3962fdc492e67ea659e0b8a44eaa5352bc3b8f7c4da3124506e7b,1bee78b2e4bc34b3e12fbfdf37f7d0b203fe61917a9f69e67f44e5970998730a,fe5e953572395cceb7f50820650d8bcce531a63d141e83f5e2bce3b21549a534,4c4b709a7a9431b6e6ed604c2e1087aa038624b61fdee9c443713d253c2ecf57,9b7bde1f038dfb0f1d69577cd1f168bd40ff0ea0c5755b6e8b04a4deb0f77e63,,,,,,,,
promote_2026-04-28T19-35-19Z_5786,2026-04-28T19:35:19Z,icao9432-extracted,readback_2_8_3_en,icao9432_readback_family,icao9432_readback_family,icao9432-extracted::readback_2_8_3_en::58594a8ee6243296,readback_mandatory_route_clearances,99aa8c31269fd4b5b5f5b7ad90b1336bfa1ab8953b5d948b913bd1f04e45a75c,ATC route clearances shall always be read back.,authoritative_requirement,shall,rule,promote,supported,true,defensible,true,false,accepted,high,false,accepted,pass,pass,0,pass,pass,false,qwen3.6:35b-a3b,qwen3.6:35b-a3b,qwen2.5-coder:32b,qwen3.6:35b-a3b,qwen3.6:35b-a3b,qwen3.6:35b-a3b,24576,3,3,ollama-first-2026-04-28,25de32675884cb3976f22fb28206209e8e72a1db3a6e556bb46490935002b66c,d734d5291933bae15c654b4bbb2c90110fb66bfe6a3cd5cefadd8bb5a974b015,56b69ad27ea3962fdc492e67ea659e0b8a44eaa5352bc3b8f7c4da3124506e7b,1bee78b2e4bc34b3e12fbfdf37f7d0b203fe61917a9f69e67f44e5970998730a,fe5e953572395cceb7f50820650d8bcce531a63d141e83f5e2bce3b21549a534,4c4b709a7a9431b6e6ed604c2e1087aa038624b61fdee9c443713d253c2ecf57,9b7bde1f038dfb0f1d69577cd1f168bd40ff0ea0c5755b6e8b04a4deb0f77e63,,,,,,,,
promote_2026-04-28T19-35-19Z_5786,2026-04-28T19:35:19Z,icao9432-extracted,readback_2_8_3_en,icao9432_readback_family,icao9432_readback_family,icao9432-extracted::readback_2_8_3_en::15940532b37f8528,readback_mandatory_runway_ops,59a954bff43d95567fd3c6ec6181346d3e080b2001810e8a10469ef99ec802ec,"Clearances and instructions to enter, land on, take off from, hold short of, cross and backtrack on any runway shall always be read back.",authoritative_requirement,shall,rule,promote,supported,true,defensible,true,false,accepted,high,false,accepted,pass,pass,0,pass,pass,false,qwen3.6:35b-a3b,qwen3.6:35b-a3b,qwen2.5-coder:32b,qwen3.6:35b-a3b,qwen3.6:35b-a3b,qwen3.6:35b-a3b,24576,3,3,ollama-first-2026-04-28,25de32675884cb3976f22fb28206209e8e72a1db3a6e556bb46490935002b66c,d734d5291933bae15c654b4bbb2c90110fb66bfe6a3cd5cefadd8bb5a974b015,56b69ad27ea3962fdc492e67ea659e0b8a44eaa5352bc3b8f7c4da3124506e7b,1bee78b2e4bc34b3e12fbfdf37f7d0b203fe61917a9f69e67f44e5970998730a,fe5e953572395cceb7f50820650d8bcce531a63d141e83f5e2bce3b21549a534,4c4b709a7a9431b6e6ed604c2e1087aa038624b61fdee9c443713d253c2ecf57,9b7bde1f038dfb0f1d69577cd1f168bd40ff0ea0c5755b6e8b04a4deb0f77e63,,,,,,,,
promote_2026-04-28T19-35-19Z_5786,2026-04-28T19:35:19Z,icao9432-extracted,readback_2_8_3_en,icao9432_readback_family,icao9432_readback_family,icao9432-extracted::readback_2_8_3_en::25c245bc4728ed60,readback_mandatory_tactical_params,969cb469ed2da292c3fca1b460c8c246bf77085e392b694e00be6fa70aa2c776,"Runway-in-use, altimeter settings, SSR codes, level instructions, heading and speed instructions, and transition levels shall always be read back.",authoritative_requirement,shall,rule,promote,supported,true,defensible,true,false,accepted,high,false,accepted,pass,pass,0,pass,pass,false,qwen3.6:35b-a3b,qwen3.6:35b-a3b,qwen2.5-coder:32b,qwen3.6:35b-a3b,qwen3.6:35b-a3b,qwen3.6:35b-a3b,24576,3,3,ollama-first-2026-04-28,25de32675884cb3976f22fb28206209e8e72a1db3a6e556bb46490935002b66c,d734d5291933bae15c654b4bbb2c90110fb66bfe6a3cd5cefadd8bb5a974b015,56b69ad27ea3962fdc492e67ea659e0b8a44eaa5352bc3b8f7c4da3124506e7b,1bee78b2e4bc34b3e12fbfdf37f7d0b203fe61917a9f69e67f44e5970998730a,fe5e953572395cceb7f50820650d8bcce531a63d141e83f5e2bce3b21549a534,4c4b709a7a9431b6e6ed604c2e1087aa038624b61fdee9c443713d253c2ecf57,9b7bde1f038dfb0f1d69577cd1f168bd40ff0ea0c5755b6e8b04a4deb0f77e63,,,,,,,,
promote_2026-04-28T19-35-19Z_5786,2026-04-28T19:35:19Z,icao9432-extracted,readback_2_8_3_en,icao9432_readback_family,icao9432_readback_family,icao9432-extracted::readback_2_8_3_en::4b6ece953649da07,readback_other_clearances_acknowledgement,5cf9d01fdcd65ebfac0e84bc14f414a6ff3dbdf06de3cd9a65078ddd6ffba006,"Other clearances or instructions, including conditional clearances, shall be read back or acknowledged in a manner to clearly indicate that they have been understood and will be complied with.",authoritative_requirement,shall,rule,promote,supported,false,defensible,true,false,accepted,high,false,accepted,pass,pass,0,pass,pass,false,qwen3.6:35b-a3b,qwen3.6:35b-a3b,qwen2.5-coder:32b,qwen3.6:35b-a3b,qwen3.6:35b-a3b,qwen3.6:35b-a3b,24576,3,3,ollama-first-2026-04-28,25de32675884cb3976f22fb28206209e8e72a1db3a6e556bb46490935002b66c,d734d5291933bae15c654b4bbb2c90110fb66bfe6a3cd5cefadd8bb5a974b015,56b69ad27ea3962fdc492e67ea659e0b8a44eaa5352bc3b8f7c4da3124506e7b,1bee78b2e4bc34b3e12fbfdf37f7d0b203fe61917a9f69e67f44e5970998730a,fe5e953572395cceb7f50820650d8bcce531a63d141e83f5e2bce3b21549a534,4c4b709a7a9431b6e6ed604c2e1087aa038624b61fdee9c443713d253c2ecf57,9b7bde1f038dfb0f1d69577cd1f168bd40ff0ea0c5755b6e8b04a4deb0f77e63,,,,,,,,
promote_2026-04-28T19-35-19Z_5786,2026-04-28T19:35:19Z,icao9432-extracted,readback_2_8_3_en,icao9432_readback_family,icao9432_readback_family,icao9432-extracted::readback_2_8_3_en::ac9111d240cfd2c2,clearance_passing_guidance,966df6ccd60caccb3467812282e2a4252690d3e06beedf80a0bef9158fb8d8c5,"Controllers should pass a clearance slowly and clearly, avoid passing clearances during complicated taxiing, and on no occasion should a clearance be passed when the pilot is engaged in line up or take-off manoeuvres.",operational_guidance,should,best_practice,advisory_only,supported,false,defensible,true,false,advisory_only,high,false,pending,pass,pass,0,pass,pass,false,qwen3.6:35b-a3b,qwen3.6:35b-a3b,qwen2.5-coder:32b,qwen3.6:35b-a3b,qwen3.6:35b-a3b,qwen3.6:35b-a3b,24576,3,3,ollama-first-2026-04-28,25de32675884cb3976f22fb28206209e8e72a1db3a6e556bb46490935002b66c,d734d5291933bae15c654b4bbb2c90110fb66bfe6a3cd5cefadd8bb5a974b015,56b69ad27ea3962fdc492e67ea659e0b8a44eaa5352bc3b8f7c4da3124506e7b,1bee78b2e4bc34b3e12fbfdf37f7d0b203fe61917a9f69e67f44e5970998730a,fe5e953572395cceb7f50820650d8bcce531a63d141e83f5e2bce3b21549a534,4c4b709a7a9431b6e6ed604c2e1087aa038624b61fdee9c443713d253c2ecf57,9b7bde1f038dfb0f1d69577cd1f168bd40ff0ea0c5755b6e8b04a4deb0f77e63,,,,,,,,
promote_2026-04-28T19-35-19Z_5786,2026-04-28T19:35:19Z,icao9432-extracted,readback_2_8_3_en,icao9432_readback_family,icao9432_readback_family,icao9432-extracted::readback_2_8_3_en::f06dfa1cefd2d649,takeoff_clearance_phraseology,f88bc1e13a8f89c7a8c306dd9ccba6d15f73b1e39f22c2d820ce5446ef8745bc,"The words 'TAKE OFF' are used only when an aircraft is cleared for take-off, or when canceling a take-off clearance; at other times, the word 'DEPARTURE' or 'AIRBORNE' is used.",authoritative_requirement,shall,phraseology_rule,promote,supported,true,defensible,true,false,accepted,high,false,accepted,pass,pass,0,pass,pass,false,qwen3.6:35b-a3b,qwen3.6:35b-a3b,qwen2.5-coder:32b,qwen3.6:35b-a3b,qwen3.6:35b-a3b,qwen3.6:35b-a3b,24576,3,3,ollama-first-2026-04-28,25de32675884cb3976f22fb28206209e8e72a1db3a6e556bb46490935002b66c,d734d5291933bae15c654b4bbb2c90110fb66bfe6a3cd5cefadd8bb5a974b015,56b69ad27ea3962fdc492e67ea659e0b8a44eaa5352bc3b8f7c4da3124506e7b,1bee78b2e4bc34b3e12fbfdf37f7d0b203fe61917a9f69e67f44e5970998730a,fe5e953572395cceb7f50820650d8bcce531a63d141e83f5e2bce3b21549a534,4c4b709a7a9431b6e6ed604c2e1087aa038624b61fdee9c443713d253c2ecf57,9b7bde1f038dfb0f1d69577cd1f168bd40ff0ea0c5755b6e8b04a4deb0f77e63,,,,,,,,
promote_2026-04-28T19-35-19Z_5786,2026-04-28T19:35:19Z,icao9432-extracted,taxi_4_4_en,icao9432_taxi_family,icao9432_taxi_family,icao9432-extracted::taxi_4_4_en::b9e7fc3605fe616e,req_taxi_clearance_limit_mandatory,4690fefa5b40855c4357bd10b23ca81574521f4ed3fd092e2986b8ba1d5772ed,"A taxi instruction issued by a controller must always contain a clearance limit, which is the point at which the aircraft must stop until further permission to proceed is given.",operational_guidance,shall,rule,promote,supported,true,defensible,true,false,accepted,high,false,accepted,pass,pass,0,pass,pass,false,qwen3.6:35b-a3b,qwen3.6:35b-a3b,qwen2.5-coder:32b,qwen3.6:35b-a3b,qwen3.6:35b-a3b,qwen3.6:35b-a3b,24576,3,3,ollama-first-2026-04-28,25de32675884cb3976f22fb28206209e8e72a1db3a6e556bb46490935002b66c,d734d5291933bae15c654b4bbb2c90110fb66bfe6a3cd5cefadd8bb5a974b015,56b69ad27ea3962fdc492e67ea659e0b8a44eaa5352bc3b8f7c4da3124506e7b,1bee78b2e4bc34b3e12fbfdf37f7d0b203fe61917a9f69e67f44e5970998730a,fe5e953572395cceb7f50820650d8bcce531a63d141e83f5e2bce3b21549a534,4c4b709a7a9431b6e6ed604c2e1087aa038624b61fdee9c443713d253c2ecf57,9b7bde1f038dfb0f1d69577cd1f168bd40ff0ea0c5755b6e8b04a4deb0f77e63,,,,,,,,
promote_2026-04-28T19-35-19Z_5786,2026-04-28T19:35:19Z,icao9432-extracted,taxi_4_4_en,icao9432_taxi_family,icao9432_taxi_family,icao9432-extracted::taxi_4_4_en::417f64324f7495bf,req_clearance_limit_default_departing,ccfcd2e8fcd930c70d0df8560cb08ffe96a5f368e79785c3d77507c4bf29c625,"For departing aircraft, the clearance limit will normally be the taxi-holding point of the runway in use.",operational_guidance,should,best_practice,advisory_only,supported,true,defensible,true,false,advisory_only,high,false,pending,pass,pass,0,pass,pass,false,qwen3.6:35b-a3b,qwen3.6:35b-a3b,qwen2.5-coder:32b,qwen3.6:35b-a3b,qwen3.6:35b-a3b,qwen3.6:35b-a3b,24576,3,3,ollama-first-2026-04-28,25de32675884cb3976f22fb28206209e8e72a1db3a6e556bb46490935002b66c,d734d5291933bae15c654b4bbb2c90110fb66bfe6a3cd5cefadd8bb5a974b015,56b69ad27ea3962fdc492e67ea659e0b8a44eaa5352bc3b8f7c4da3124506e7b,1bee78b2e4bc34b3e12fbfdf37f7d0b203fe61917a9f69e67f44e5970998730a,fe5e953572395cceb7f50820650d8bcce531a63d141e83f5e2bce3b21549a534,4c4b709a7a9431b6e6ed604c2e1087aa038624b61fdee9c443713d253c2ecf57,9b7bde1f038dfb0f1d69577cd1f168bd40ff0ea0c5755b6e8b04a4deb0f77e63,,,,,,,,
promote_2026-04-28T19-35-19Z_5786,2026-04-28T19:35:19Z,icao9432-extracted,taxi_4_4_en,icao9432_taxi_family,icao9432_taxi_family,icao9432-extracted::taxi_4_4_en::03985c8e2cf3f473,req_clearance_limit_traffic_dependent,76e5bfab67103f826febc0d08a91556da90c36bfe198c6dbc84a6ee204907ec8,The clearance limit for departing aircraft may be any other position on the aerodrome depending on prevailing traffic circumstances.,operational_guidance,may,rule,advisory_only,supported,false,defensible,true,false,advisory_only,high,false,pending,pass,pass,0,pass,pass,false,qwen3.6:35b-a3b,qwen3.6:35b-a3b,qwen2.5-coder:32b,qwen3.6:35b-a3b,qwen3.6:35b-a3b,qwen3.6:35b-a3b,24576,3,3,ollama-first-2026-04-28,25de32675884cb3976f22fb28206209e8e72a1db3a6e556bb46490935002b66c,d734d5291933bae15c654b4bbb2c90110fb66bfe6a3cd5cefadd8bb5a974b015,56b69ad27ea3962fdc492e67ea659e0b8a44eaa5352bc3b8f7c4da3124506e7b,1bee78b2e4bc34b3e12fbfdf37f7d0b203fe61917a9f69e67f44e5970998730a,fe5e953572395cceb7f50820650d8bcce531a63d141e83f5e2bce3b21549a534,4c4b709a7a9431b6e6ed604c2e1087aa038624b61fdee9c443713d253c2ecf57,9b7bde1f038dfb0f1d69577cd1f168bd40ff0ea0c5755b6e8b04a4deb0f77e63,,,,,,,,
promote_2026-04-28T19-35-19Z_5786,2026-04-28T19:35:19Z,icao9432-extracted,taxi_4_4_en,icao9432_taxi_family,icao9432_taxi_family,icao9432-extracted::taxi_4_4_en::1367907005a34ad1,req_taxi_limit_beyond_runway_must_specify,63b438c3e6c924c75b7a344a20bd685f59291dcff29fce6a066d277f43fb7460,"When a taxi clearance contains a taxi limit beyond a runway, it shall contain an explicit clearance to cross, or an instruction to hold short of that runway.",operational_guidance,shall,rule,promote,supported,false,defensible,true,false,accepted,high,false,accepted,pass,pass,0,pass,pass,false,qwen3.6:35b-a3b,qwen3.6:35b-a3b,qwen2.5-coder:32b,qwen3.6:35b-a3b,qwen3.6:35b-a3b,qwen3.6:35b-a3b,24576,3,3,ollama-first-2026-04-28,25de32675884cb3976f22fb28206209e8e72a1db3a6e556bb46490935002b66c,d734d5291933bae15c654b4bbb2c90110fb66bfe6a3cd5cefadd8bb5a974b015,56b69ad27ea3962fdc492e67ea659e0b8a44eaa5352bc3b8f7c4da3124506e7b,1bee78b2e4bc34b3e12fbfdf37f7d0b203fe61917a9f69e67f44e5970998730a,fe5e953572395cceb7f50820650d8bcce531a63d141e83f5e2bce3b21549a534,4c4b709a7a9431b6e6ed604c2e1087aa038624b61fdee9c443713d253c2ecf57,9b7bde1f038dfb0f1d69577cd1f168bd40ff0ea0c5755b6e8b04a4deb0f77e63,,,,,,,,
promote_2026-04-28T19-35-19Z_5786,2026-04-28T19:35:19Z,icao9432-extracted,taxi_4_4_en,icao9432_taxi_family,icao9432_taxi_family,icao9432-extracted::taxi_4_4_en::53f33b6da4f2be58,req_atis_acknowledgement_exemption,90e895efe1b49482dabf0ec20674de06facdadf12c02aabb22f99ed49101e81e,"Where an aircraft acknowledges receipt of the ATIS broadcast, the controller does not need to pass departure information to the pilot when giving taxiing instructions.",operational_guidance,may,workflow_constraint,promote,supported,true,defensible,true,false,accepted,high,false,accepted,pass,pass,0,pass,pass,false,qwen3.6:35b-a3b,qwen3.6:35b-a3b,qwen2.5-coder:32b,qwen3.6:35b-a3b,qwen3.6:35b-a3b,qwen3.6:35b-a3b,24576,3,3,ollama-first-2026-04-28,25de32675884cb3976f22fb28206209e8e72a1db3a6e556bb46490935002b66c,d734d5291933bae15c654b4bbb2c90110fb66bfe6a3cd5cefadd8bb5a974b015,56b69ad27ea3962fdc492e67ea659e0b8a44eaa5352bc3b8f7c4da3124506e7b,1bee78b2e4bc34b3e12fbfdf37f7d0b203fe61917a9f69e67f44e5970998730a,fe5e953572395cceb7f50820650d8bcce531a63d141e83f5e2bce3b21549a534,4c4b709a7a9431b6e6ed604c2e1087aa038624b61fdee9c443713d253c2ecf57,9b7bde1f038dfb0f1d69577cd1f168bd40ff0ea0c5755b6e8b04a4deb0f77e63,,,,,,,,
promote_2026-04-28T19-35-19Z_5786,2026-04-28T19:35:19Z,icao9432-extracted,taxi_4_4_en,icao9432_taxi_family,icao9432_taxi_family,icao9432-extracted::taxi_4_4_en::eadf2541fcd51825,def_runway_vacated,603c01e5a0b1c9a526670d96b74eae2df7b20d1c2de1449fcecfa76094ac5d78,The runway is considered vacated when the entire aircraft is beyond the relevant runway-holding position.,operational_guidance,note,definition,support_only,supported,false,defensible,true,false,advisory_only,high,false,pending,pass,pass,0,pass,pass,false,qwen3.6:35b-a3b,qwen3.6:35b-a3b,qwen2.5-coder:32b,qwen3.6:35b-a3b,qwen3.6:35b-a3b,qwen3.6:35b-a3b,24576,3,3,ollama-first-2026-04-28,25de32675884cb3976f22fb28206209e8e72a1db3a6e556bb46490935002b66c,d734d5291933bae15c654b4bbb2c90110fb66bfe6a3cd5cefadd8bb5a974b015,56b69ad27ea3962fdc492e67ea659e0b8a44eaa5352bc3b8f7c4da3124506e7b,1bee78b2e4bc34b3e12fbfdf37f7d0b203fe61917a9f69e67f44e5970998730a,fe5e953572395cceb7f50820650d8bcce531a63d141e83f5e2bce3b21549a534,4c4b709a7a9431b6e6ed604c2e1087aa038624b61fdee9c443713d253c2ecf57,9b7bde1f038dfb0f1d69577cd1f168bd40ff0ea0c5755b6e8b04a4deb0f77e63,,,,,,,,
promote_2026-04-28T19-35-19Z_5786,2026-04-28T19:35:19Z,icao9432-extracted,taxi_4_4_en,icao9432_taxi_family,icao9432_taxi_family,icao9432-extracted::taxi_4_4_en::462452af8743c2e1,req_pushback_phraseology_standard,9a1b328d3c2c658fb839a4a1d421dac19adc748fc16ff7c6d86e7a83545b06d3,The phraseology listed in section 4.3.2 should be used by the pilot and ground staff during pushback coordination.,operational_guidance,should,phraseology_rule,advisory_only,supported,false,defensible,true,false,advisory_only,high,false,pending,pass,pass,0,pass,pass,false,qwen3.6:35b-a3b,qwen3.6:35b-a3b,qwen2.5-coder:32b,qwen3.6:35b-a3b,qwen3.6:35b-a3b,qwen3.6:35b-a3b,24576,3,3,ollama-first-2026-04-28,25de32675884cb3976f22fb28206209e8e72a1db3a6e556bb46490935002b66c,d734d5291933bae15c654b4bbb2c90110fb66bfe6a3cd5cefadd8bb5a974b015,56b69ad27ea3962fdc492e67ea659e0b8a44eaa5352bc3b8f7c4da3124506e7b,1bee78b2e4bc34b3e12fbfdf37f7d0b203fe61917a9f69e67f44e5970998730a,fe5e953572395cceb7f50820650d8bcce531a63d141e83f5e2bce3b21549a534,4c4b709a7a9431b6e6ed604c2e1087aa038624b61fdee9c443713d253c2ecf57,9b7bde1f038dfb0f1d69577cd1f168bd40ff0ea0c5755b6e8b04a4deb0f77e63,,,,,,,,
promote_2026-04-28T19-35-19Z_5786,2026-04-28T19:35:19Z,icao9432-extracted,taxi_4_4_en,icao9432_taxi_family,icao9432_taxi_family,icao9432-extracted::taxi_4_4_en::453f27d271407f98,req_pushback_completion_signal,24bda83d13926e7a258bebea7c791f8a1197a783e6c4867bae36349fcda9bf1d,"After completion of pushback, ground staff shall provide a visual signal to the pilot indicating no objections to commencing taxiing.",operational_guidance,shall,workflow_constraint,promote,supported,true,defensible,true,false,accepted,medium,true,accepted,pass,pass,0,pass,pass,false,qwen3.6:35b-a3b,qwen3.6:35b-a3b,qwen2.5-coder:32b,qwen3.6:35b-a3b,qwen3.6:35b-a3b,qwen3.6:35b-a3b,24576,3,3,ollama-first-2026-04-28,25de32675884cb3976f22fb28206209e8e72a1db3a6e556bb46490935002b66c,d734d5291933bae15c654b4bbb2c90110fb66bfe6a3cd5cefadd8bb5a974b015,56b69ad27ea3962fdc492e67ea659e0b8a44eaa5352bc3b8f7c4da3124506e7b,1bee78b2e4bc34b3e12fbfdf37f7d0b203fe61917a9f69e67f44e5970998730a,fe5e953572395cceb7f50820650d8bcce531a63d141e83f5e2bce3b21549a534,4c4b709a7a9431b6e6ed604c2e1087aa038624b61fdee9c443713d253c2ecf57,9b7bde1f038dfb0f1d69577cd1f168bd40ff0ea0c5755b6e8b04a4deb0f77e63,,,,,,,,
promote_2026-04-28T19-35-19Z_5786,2026-04-28T19:35:19Z,icao9432-extracted,taxi_4_4_en,icao9432_taxi_family,icao9432_taxi_family,icao9432-extracted::taxi_4_4_en::9b3186528c0a6e32,req_pushback_interruption_phraseology,1a376a6ef7ad23fc4dccb0bab06bca3a46146231c95f074d51cf028ec58a014c,"If the pilot intends to interrupt the pushback maneuver, they should use the expression 'przerwij wypychanie'.",operational_guidance,should,phraseology_rule,advisory_only,supported,false,defensible,true,false,advisory_only,high,false,pending,pass,pass,0,pass,pass,false,qwen3.6:35b-a3b,qwen3.6:35b-a3b,qwen2.5-coder:32b,qwen3.6:35b-a3b,qwen3.6:35b-a3b,qwen3.6:35b-a3b,24576,3,3,ollama-first-2026-04-28,25de32675884cb3976f22fb28206209e8e72a1db3a6e556bb46490935002b66c,d734d5291933bae15c654b4bbb2c90110fb66bfe6a3cd5cefadd8bb5a974b015,56b69ad27ea3962fdc492e67ea659e0b8a44eaa5352bc3b8f7c4da3124506e7b,1bee78b2e4bc34b3e12fbfdf37f7d0b203fe61917a9f69e67f44e5970998730a,fe5e953572395cceb7f50820650d8bcce531a63d141e83f5e2bce3b21549a534,4c4b709a7a9431b6e6ed604c2e1087aa038624b61fdee9c443713d253c2ecf57,9b7bde1f038dfb0f1d69577cd1f168bd40ff0ea0c5755b6e8b04a4deb0f77e63,,,,,,,,
promote_2026-04-28T19-35-19Z_5786,2026-04-28T19:35:19Z,safetysense22-extracted,readbacks,safetysense22_readback_family,safetysense22_readback_family,safetysense22-extracted::readbacks::9b6c62502e773767,readback_scope_rule,f498db53a3c24cbcba21a6f7e6a4c6da0b9de23f92da993a6077e0111509be53,The following items must be read back in their entirety if addressed to you in a transmission from an ATSU:,best_practice,must,rule,promote,underspecified,false,defensible,false,false,needs_bundle,high,false,pending,fail,pass,0,fail,fail,false,qwen3.6:35b-a3b,qwen3.6:35b-a3b,qwen2.5-coder:32b,qwen3.6:35b-a3b,qwen3.6:35b-a3b,qwen3.6:35b-a3b,24576,3,3,ollama-first-2026-04-28,25de32675884cb3976f22fb28206209e8e72a1db3a6e556bb46490935002b66c,d734d5291933bae15c654b4bbb2c90110fb66bfe6a3cd5cefadd8bb5a974b015,56b69ad27ea3962fdc492e67ea659e0b8a44eaa5352bc3b8f7c4da3124506e7b,1bee78b2e4bc34b3e12fbfdf37f7d0b203fe61917a9f69e67f44e5970998730a,fe5e953572395cceb7f50820650d8bcce531a63d141e83f5e2bce3b21549a534,4c4b709a7a9431b6e6ed604c2e1087aa038624b61fdee9c443713d253c2ecf57,9b7bde1f038dfb0f1d69577cd1f168bd40ff0ea0c5755b6e8b04a4deb0f77e63,,,,,,,,
promote_2026-04-28T19-35-19Z_5786,2026-04-28T19:35:19Z,safetysense22-extracted,readbacks,safetysense22_readback_family,safetysense22_readback_family,safetysense22-extracted::readbacks::127ec87d0fe63b0a,readback_taxi,545c58779e92453895538dd27c5b07626e7921fafb084ae9e306964a3849f693,Taxi/towing instructions must be read back in their entirety.,best_practice,must,rule,promote,authority_too_high,false,defensible,true,false,accepted,high,false,pending,fail,pass,0,fail,fail,false,qwen3.6:35b-a3b,qwen3.6:35b-a3b,qwen2.5-coder:32b,qwen3.6:35b-a3b,qwen3.6:35b-a3b,qwen3.6:35b-a3b,24576,3,3,ollama-first-2026-04-28,25de32675884cb3976f22fb28206209e8e72a1db3a6e556bb46490935002b66c,d734d5291933bae15c654b4bbb2c90110fb66bfe6a3cd5cefadd8bb5a974b015,56b69ad27ea3962fdc492e67ea659e0b8a44eaa5352bc3b8f7c4da3124506e7b,1bee78b2e4bc34b3e12fbfdf37f7d0b203fe61917a9f69e67f44e5970998730a,fe5e953572395cceb7f50820650d8bcce531a63d141e83f5e2bce3b21549a534,4c4b709a7a9431b6e6ed604c2e1087aa038624b61fdee9c443713d253c2ecf57,9b7bde1f038dfb0f1d69577cd1f168bd40ff0ea0c5755b6e8b04a4deb0f77e63,,,,,,,,
promote_2026-04-28T19-35-19Z_5786,2026-04-28T19:35:19Z,safetysense22-extracted,readbacks,safetysense22_readback_family,safetysense22_readback_family,safetysense22-extracted::readbacks::e62c1dc0c3ecb6b4,readback_level,09c320ac33e9a24c2fd7649cac577fc11c468904c6d496527772da057592b6c5,Level instructions must be read back in their entirety.,best_practice,must,rule,promote,authority_too_high,false,defensible,true,false,accepted,high,false,pending,fail,pass,0,fail,fail,false,qwen3.6:35b-a3b,qwen3.6:35b-a3b,qwen2.5-coder:32b,qwen3.6:35b-a3b,qwen3.6:35b-a3b,qwen3.6:35b-a3b,24576,3,3,ollama-first-2026-04-28,25de32675884cb3976f22fb28206209e8e72a1db3a6e556bb46490935002b66c,d734d5291933bae15c654b4bbb2c90110fb66bfe6a3cd5cefadd8bb5a974b015,56b69ad27ea3962fdc492e67ea659e0b8a44eaa5352bc3b8f7c4da3124506e7b,1bee78b2e4bc34b3e12fbfdf37f7d0b203fe61917a9f69e67f44e5970998730a,fe5e953572395cceb7f50820650d8bcce531a63d141e83f5e2bce3b21549a534,4c4b709a7a9431b6e6ed604c2e1087aa038624b61fdee9c443713d253c2ecf57,9b7bde1f038dfb0f1d69577cd1f168bd40ff0ea0c5755b6e8b04a4deb0f77e63,,,,,,,,
promote_2026-04-28T19-35-19Z_5786,2026-04-28T19:35:19Z,safetysense22-extracted,readbacks,safetysense22_readback_family,safetysense22_readback_family,safetysense22-extracted::readbacks::e79039676de3426b,readback_heading,87a760d027155f8f08282bdd95c2fc3acfaaaec285560e8f9c0e039ca1d70d32,Heading instructions must be read back in their entirety.,best_practice,must,rule,promote,authority_too_high,false,defensible,true,false,accepted,high,false,pending,fail,pass,0,fail,fail,false,qwen3.6:35b-a3b,qwen3.6:35b-a3b,qwen2.5-coder:32b,qwen3.6:35b-a3b,qwen3.6:35b-a3b,qwen3.6:35b-a3b,24576,3,3,ollama-first-2026-04-28,25de32675884cb3976f22fb28206209e8e72a1db3a6e556bb46490935002b66c,d734d5291933bae15c654b4bbb2c90110fb66bfe6a3cd5cefadd8bb5a974b015,56b69ad27ea3962fdc492e67ea659e0b8a44eaa5352bc3b8f7c4da3124506e7b,1bee78b2e4bc34b3e12fbfdf37f7d0b203fe61917a9f69e67f44e5970998730a,fe5e953572395cceb7f50820650d8bcce531a63d141e83f5e2bce3b21549a534,4c4b709a7a9431b6e6ed604c2e1087aa038624b61fdee9c443713d253c2ecf57,9b7bde1f038dfb0f1d69577cd1f168bd40ff0ea0c5755b6e8b04a4deb0f77e63,,,,,,,,
promote_2026-04-28T19-35-19Z_5786,2026-04-28T19:35:19Z,safetysense22-extracted,readbacks,safetysense22_readback_family,safetysense22_readback_family,safetysense22-extracted::readbacks::6529d352623271b5,readback_speed,906d7450ec6fc9818fe0a03544e8d1d56ce8e18d842335f8550fa434447f5ca9,Speed instructions must be read back in their entirety.,best_practice,must,rule,promote,authority_too_high,false,defensible,true,false,accepted,high,false,pending,fail,pass,0,fail,fail,false,qwen3.6:35b-a3b,qwen3.6:35b-a3b,qwen2.5-coder:32b,qwen3.6:35b-a3b,qwen3.6:35b-a3b,qwen3.6:35b-a3b,24576,3,3,ollama-first-2026-04-28,25de32675884cb3976f22fb28206209e8e72a1db3a6e556bb46490935002b66c,d734d5291933bae15c654b4bbb2c90110fb66bfe6a3cd5cefadd8bb5a974b015,56b69ad27ea3962fdc492e67ea659e0b8a44eaa5352bc3b8f7c4da3124506e7b,1bee78b2e4bc34b3e12fbfdf37f7d0b203fe61917a9f69e67f44e5970998730a,fe5e953572395cceb7f50820650d8bcce531a63d141e83f5e2bce3b21549a534,4c4b709a7a9431b6e6ed604c2e1087aa038624b61fdee9c443713d253c2ecf57,9b7bde1f038dfb0f1d69577cd1f168bd40ff0ea0c5755b6e8b04a4deb0f77e63,,,,,,,,
promote_2026-04-28T19-35-19Z_5786,2026-04-28T19:35:19Z,safetysense22-extracted,readbacks,safetysense22_readback_family,safetysense22_readback_family,safetysense22-extracted::readbacks::9c85ad75286271fb,readback_airway,bd489f1f9cf4ba4a808cf5e5c8ea48487629bdc1c110473454f18923dfc419c8,Airway or enroute clearances must be read back in their entirety.,best_practice,must,rule,promote,authority_too_high,false,defensible,true,false,accepted,high,false,pending,fail,pass,0,fail,fail,false,qwen3.6:35b-a3b,qwen3.6:35b-a3b,qwen2.5-coder:32b,qwen3.6:35b-a3b,qwen3.6:35b-a3b,qwen3.6:35b-a3b,24576,3,3,ollama-first-2026-04-28,25de32675884cb3976f22fb28206209e8e72a1db3a6e556bb46490935002b66c,d734d5291933bae15c654b4bbb2c90110fb66bfe6a3cd5cefadd8bb5a974b015,56b69ad27ea3962fdc492e67ea659e0b8a44eaa5352bc3b8f7c4da3124506e7b,1bee78b2e4bc34b3e12fbfdf37f7d0b203fe61917a9f69e67f44e5970998730a,fe5e953572395cceb7f50820650d8bcce531a63d141e83f5e2bce3b21549a534,4c4b709a7a9431b6e6ed604c2e1087aa038624b61fdee9c443713d253c2ecf57,9b7bde1f038dfb0f1d69577cd1f168bd40ff0ea0c5755b6e8b04a4deb0f77e63,,,,,,,,
promote_2026-04-28T19-35-19Z_5786,2026-04-28T19:35:19Z,safetysense22-extracted,readbacks,safetysense22_readback_family,safetysense22_readback_family,safetysense22-extracted::readbacks::48323d8e204141cc,readback_approach,5a2864b926fda2bc1c5e8cbfc596ba8c624f777b267a713a5a04d0b5ff5837df,Approach clearances must be read back in their entirety.,best_practice,must,rule,promote,authority_too_high,false,defensible,true,false,accepted,high,false,pending,fail,pass,0,fail,fail,false,qwen3.6:35b-a3b,qwen3.6:35b-a3b,qwen2.5-coder:32b,qwen3.6:35b-a3b,qwen3.6:35b-a3b,qwen3.6:35b-a3b,24576,3,3,ollama-first-2026-04-28,25de32675884cb3976f22fb28206209e8e72a1db3a6e556bb46490935002b66c,d734d5291933bae15c654b4bbb2c90110fb66bfe6a3cd5cefadd8bb5a974b015,56b69ad27ea3962fdc492e67ea659e0b8a44eaa5352bc3b8f7c4da3124506e7b,1bee78b2e4bc34b3e12fbfdf37f7d0b203fe61917a9f69e67f44e5970998730a,fe5e953572395cceb7f50820650d8bcce531a63d141e83f5e2bce3b21549a534,4c4b709a7a9431b6e6ed604c2e1087aa038624b61fdee9c443713d253c2ecf57,9b7bde1f038dfb0f1d69577cd1f168bd40ff0ea0c5755b6e8b04a4deb0f77e63,,,,,,,,
promote_2026-04-28T19-35-19Z_5786,2026-04-28T19:35:19Z,safetysense22-extracted,readbacks,safetysense22_readback_family,safetysense22_readback_family,safetysense22-extracted::readbacks::04e2d8692698e8b8,readback_runway_in_use,dc4bad1814cff29eda7ace8923f33d3382887af1f78a43a744928adb6fb63f72,Runway-in-use information must be read back in their entirety.,best_practice,must,rule,promote,authority_too_high,false,defensible,true,false,accepted,high,false,pending,fail,pass,0,fail,fail,false,qwen3.6:35b-a3b,qwen3.6:35b-a3b,qwen2.5-coder:32b,qwen3.6:35b-a3b,qwen3.6:35b-a3b,qwen3.6:35b-a3b,24576,3,3,ollama-first-2026-04-28,25de32675884cb3976f22fb28206209e8e72a1db3a6e556bb46490935002b66c,d734d5291933bae15c654b4bbb2c90110fb66bfe6a3cd5cefadd8bb5a974b015,56b69ad27ea3962fdc492e67ea659e0b8a44eaa5352bc3b8f7c4da3124506e7b,1bee78b2e4bc34b3e12fbfdf37f7d0b203fe61917a9f69e67f44e5970998730a,fe5e953572395cceb7f50820650d8bcce531a63d141e83f5e2bce3b21549a534,4c4b709a7a9431b6e6ed604c2e1087aa038624b61fdee9c443713d253c2ecf57,9b7bde1f038dfb0f1d69577cd1f168bd40ff0ea0c5755b6e8b04a4deb0f77e63,,,,,,,,
promote_2026-04-28T19-35-19Z_5786,2026-04-28T19:35:19Z,safetysense22-extracted,readbacks,safetysense22_readback_family,safetysense22_readback_family,safetysense22-extracted::readbacks::f27a13c0b4e74d60,readback_takeoff_land,dbd224bb14386820614d3a36deb0c8102346bbdf435263aa0443897daaa3476c,Clearance to take off or land must be read back in their entirety.,best_practice,must,rule,promote,authority_too_high,false,defensible,true,false,accepted,high,false,pending,fail,pass,0,fail,fail,false,qwen3.6:35b-a3b,qwen3.6:35b-a3b,qwen2.5-coder:32b,qwen3.6:35b-a3b,qwen3.6:35b-a3b,qwen3.6:35b-a3b,24576,3,3,ollama-first-2026-04-28,25de32675884cb3976f22fb28206209e8e72a1db3a6e556bb46490935002b66c,d734d5291933bae15c654b4bbb2c90110fb66bfe6a3cd5cefadd8bb5a974b015,56b69ad27ea3962fdc492e67ea659e0b8a44eaa5352bc3b8f7c4da3124506e7b,1bee78b2e4bc34b3e12fbfdf37f7d0b203fe61917a9f69e67f44e5970998730a,fe5e953572395cceb7f50820650d8bcce531a63d141e83f5e2bce3b21549a534,4c4b709a7a9431b6e6ed604c2e1087aa038624b61fdee9c443713d253c2ecf57,9b7bde1f038dfb0f1d69577cd1f168bd40ff0ea0c5755b6e8b04a4deb0f77e63,,,,,,,,
promote_2026-04-28T19-35-19Z_5786,2026-04-28T19:35:19Z,safetysense22-extracted,readbacks,safetysense22_readback_family,safetysense22_readback_family,safetysense22-extracted::readbacks::c85770d0b047a61c,readback_runway_active,acfc638b00f29070e636e3072f93174e5e2b97d35bc2d4db1a0d73550a963bae,"Clearance to enter, backtrack, cross, or hold short of an active runway must be read back in their entirety.",best_practice,must,rule,promote,authority_too_high,false,defensible,true,false,accepted,high,false,pending,fail,pass,0,fail,fail,false,qwen3.6:35b-a3b,qwen3.6:35b-a3b,qwen2.5-coder:32b,qwen3.6:35b-a3b,qwen3.6:35b-a3b,qwen3.6:35b-a3b,24576,3,3,ollama-first-2026-04-28,25de32675884cb3976f22fb28206209e8e72a1db3a6e556bb46490935002b66c,d734d5291933bae15c654b4bbb2c90110fb66bfe6a3cd5cefadd8bb5a974b015,56b69ad27ea3962fdc492e67ea659e0b8a44eaa5352bc3b8f7c4da3124506e7b,1bee78b2e4bc34b3e12fbfdf37f7d0b203fe61917a9f69e67f44e5970998730a,fe5e953572395cceb7f50820650d8bcce531a63d141e83f5e2bce3b21549a534,4c4b709a7a9431b6e6ed604c2e1087aa038624b61fdee9c443713d253c2ecf57,9b7bde1f038dfb0f1d69577cd1f168bd40ff0ea0c5755b6e8b04a4deb0f77e63,,,,,,,,
promote_2026-04-28T19-35-19Z_5786,2026-04-28T19:35:19Z,safetysense22-extracted,readbacks,safetysense22_readback_family,safetysense22_readback_family,safetysense22-extracted::readbacks::64df1f4e44225744,readback_transponder,79eaa4e0b15cf2b7e66b0578d940e1e17fb89506e0d6b9dd2cc42aa52196952e,Transponder instructions (squawk codes and Ident) must be read back in their entirety.,best_practice,must,rule,promote,authority_too_high,false,defensible,true,false,accepted,high,false,pending,fail,pass,0,fail,fail,false,qwen3.6:35b-a3b,qwen3.6:35b-a3b,qwen2.5-coder:32b,qwen3.6:35b-a3b,qwen3.6:35b-a3b,qwen3.6:35b-a3b,24576,3,3,ollama-first-2026-04-28,25de32675884cb3976f22fb28206209e8e72a1db3a6e556bb46490935002b66c,d734d5291933bae15c654b4bbb2c90110fb66bfe6a3cd5cefadd8bb5a974b015,56b69ad27ea3962fdc492e67ea659e0b8a44eaa5352bc3b8f7c4da3124506e7b,1bee78b2e4bc34b3e12fbfdf37f7d0b203fe61917a9f69e67f44e5970998730a,fe5e953572395cceb7f50820650d8bcce531a63d141e83f5e2bce3b21549a534,4c4b709a7a9431b6e6ed604c2e1087aa038624b61fdee9c443713d253c2ecf57,9b7bde1f038dfb0f1d69577cd1f168bd40ff0ea0c5755b6e8b04a4deb0f77e63,,,,,,,,
promote_2026-04-28T19-35-19Z_5786,2026-04-28T19:35:19Z,safetysense22-extracted,readbacks,safetysense22_readback_family,safetysense22_readback_family,safetysense22-extracted::readbacks::81eb315e591b0dde,readback_altimeter,94f925cad2517ceb33df61d689b7ce34920ecab94817f36f56fc65f08a4a7475,Altimeter settings (including units when the setting is below 1000 hectopascals) must be read back in their entirety.,best_practice,must,rule,promote,authority_too_high,false,defensible,true,false,accepted,high,false,pending,fail,pass,0,fail,fail,false,qwen3.6:35b-a3b,qwen3.6:35b-a3b,qwen2.5-coder:32b,qwen3.6:35b-a3b,qwen3.6:35b-a3b,qwen3.6:35b-a3b,24576,3,3,ollama-first-2026-04-28,25de32675884cb3976f22fb28206209e8e72a1db3a6e556bb46490935002b66c,d734d5291933bae15c654b4bbb2c90110fb66bfe6a3cd5cefadd8bb5a974b015,56b69ad27ea3962fdc492e67ea659e0b8a44eaa5352bc3b8f7c4da3124506e7b,1bee78b2e4bc34b3e12fbfdf37f7d0b203fe61917a9f69e67f44e5970998730a,fe5e953572395cceb7f50820650d8bcce531a63d141e83f5e2bce3b21549a534,4c4b709a7a9431b6e6ed604c2e1087aa038624b61fdee9c443713d253c2ecf57,9b7bde1f038dfb0f1d69577cd1f168bd40ff0ea0c5755b6e8b04a4deb0f77e63,,,,,,,,
promote_2026-04-28T19-35-19Z_5786,2026-04-28T19:35:19Z,safetysense22-extracted,readbacks,safetysense22_readback_family,safetysense22_readback_family,safetysense22-extracted::readbacks::bda9d5cb7bd1e39b,readback_vdf,22e2f4778bc57fb6b7430aea5974af79cabc94f45a4e83700bf67868c8b5fef7,VDF information must be read back in their entirety.,best_practice,must,rule,promote,authority_too_high,false,defensible,true,false,accepted,high,false,pending,fail,pass,0,fail,fail,false,qwen3.6:35b-a3b,qwen3.6:35b-a3b,qwen2.5-coder:32b,qwen3.6:35b-a3b,qwen3.6:35b-a3b,qwen3.6:35b-a3b,24576,3,3,ollama-first-2026-04-28,25de32675884cb3976f22fb28206209e8e72a1db3a6e556bb46490935002b66c,d734d5291933bae15c654b4bbb2c90110fb66bfe6a3cd5cefadd8bb5a974b015,56b69ad27ea3962fdc492e67ea659e0b8a44eaa5352bc3b8f7c4da3124506e7b,1bee78b2e4bc34b3e12fbfdf37f7d0b203fe61917a9f69e67f44e5970998730a,fe5e953572395cceb7f50820650d8bcce531a63d141e83f5e2bce3b21549a534,4c4b709a7a9431b6e6ed604c2e1087aa038624b61fdee9c443713d253c2ecf57,9b7bde1f038dfb0f1d69577cd1f168bd40ff0ea0c5755b6e8b04a4deb0f77e63,,,,,,,,
promote_2026-04-28T19-35-19Z_5786,2026-04-28T19:35:19Z,safetysense22-extracted,readbacks,safetysense22_readback_family,safetysense22_readback_family,safetysense22-extracted::readbacks::2a0618ee5d6eee7b,readback_frequency,f642cb0a10f246a476b6b684c11cab490cde5659ad77c937dc8b0939d09f9817,Frequency changes must be read back in their entirety.,best_practice,must,rule,promote,authority_too_high,false,defensible,true,false,accepted,high,false,pending,fail,pass,0,fail,fail,false,qwen3.6:35b-a3b,qwen3.6:35b-a3b,qwen2.5-coder:32b,qwen3.6:35b-a3b,qwen3.6:35b-a3b,qwen3.6:35b-a3b,24576,3,3,ollama-first-2026-04-28,25de32675884cb3976f22fb28206209e8e72a1db3a6e556bb46490935002b66c,d734d5291933bae15c654b4bbb2c90110fb66bfe6a3cd5cefadd8bb5a974b015,56b69ad27ea3962fdc492e67ea659e0b8a44eaa5352bc3b8f7c4da3124506e7b,1bee78b2e4bc34b3e12fbfdf37f7d0b203fe61917a9f69e67f44e5970998730a,fe5e953572395cceb7f50820650d8bcce531a63d141e83f5e2bce3b21549a534,4c4b709a7a9431b6e6ed604c2e1087aa038624b61fdee9c443713d253c2ecf57,9b7bde1f038dfb0f1d69577cd1f168bd40ff0ea0c5755b6e8b04a4deb0f77e63,,,,,,,,
promote_2026-04-28T19-35-19Z_5786,2026-04-28T19:35:19Z,safetysense22-extracted,readbacks,safetysense22_readback_family,safetysense22_readback_family,safetysense22-extracted::readbacks::2a186bd654bbabca,readback_ats_service,9a425066c146d4d097e5d00f98e434747b70f20a7423924d72da8daf510d7be8,Type of ATS service must be read back in their entirety.,best_practice,must,rule,promote,authority_too_high,false,defensible,true,false,accepted,high,false,pending,fail,pass,0,fail,fail,false,qwen3.6:35b-a3b,qwen3.6:35b-a3b,qwen2.5-coder:32b,qwen3.6:35b-a3b,qwen3.6:35b-a3b,qwen3.6:35b-a3b,24576,3,3,ollama-first-2026-04-28,25de32675884cb3976f22fb28206209e8e72a1db3a6e556bb46490935002b66c,d734d5291933bae15c654b4bbb2c90110fb66bfe6a3cd5cefadd8bb5a974b015,56b69ad27ea3962fdc492e67ea659e0b8a44eaa5352bc3b8f7c4da3124506e7b,1bee78b2e4bc34b3e12fbfdf37f7d0b203fe61917a9f69e67f44e5970998730a,fe5e953572395cceb7f50820650d8bcce531a63d141e83f5e2bce3b21549a534,4c4b709a7a9431b6e6ed604c2e1087aa038624b61fdee9c443713d253c2ecf57,9b7bde1f038dfb0f1d69577cd1f168bd40ff0ea0c5755b6e8b04a4deb0f77e63,,,,,,,,
promote_2026-04-28T19-35-19Z_5786,2026-04-28T19:35:19Z,safetysense22-extracted,readbacks,safetysense22_readback_family,safetysense22_readback_family,safetysense22-extracted::readbacks::fed6e4e71a3be099,readback_transition,cc4cf103d3aa38680e71af18ac99c62f76282c49929ec36738e90b00e7c19fe7,Transition Levels must be read back in their entirety.,best_practice,must,rule,promote,authority_too_high,false,defensible,true,false,accepted,high,false,pending,fail,pass,0,fail,fail,false,qwen3.6:35b-a3b,qwen3.6:35b-a3b,qwen2.5-coder:32b,qwen3.6:35b-a3b,qwen3.6:35b-a3b,qwen3.6:35b-a3b,24576,3,3,ollama-first-2026-04-28,25de32675884cb3976f22fb28206209e8e72a1db3a6e556bb46490935002b66c,d734d5291933bae15c654b4bbb2c90110fb66bfe6a3cd5cefadd8bb5a974b015,56b69ad27ea3962fdc492e67ea659e0b8a44eaa5352bc3b8f7c4da3124506e7b,1bee78b2e4bc34b3e12fbfdf37f7d0b203fe61917a9f69e67f44e5970998730a,fe5e953572395cceb7f50820650d8bcce531a63d141e83f5e2bce3b21549a534,4c4b709a7a9431b6e6ed604c2e1087aa038624b61fdee9c443713d253c2ecf57,9b7bde1f038dfb0f1d69577cd1f168bd40ff0ea0c5755b6e8b04a4deb0f77e63,,,,,,,,
promote_2026-04-28T19-35-19Z_5786,2026-04-28T19:35:19Z,sera-923-2012-extracted,atc_service_8005,sera_atc_service_family,sera_atc_service_family,sera-923-2012-extracted::atc_service_8005::dfa51d1620508396,sera_8005_a_1_info,de5e954b6eaca8882dc8422302525fab9122966e02bade5432d7878f5f1d1cf6,"An air traffic control unit shall be provided with information on the intended movement of each aircraft, or variations therefrom, and with current information on the actual progress of each aircraft.",authoritative_requirement,shall,rule,promote,supported,false,defensible,true,false,accepted,high,false,accepted,pass,pass,0,pass,pass,false,qwen3.6:35b-a3b,qwen3.6:35b-a3b,qwen2.5-coder:32b,qwen3.6:35b-a3b,qwen3.6:35b-a3b,qwen3.6:35b-a3b,24576,3,3,ollama-first-2026-04-28,25de32675884cb3976f22fb28206209e8e72a1db3a6e556bb46490935002b66c,d734d5291933bae15c654b4bbb2c90110fb66bfe6a3cd5cefadd8bb5a974b015,56b69ad27ea3962fdc492e67ea659e0b8a44eaa5352bc3b8f7c4da3124506e7b,1bee78b2e4bc34b3e12fbfdf37f7d0b203fe61917a9f69e67f44e5970998730a,fe5e953572395cceb7f50820650d8bcce531a63d141e83f5e2bce3b21549a534,4c4b709a7a9431b6e6ed604c2e1087aa038624b61fdee9c443713d253c2ecf57,9b7bde1f038dfb0f1d69577cd1f168bd40ff0ea0c5755b6e8b04a4deb0f77e63,,,,,,,,
promote_2026-04-28T19-35-19Z_5786,2026-04-28T19:35:19Z,sera-923-2012-extracted,atc_service_8005,sera_atc_service_family,sera_atc_service_family,sera-923-2012-extracted::atc_service_8005::9010b3f9c184e2d9,sera_8005_a_2_positions,8f116f3e7ea5a16c21bd61d6f019200dd71d9ac645de651e8e47c9127f2d2b9f,"An air traffic control unit shall determine from the information received, the relative positions of known aircraft to each other.",authoritative_requirement,shall,rule,promote,supported,false,defensible,true,false,accepted,high,false,accepted,pass,pass,0,pass,pass,false,qwen3.6:35b-a3b,qwen3.6:35b-a3b,qwen2.5-coder:32b,qwen3.6:35b-a3b,qwen3.6:35b-a3b,qwen3.6:35b-a3b,24576,3,3,ollama-first-2026-04-28,25de32675884cb3976f22fb28206209e8e72a1db3a6e556bb46490935002b66c,d734d5291933bae15c654b4bbb2c90110fb66bfe6a3cd5cefadd8bb5a974b015,56b69ad27ea3962fdc492e67ea659e0b8a44eaa5352bc3b8f7c4da3124506e7b,1bee78b2e4bc34b3e12fbfdf37f7d0b203fe61917a9f69e67f44e5970998730a,fe5e953572395cceb7f50820650d8bcce531a63d141e83f5e2bce3b21549a534,4c4b709a7a9431b6e6ed604c2e1087aa038624b61fdee9c443713d253c2ecf57,9b7bde1f038dfb0f1d69577cd1f168bd40ff0ea0c5755b6e8b04a4deb0f77e63,,,,,,,,
promote_2026-04-28T19-35-19Z_5786,2026-04-28T19:35:19Z,sera-923-2012-extracted,atc_service_8005,sera_atc_service_family,sera_atc_service_family,sera-923-2012-extracted::atc_service_8005::58ad92bb312dae3a,sera_8005_a_3_clearances,43dcd8f6c1117fc469516ad1082159b33d6cab5f4a0850b190b3336230ddada5,An air traffic control unit shall issue clearances and information for the purpose of preventing collision between aircraft under its control and of expediting and maintaining an orderly flow of traffic.,authoritative_requirement,shall,rule,promote,supported,false,defensible,true,false,accepted,high,false,accepted,pass,pass,0,pass,pass,false,qwen3.6:35b-a3b,qwen3.6:35b-a3b,qwen2.5-coder:32b,qwen3.6:35b-a3b,qwen3.6:35b-a3b,qwen3.6:35b-a3b,24576,3,3,ollama-first-2026-04-28,25de32675884cb3976f22fb28206209e8e72a1db3a6e556bb46490935002b66c,d734d5291933bae15c654b4bbb2c90110fb66bfe6a3cd5cefadd8bb5a974b015,56b69ad27ea3962fdc492e67ea659e0b8a44eaa5352bc3b8f7c4da3124506e7b,1bee78b2e4bc34b3e12fbfdf37f7d0b203fe61917a9f69e67f44e5970998730a,fe5e953572395cceb7f50820650d8bcce531a63d141e83f5e2bce3b21549a534,4c4b709a7a9431b6e6ed604c2e1087aa038624b61fdee9c443713d253c2ecf57,9b7bde1f038dfb0f1d69577cd1f168bd40ff0ea0c5755b6e8b04a4deb0f77e63,,,,,,,,
promote_2026-04-28T19-35-19Z_5786,2026-04-28T19:35:19Z,sera-923-2012-extracted,atc_service_8005,sera_atc_service_family,sera_atc_service_family,sera-923-2012-extracted::atc_service_8005::b1cc921c69e37139,sera_8005_a_4_coord_conflict,bf86ab138235ec36dfd0cca7dfbc0003b385dffdfc7c76e9e2d97710fd9761a5,An air traffic control unit shall coordinate clearances with other units whenever an aircraft might otherwise conflict with traffic operated under the control of such other units.,authoritative_requirement,shall,rule,promote,unsupported_by_source,false,defensible,false,false,needs_bundle,high,false,pending,pass,pass,0,pass,pass,false,qwen3.6:35b-a3b,qwen3.6:35b-a3b,qwen2.5-coder:32b,qwen3.6:35b-a3b,qwen3.6:35b-a3b,qwen3.6:35b-a3b,24576,3,3,ollama-first-2026-04-28,25de32675884cb3976f22fb28206209e8e72a1db3a6e556bb46490935002b66c,d734d5291933bae15c654b4bbb2c90110fb66bfe6a3cd5cefadd8bb5a974b015,56b69ad27ea3962fdc492e67ea659e0b8a44eaa5352bc3b8f7c4da3124506e7b,1bee78b2e4bc34b3e12fbfdf37f7d0b203fe61917a9f69e67f44e5970998730a,fe5e953572395cceb7f50820650d8bcce531a63d141e83f5e2bce3b21549a534,4c4b709a7a9431b6e6ed604c2e1087aa038624b61fdee9c443713d253c2ecf57,9b7bde1f038dfb0f1d69577cd1f168bd40ff0ea0c5755b6e8b04a4deb0f77e63,,,,,,,,
promote_2026-04-28T19-35-19Z_5786,2026-04-28T19:35:19Z,sera-923-2012-extracted,atc_service_8005,sera_atc_service_family,sera_atc_service_family,sera-923-2012-extracted::atc_service_8005::5c2c8b53ac81d307,sera_8005_a_4_coord_transfer,b810b046493188cf22dd4e07d5600a5404df81f7efd2e05610db607557fb651f,An air traffic control unit shall coordinate clearances with other units before transferring control of an aircraft to such other units.,authoritative_requirement,shall,rule,promote,unsupported_by_source,false,defensible,false,false,needs_bundle,high,false,pending,pass,pass,0,pass,pass,false,qwen3.6:35b-a3b,qwen3.6:35b-a3b,qwen2.5-coder:32b,qwen3.6:35b-a3b,qwen3.6:35b-a3b,qwen3.6:35b-a3b,24576,3,3,ollama-first-2026-04-28,25de32675884cb3976f22fb28206209e8e72a1db3a6e556bb46490935002b66c,d734d5291933bae15c654b4bbb2c90110fb66bfe6a3cd5cefadd8bb5a974b015,56b69ad27ea3962fdc492e67ea659e0b8a44eaa5352bc3b8f7c4da3124506e7b,1bee78b2e4bc34b3e12fbfdf37f7d0b203fe61917a9f69e67f44e5970998730a,fe5e953572395cceb7f50820650d8bcce531a63d141e83f5e2bce3b21549a534,4c4b709a7a9431b6e6ed604c2e1087aa038624b61fdee9c443713d253c2ecf57,9b7bde1f038dfb0f1d69577cd1f168bd40ff0ea0c5755b6e8b04a4deb0f77e63,,,,,,,,
promote_2026-04-28T19-35-19Z_5786,2026-04-28T19:35:19Z,sera-923-2012-extracted,atc_service_8005,sera_atc_service_family,sera_atc_service_family,sera-923-2012-extracted::atc_service_8005::3abeb590b79bfb9a,sera_8005_b_sep_ab,ef514eba826cb97d1e933750dfd548689894dcb949254cc0adf1e6e32b923e4f,Clearances issued by air traffic control units shall provide separation between all flights in airspace Classes A and B.,authoritative_requirement,shall,rule,promote,supported,true,defensible,true,false,accepted,high,false,accepted,pass,pass,0,pass,pass,false,qwen3.6:35b-a3b,qwen3.6:35b-a3b,qwen2.5-coder:32b,qwen3.6:35b-a3b,qwen3.6:35b-a3b,qwen3.6:35b-a3b,24576,3,3,ollama-first-2026-04-28,25de32675884cb3976f22fb28206209e8e72a1db3a6e556bb46490935002b66c,d734d5291933bae15c654b4bbb2c90110fb66bfe6a3cd5cefadd8bb5a974b015,56b69ad27ea3962fdc492e67ea659e0b8a44eaa5352bc3b8f7c4da3124506e7b,1bee78b2e4bc34b3e12fbfdf37f7d0b203fe61917a9f69e67f44e5970998730a,fe5e953572395cceb7f50820650d8bcce531a63d141e83f5e2bce3b21549a534,4c4b709a7a9431b6e6ed604c2e1087aa038624b61fdee9c443713d253c2ecf57,9b7bde1f038dfb0f1d69577cd1f168bd40ff0ea0c5755b6e8b04a4deb0f77e63,,,,,,,,
promote_2026-04-28T19-35-19Z_5786,2026-04-28T19:35:19Z,sera-923-2012-extracted,atc_service_8005,sera_atc_service_family,sera_atc_service_family,sera-923-2012-extracted::atc_service_8005::a529e2b742faf51d,sera_8005_b_sep_ifr_cde,128536dcc2d28e5feecb999adfec3f5589a232ae7141ba7dc7ba77859e45c26e,"Clearances issued by air traffic control units shall provide separation between IFR flights in airspace Classes C, D and E.",authoritative_requirement,shall,rule,promote,supported,true,defensible,true,false,accepted,high,false,accepted,pass,pass,0,pass,pass,false,qwen3.6:35b-a3b,qwen3.6:35b-a3b,qwen2.5-coder:32b,qwen3.6:35b-a3b,qwen3.6:35b-a3b,qwen3.6:35b-a3b,24576,3,3,ollama-first-2026-04-28,25de32675884cb3976f22fb28206209e8e72a1db3a6e556bb46490935002b66c,d734d5291933bae15c654b4bbb2c90110fb66bfe6a3cd5cefadd8bb5a974b015,56b69ad27ea3962fdc492e67ea659e0b8a44eaa5352bc3b8f7c4da3124506e7b,1bee78b2e4bc34b3e12fbfdf37f7d0b203fe61917a9f69e67f44e5970998730a,fe5e953572395cceb7f50820650d8bcce531a63d141e83f5e2bce3b21549a534,4c4b709a7a9431b6e6ed604c2e1087aa038624b61fdee9c443713d253c2ecf57,9b7bde1f038dfb0f1d69577cd1f168bd40ff0ea0c5755b6e8b04a4deb0f77e63,,,,,,,,
promote_2026-04-28T19-35-19Z_5786,2026-04-28T19:35:19Z,sera-923-2012-extracted,atc_service_8005,sera_atc_service_family,sera_atc_service_family,sera-923-2012-extracted::atc_service_8005::17aaf72a5ad8da81,sera_8005_b_sep_ifr_vfr_c,24de73bfb6074449dfabb39db03aa491f9862e9883e182de26b800ec94247b16,Clearances issued by air traffic control units shall provide separation between IFR flights and VFR flights in airspace Class C.,authoritative_requirement,shall,rule,promote,supported,true,defensible,true,false,accepted,high,false,accepted,pass,pass,0,pass,pass,false,qwen3.6:35b-a3b,qwen3.6:35b-a3b,qwen2.5-coder:32b,qwen3.6:35b-a3b,qwen3.6:35b-a3b,qwen3.6:35b-a3b,24576,3,3,ollama-first-2026-04-28,25de32675884cb3976f22fb28206209e8e72a1db3a6e556bb46490935002b66c,d734d5291933bae15c654b4bbb2c90110fb66bfe6a3cd5cefadd8bb5a974b015,56b69ad27ea3962fdc492e67ea659e0b8a44eaa5352bc3b8f7c4da3124506e7b,1bee78b2e4bc34b3e12fbfdf37f7d0b203fe61917a9f69e67f44e5970998730a,fe5e953572395cceb7f50820650d8bcce531a63d141e83f5e2bce3b21549a534,4c4b709a7a9431b6e6ed604c2e1087aa038624b61fdee9c443713d253c2ecf57,9b7bde1f038dfb0f1d69577cd1f168bd40ff0ea0c5755b6e8b04a4deb0f77e63,,,,,,,,
promote_2026-04-28T19-35-19Z_5786,2026-04-28T19:35:19Z,sera-923-2012-extracted,atc_service_8005,sera_atc_service_family,sera_atc_service_family,sera-923-2012-extracted::atc_service_8005::7a52c3cef9128a5d,sera_8005_b_sep_ifr_svfr,ef8839cd36f91cbc119bd93b961fea9dd479cd4a11e57d2417b5f5afca7561bc,Clearances issued by air traffic control units shall provide separation between IFR flights and special VFR flights.,authoritative_requirement,shall,rule,promote,supported,true,defensible,true,false,accepted,high,false,accepted,pass,pass,0,pass,pass,false,qwen3.6:35b-a3b,qwen3.6:35b-a3b,qwen2.5-coder:32b,qwen3.6:35b-a3b,qwen3.6:35b-a3b,qwen3.6:35b-a3b,24576,3,3,ollama-first-2026-04-28,25de32675884cb3976f22fb28206209e8e72a1db3a6e556bb46490935002b66c,d734d5291933bae15c654b4bbb2c90110fb66bfe6a3cd5cefadd8bb5a974b015,56b69ad27ea3962fdc492e67ea659e0b8a44eaa5352bc3b8f7c4da3124506e7b,1bee78b2e4bc34b3e12fbfdf37f7d0b203fe61917a9f69e67f44e5970998730a,fe5e953572395cceb7f50820650d8bcce531a63d141e83f5e2bce3b21549a534,4c4b709a7a9431b6e6ed604c2e1087aa038624b61fdee9c443713d253c2ecf57,9b7bde1f038dfb0f1d69577cd1f168bd40ff0ea0c5755b6e8b04a4deb0f77e63,,,,,,,,
promote_2026-04-28T19-35-19Z_5786,2026-04-28T19:35:19Z,sera-923-2012-extracted,atc_service_8005,sera_atc_service_family,sera_atc_service_family,sera-923-2012-extracted::atc_service_8005::ac3e25632273442a,sera_8005_b_sep_svfr,4223ad9fb275bde0d2f3b15584f286f69d7f88745c2207ea2513f317fd9e8d81,Clearances issued by air traffic control units shall provide separation between special VFR flights unless otherwise prescribed by the competent authority.,authoritative_requirement,shall,rule,promote,supported,true,defensible,true,false,accepted,high,false,accepted,pass,pass,0,pass,pass,false,qwen3.6:35b-a3b,qwen3.6:35b-a3b,qwen2.5-coder:32b,qwen3.6:35b-a3b,qwen3.6:35b-a3b,qwen3.6:35b-a3b,24576,3,3,ollama-first-2026-04-28,25de32675884cb3976f22fb28206209e8e72a1db3a6e556bb46490935002b66c,d734d5291933bae15c654b4bbb2c90110fb66bfe6a3cd5cefadd8bb5a974b015,56b69ad27ea3962fdc492e67ea659e0b8a44eaa5352bc3b8f7c4da3124506e7b,1bee78b2e4bc34b3e12fbfdf37f7d0b203fe61917a9f69e67f44e5970998730a,fe5e953572395cceb7f50820650d8bcce531a63d141e83f5e2bce3b21549a534,4c4b709a7a9431b6e6ed604c2e1087aa038624b61fdee9c443713d253c2ecf57,9b7bde1f038dfb0f1d69577cd1f168bd40ff0ea0c5755b6e8b04a4deb0f77e63,,,,,,,,
promote_2026-04-28T19-35-19Z_5786,2026-04-28T19:35:19Z,sera-923-2012-extracted,atc_service_8005,sera_atc_service_family,sera_atc_service_family,sera-923-2012-extracted::atc_service_8005::2f46ccb194a81cff,sera_8005_b_except_own_sep,88b1d82877f23812f0e812bdeca346c64a3b10d41c0bcf13802439bb2e48abeb,"A flight may be cleared subject to maintaining own separation in respect of a specific portion of the flight below 3 050 m (10 000 ft) during climb or descent, during day in visual meteorological conditions, when requested by the pilot of a",authoritative_requirement,may,rule,promote,authority_too_high,false,defensible,true,false,accepted,high,false,pending,fail,pass,0,pass,fail,false,qwen3.6:35b-a3b,qwen3.6:35b-a3b,qwen2.5-coder:32b,qwen3.6:35b-a3b,qwen3.6:35b-a3b,qwen3.6:35b-a3b,24576,3,3,ollama-first-2026-04-28,25de32675884cb3976f22fb28206209e8e72a1db3a6e556bb46490935002b66c,d734d5291933bae15c654b4bbb2c90110fb66bfe6a3cd5cefadd8bb5a974b015,56b69ad27ea3962fdc492e67ea659e0b8a44eaa5352bc3b8f7c4da3124506e7b,1bee78b2e4bc34b3e12fbfdf37f7d0b203fe61917a9f69e67f44e5970998730a,fe5e953572395cceb7f50820650d8bcce531a63d141e83f5e2bce3b21549a534,4c4b709a7a9431b6e6ed604c2e1087aa038624b61fdee9c443713d253c2ecf57,9b7bde1f038dfb0f1d69577cd1f168bd40ff0ea0c5755b6e8b04a4deb0f77e63,,,,,,,,
promote_2026-04-28T19-35-19Z_5786,2026-04-28T19:35:19Z,sera-923-2012-extracted,atc_service_8005,sera_atc_service_family,sera_atc_service_family,sera-923-2012-extracted::atc_service_8005::5a949fbebdbde418,sera_8005_c_1_vert_sep,58c4b7ee7252802008f324145fc1d634d93caf1573854609edf5b4f90ae8032b,"Separation by an air traffic control unit shall be obtained by vertical separation, obtained by assigning different levels selected from the table of cruising levels in Appendix 3 to the Annex to this Regulation, except that the correlation",authoritative_requirement,shall,rule,promote,supported,true,defensible,true,false,accepted,high,false,accepted,pass,pass,0,pass,pass,false,qwen3.6:35b-a3b,qwen3.6:35b-a3b,qwen2.5-coder:32b,qwen3.6:35b-a3b,qwen3.6:35b-a3b,qwen3.6:35b-a3b,24576,3,3,ollama-first-2026-04-28,25de32675884cb3976f22fb28206209e8e72a1db3a6e556bb46490935002b66c,d734d5291933bae15c654b4bbb2c90110fb66bfe6a3cd5cefadd8bb5a974b015,56b69ad27ea3962fdc492e67ea659e0b8a44eaa5352bc3b8f7c4da3124506e7b,1bee78b2e4bc34b3e12fbfdf37f7d0b203fe61917a9f69e67f44e5970998730a,fe5e953572395cceb7f50820650d8bcce531a63d141e83f5e2bce3b21549a534,4c4b709a7a9431b6e6ed604c2e1087aa038624b61fdee9c443713d253c2ecf57,9b7bde1f038dfb0f1d69577cd1f168bd40ff0ea0c5755b6e8b04a4deb0f77e63,,,,,,,,
promote_2026-04-28T19-35-19Z_5786,2026-04-28T19:35:19Z,sera-923-2012-extracted,atc_service_8005,sera_atc_service_family,sera_atc_service_family,sera-923-2012-extracted::atc_service_8005::dd09fb0eb790d595,sera_8005_c_2_i_long,f9a90bea9619302ca681cdf82374dddd09c31a9b7a96534bf6a09049019b59ef,"Separation by an air traffic control unit shall be obtained by horizontal separation, specifically longitudinal separation, by maintaining an interval between aircraft operating along the same, converging or reciprocal tracks, expressed in ",authoritative_requirement,shall,rule,promote,supported,true,defensible,true,true,needs_bundle,high,false,pending,pass,pass,0,pass,pass,false,qwen3.6:35b-a3b,qwen3.6:35b-a3b,qwen2.5-coder:32b,qwen3.6:35b-a3b,qwen3.6:35b-a3b,qwen3.6:35b-a3b,24576,3,3,ollama-first-2026-04-28,25de32675884cb3976f22fb28206209e8e72a1db3a6e556bb46490935002b66c,d734d5291933bae15c654b4bbb2c90110fb66bfe6a3cd5cefadd8bb5a974b015,56b69ad27ea3962fdc492e67ea659e0b8a44eaa5352bc3b8f7c4da3124506e7b,1bee78b2e4bc34b3e12fbfdf37f7d0b203fe61917a9f69e67f44e5970998730a,fe5e953572395cceb7f50820650d8bcce531a63d141e83f5e2bce3b21549a534,4c4b709a7a9431b6e6ed604c2e1087aa038624b61fdee9c443713d253c2ecf57,9b7bde1f038dfb0f1d69577cd1f168bd40ff0ea0c5755b6e8b04a4deb0f77e63,,,,,,,,
promote_2026-04-28T19-35-19Z_5786,2026-04-28T19:35:19Z,sera-923-2012-extracted,atc_service_8005,sera_atc_service_family,sera_atc_service_family,sera-923-2012-extracted::atc_service_8005::24acd63e0249dc4c,sera_8005_c_2_ii_lat,4a7c03bfead2a744215551f80b4d36ebdc8ceb2b3faf2ce158866f047a7975e2,"Separation by an air traffic control unit shall be obtained by horizontal separation, specifically lateral separation, by maintaining aircraft on different routes or in different geographical areas.",authoritative_requirement,shall,rule,promote,supported,true,defensible,true,false,accepted,high,false,accepted,pass,pass,0,pass,pass,false,qwen3.6:35b-a3b,qwen3.6:35b-a3b,qwen2.5-coder:32b,qwen3.6:35b-a3b,qwen3.6:35b-a3b,qwen3.6:35b-a3b,24576,3,3,ollama-first-2026-04-28,25de32675884cb3976f22fb28206209e8e72a1db3a6e556bb46490935002b66c,d734d5291933bae15c654b4bbb2c90110fb66bfe6a3cd5cefadd8bb5a974b015,56b69ad27ea3962fdc492e67ea659e0b8a44eaa5352bc3b8f7c4da3124506e7b,1bee78b2e4bc34b3e12fbfdf37f7d0b203fe61917a9f69e67f44e5970998730a,fe5e953572395cceb7f50820650d8bcce531a63d141e83f5e2bce3b21549a534,4c4b709a7a9431b6e6ed604c2e1087aa038624b61fdee9c443713d253c2ecf57,9b7bde1f038dfb0f1d69577cd1f168bd40ff0ea0c5755b6e8b04a4deb0f77e63,,,,,,,,
promote_2026-04-28T19-35-19Z_5786,2026-04-28T19:35:19Z,sera-923-2012-extracted,clearances_8015_a_d,sera_clearances_family,sera_clearances_family,sera-923-2012-extracted::clearances_8015_a_d::e9bcbf63cef66c9f,sera_8015_a_clearance_basis,07a70fd98fa1150ab3400d0a5a46d7bfefa57efc02e6e606b27e719866e03756,Air traffic control clearances shall be based solely on the requirements for providing air traffic control service.,authoritative_requirement,shall,rule,promote,supported,false,defensible,true,false,accepted,high,false,accepted,pass,pass,0,pass,pass,false,qwen3.6:35b-a3b,qwen3.6:35b-a3b,qwen2.5-coder:32b,qwen3.6:35b-a3b,qwen3.6:35b-a3b,qwen3.6:35b-a3b,24576,3,3,ollama-first-2026-04-28,25de32675884cb3976f22fb28206209e8e72a1db3a6e556bb46490935002b66c,d734d5291933bae15c654b4bbb2c90110fb66bfe6a3cd5cefadd8bb5a974b015,56b69ad27ea3962fdc492e67ea659e0b8a44eaa5352bc3b8f7c4da3124506e7b,1bee78b2e4bc34b3e12fbfdf37f7d0b203fe61917a9f69e67f44e5970998730a,fe5e953572395cceb7f50820650d8bcce531a63d141e83f5e2bce3b21549a534,4c4b709a7a9431b6e6ed604c2e1087aa038624b61fdee9c443713d253c2ecf57,9b7bde1f038dfb0f1d69577cd1f168bd40ff0ea0c5755b6e8b04a4deb0f77e63,,,,,,,,
promote_2026-04-28T19-35-19Z_5786,2026-04-28T19:35:19Z,sera-923-2012-extracted,clearances_8015_a_d,sera_clearances_family,sera_clearances_family,sera-923-2012-extracted::clearances_8015_a_d::16c964d35f0be52b,sera_8015_b_1_pre_flight_clearance,380efe55fdda682e458ddbe02d548d88634d5f49fc33ff0596dc0d6977ad9a8d,"An air traffic control clearance shall be obtained prior to operating a controlled flight, or a portion of a flight as a controlled flight. Such clearance shall be requested through the submission of a flight plan to an air traffic control ",authoritative_requirement,shall,rule,promote,supported,false,defensible,true,false,accepted,high,false,accepted,pass,pass,0,pass,pass,false,qwen3.6:35b-a3b,qwen3.6:35b-a3b,qwen2.5-coder:32b,qwen3.6:35b-a3b,qwen3.6:35b-a3b,qwen3.6:35b-a3b,24576,3,3,ollama-first-2026-04-28,25de32675884cb3976f22fb28206209e8e72a1db3a6e556bb46490935002b66c,d734d5291933bae15c654b4bbb2c90110fb66bfe6a3cd5cefadd8bb5a974b015,56b69ad27ea3962fdc492e67ea659e0b8a44eaa5352bc3b8f7c4da3124506e7b,1bee78b2e4bc34b3e12fbfdf37f7d0b203fe61917a9f69e67f44e5970998730a,fe5e953572395cceb7f50820650d8bcce531a63d141e83f5e2bce3b21549a534,4c4b709a7a9431b6e6ed604c2e1087aa038624b61fdee9c443713d253c2ecf57,9b7bde1f038dfb0f1d69577cd1f168bd40ff0ea0c5755b6e8b04a4deb0f77e63,,,,,,,,
promote_2026-04-28T19-35-19Z_5786,2026-04-28T19:35:19Z,sera-923-2012-extracted,clearances_8015_a_d,sera_clearances_family,sera_clearances_family,sera-923-2012-extracted::clearances_8015_a_d::f5231a6d849f258b,sera_8015_b_2_dissatisfied_clearance,434127943710de34b4b6805805433d767d09c06a5daa75d8bf00f2b1a941fb1c,"The pilot-in-command of an aircraft shall inform ATC if an air traffic control clearance is not satisfactory. In such cases, ATC will issue an amended clearance, if practicable.",authoritative_requirement,shall,rule,promote,supported,false,defensible,true,false,accepted,high,false,accepted,pass,pass,0,pass,pass,false,qwen3.6:35b-a3b,qwen3.6:35b-a3b,qwen2.5-coder:32b,qwen3.6:35b-a3b,qwen3.6:35b-a3b,qwen3.6:35b-a3b,24576,3,3,ollama-first-2026-04-28,25de32675884cb3976f22fb28206209e8e72a1db3a6e556bb46490935002b66c,d734d5291933bae15c654b4bbb2c90110fb66bfe6a3cd5cefadd8bb5a974b015,56b69ad27ea3962fdc492e67ea659e0b8a44eaa5352bc3b8f7c4da3124506e7b,1bee78b2e4bc34b3e12fbfdf37f7d0b203fe61917a9f69e67f44e5970998730a,fe5e953572395cceb7f50820650d8bcce531a63d141e83f5e2bce3b21549a534,4c4b709a7a9431b6e6ed604c2e1087aa038624b61fdee9c443713d253c2ecf57,9b7bde1f038dfb0f1d69577cd1f168bd40ff0ea0c5755b6e8b04a4deb0f77e63,,,,,,,,
promote_2026-04-28T19-35-19Z_5786,2026-04-28T19:35:19Z,sera-923-2012-extracted,clearances_8015_a_d,sera_clearances_family,sera_clearances_family,sera-923-2012-extracted::clearances_8015_a_d::aafde492d71b4094,sera_8015_b_3_priority_report,506f2e5583f985e5a24fae5d3a925f59737830095f0da6d2aa4af8f9bb84b823,"Whenever an aircraft has requested a clearance involving priority, a report explaining the necessity for such priority shall be submitted, if requested by the appropriate air traffic control unit.",authoritative_requirement,shall,rule,promote,supported,false,defensible,true,false,accepted,high,false,accepted,pass,pass,0,pass,pass,false,qwen3.6:35b-a3b,qwen3.6:35b-a3b,qwen2.5-coder:32b,qwen3.6:35b-a3b,qwen3.6:35b-a3b,qwen3.6:35b-a3b,24576,3,3,ollama-first-2026-04-28,25de32675884cb3976f22fb28206209e8e72a1db3a6e556bb46490935002b66c,d734d5291933bae15c654b4bbb2c90110fb66bfe6a3cd5cefadd8bb5a974b015,56b69ad27ea3962fdc492e67ea659e0b8a44eaa5352bc3b8f7c4da3124506e7b,1bee78b2e4bc34b3e12fbfdf37f7d0b203fe61917a9f69e67f44e5970998730a,fe5e953572395cceb7f50820650d8bcce531a63d141e83f5e2bce3b21549a534,4c4b709a7a9431b6e6ed604c2e1087aa038624b61fdee9c443713d253c2ecf57,9b7bde1f038dfb0f1d69577cd1f168bd40ff0ea0c5755b6e8b04a4deb0f77e63,,,,,,,,
promote_2026-04-28T19-35-19Z_5786,2026-04-28T19:35:19Z,sera-923-2012-extracted,clearances_8015_a_d,sera_clearances_family,sera_clearances_family,sera-923-2012-extracted::clearances_8015_a_d::4b0a625825f970d7,sera_8015_b_4_revised_destination_notification,1d917ee5d29fd75643d1bd6478c6d5740a6e459b716d745689d6e3ce0403dd1b,"If, prior to departure, it is anticipated that, depending on fuel endurance and subject to reclearance in flight, a decision may be taken to proceed to a revised destination aerodrome, the appropriate air traffic control units shall be so n",authoritative_requirement,shall,rule,promote,supported,false,defensible,true,false,accepted,high,false,accepted,pass,pass,0,pass,pass,false,qwen3.6:35b-a3b,qwen3.6:35b-a3b,qwen2.5-coder:32b,qwen3.6:35b-a3b,qwen3.6:35b-a3b,qwen3.6:35b-a3b,24576,3,3,ollama-first-2026-04-28,25de32675884cb3976f22fb28206209e8e72a1db3a6e556bb46490935002b66c,d734d5291933bae15c654b4bbb2c90110fb66bfe6a3cd5cefadd8bb5a974b015,56b69ad27ea3962fdc492e67ea659e0b8a44eaa5352bc3b8f7c4da3124506e7b,1bee78b2e4bc34b3e12fbfdf37f7d0b203fe61917a9f69e67f44e5970998730a,fe5e953572395cceb7f50820650d8bcce531a63d141e83f5e2bce3b21549a534,4c4b709a7a9431b6e6ed604c2e1087aa038624b61fdee9c443713d253c2ecf57,9b7bde1f038dfb0f1d69577cd1f168bd40ff0ea0c5755b6e8b04a4deb0f77e63,,,,,,,,
promote_2026-04-28T19-35-19Z_5786,2026-04-28T19:35:19Z,sera-923-2012-extracted,clearances_8015_a_d,sera_clearances_family,sera_clearances_family,sera-923-2012-extracted::clearances_8015_a_d::cca5642c4573b49a,sera_8015_b_5_taxi_clearance,7c169171211196cf81cbed7924c8c5301cf569fa68295ac7c66cb830d01fcbc9,An aircraft operated on a controlled aerodrome shall not taxi on the manoeuvring area without clearance from the aerodrome control tower and shall comply with any instructions given by that unit.,authoritative_requirement,shall,rule,promote,supported,false,defensible,true,false,accepted,high,false,accepted,pass,pass,0,pass,pass,false,qwen3.6:35b-a3b,qwen3.6:35b-a3b,qwen2.5-coder:32b,qwen3.6:35b-a3b,qwen3.6:35b-a3b,qwen3.6:35b-a3b,24576,3,3,ollama-first-2026-04-28,25de32675884cb3976f22fb28206209e8e72a1db3a6e556bb46490935002b66c,d734d5291933bae15c654b4bbb2c90110fb66bfe6a3cd5cefadd8bb5a974b015,56b69ad27ea3962fdc492e67ea659e0b8a44eaa5352bc3b8f7c4da3124506e7b,1bee78b2e4bc34b3e12fbfdf37f7d0b203fe61917a9f69e67f44e5970998730a,fe5e953572395cceb7f50820650d8bcce531a63d141e83f5e2bce3b21549a534,4c4b709a7a9431b6e6ed604c2e1087aa038624b61fdee9c443713d253c2ecf57,9b7bde1f038dfb0f1d69577cd1f168bd40ff0ea0c5755b6e8b04a4deb0f77e63,,,,,,,,
promote_2026-04-28T19-35-19Z_5786,2026-04-28T19:35:19Z,sera-923-2012-extracted,clearances_8015_a_d,sera_clearances_family,sera_clearances_family,sera-923-2012-extracted::clearances_8015_a_d::71d49568f9d6b39a,sera_8015_c_1_transonic_acceleration,0529ffbb93ade7e1842fb37b42aa9c88417832f9bcd3eada7f82e8aab9383bd5,The air traffic control clearance relating to the transonic acceleration phase of a supersonic flight shall extend at least to the end of that phase.,authoritative_requirement,shall,rule,promote,supported,false,defensible,true,false,accepted,high,false,accepted,pass,pass,0,pass,pass,false,qwen3.6:35b-a3b,qwen3.6:35b-a3b,qwen2.5-coder:32b,qwen3.6:35b-a3b,qwen3.6:35b-a3b,qwen3.6:35b-a3b,24576,3,3,ollama-first-2026-04-28,25de32675884cb3976f22fb28206209e8e72a1db3a6e556bb46490935002b66c,d734d5291933bae15c654b4bbb2c90110fb66bfe6a3cd5cefadd8bb5a974b015,56b69ad27ea3962fdc492e67ea659e0b8a44eaa5352bc3b8f7c4da3124506e7b,1bee78b2e4bc34b3e12fbfdf37f7d0b203fe61917a9f69e67f44e5970998730a,fe5e953572395cceb7f50820650d8bcce531a63d141e83f5e2bce3b21549a534,4c4b709a7a9431b6e6ed604c2e1087aa038624b61fdee9c443713d253c2ecf57,9b7bde1f038dfb0f1d69577cd1f168bd40ff0ea0c5755b6e8b04a4deb0f77e63,,,,,,,,
promote_2026-04-28T19-35-19Z_5786,2026-04-28T19:35:19Z,sera-923-2012-extracted,clearances_8015_a_d,sera_clearances_family,sera_clearances_family,sera-923-2012-extracted::clearances_8015_a_d::56ad086ca9f11071,sera_8015_c_2_transonic_deceleration,3ec06dfa67f8356d8d9eba046802727bda4d8b6cc6f6fa82292bdb39fb7baaf4,The air traffic control clearance relating to the deceleration and descent of an aircraft from supersonic cruise to subsonic flight shall seek to provide for uninterrupted descent at least during the transonic phase.,authoritative_requirement,shall,rule,promote,supported,false,defensible,true,false,accepted,high,false,accepted,pass,pass,0,pass,pass,false,qwen3.6:35b-a3b,qwen3.6:35b-a3b,qwen2.5-coder:32b,qwen3.6:35b-a3b,qwen3.6:35b-a3b,qwen3.6:35b-a3b,24576,3,3,ollama-first-2026-04-28,25de32675884cb3976f22fb28206209e8e72a1db3a6e556bb46490935002b66c,d734d5291933bae15c654b4bbb2c90110fb66bfe6a3cd5cefadd8bb5a974b015,56b69ad27ea3962fdc492e67ea659e0b8a44eaa5352bc3b8f7c4da3124506e7b,1bee78b2e4bc34b3e12fbfdf37f7d0b203fe61917a9f69e67f44e5970998730a,fe5e953572395cceb7f50820650d8bcce531a63d141e83f5e2bce3b21549a534,4c4b709a7a9431b6e6ed604c2e1087aa038624b61fdee9c443713d253c2ecf57,9b7bde1f038dfb0f1d69577cd1f168bd40ff0ea0c5755b6e8b04a4deb0f77e63,,,,,,,,
promote_2026-04-28T19-35-19Z_5786,2026-04-28T19:35:19Z,sera-923-2012-extracted,clearances_8015_a_d,sera_clearances_family,sera_clearances_family,sera-923-2012-extracted::clearances_8015_a_d::9285a92b423c68d6,sera_8015_d_1_identification,45be022d2a1590a618804126a7a84fad214f0aa1bc04d6c95302a77fa4ba741a,An air traffic control clearance shall indicate aircraft identification as shown in the flight plan.,authoritative_requirement,shall,rule,promote,supported,true,defensible,true,false,accepted,high,false,accepted,pass,pass,0,pass,pass,false,qwen3.6:35b-a3b,qwen3.6:35b-a3b,qwen2.5-coder:32b,qwen3.6:35b-a3b,qwen3.6:35b-a3b,qwen3.6:35b-a3b,24576,3,3,ollama-first-2026-04-28,25de32675884cb3976f22fb28206209e8e72a1db3a6e556bb46490935002b66c,d734d5291933bae15c654b4bbb2c90110fb66bfe6a3cd5cefadd8bb5a974b015,56b69ad27ea3962fdc492e67ea659e0b8a44eaa5352bc3b8f7c4da3124506e7b,1bee78b2e4bc34b3e12fbfdf37f7d0b203fe61917a9f69e67f44e5970998730a,fe5e953572395cceb7f50820650d8bcce531a63d141e83f5e2bce3b21549a534,4c4b709a7a9431b6e6ed604c2e1087aa038624b61fdee9c443713d253c2ecf57,9b7bde1f038dfb0f1d69577cd1f168bd40ff0ea0c5755b6e8b04a4deb0f77e63,,,,,,,,
promote_2026-04-28T19-35-19Z_5786,2026-04-28T19:35:19Z,sera-923-2012-extracted,clearances_8015_a_d,sera_clearances_family,sera_clearances_family,sera-923-2012-extracted::clearances_8015_a_d::886221665bbeb27f,sera_8015_d_2_clearance_limit,4ebd049d506d1c05e48c8e93c8db6dc7bbf8114e7c1a775bb0f78098441f4edf,An air traffic control clearance shall indicate the clearance limit.,authoritative_requirement,shall,rule,promote,supported,true,defensible,true,false,accepted,high,false,accepted,pass,pass,0,pass,pass,false,qwen3.6:35b-a3b,qwen3.6:35b-a3b,qwen2.5-coder:32b,qwen3.6:35b-a3b,qwen3.6:35b-a3b,qwen3.6:35b-a3b,24576,3,3,ollama-first-2026-04-28,25de32675884cb3976f22fb28206209e8e72a1db3a6e556bb46490935002b66c,d734d5291933bae15c654b4bbb2c90110fb66bfe6a3cd5cefadd8bb5a974b015,56b69ad27ea3962fdc492e67ea659e0b8a44eaa5352bc3b8f7c4da3124506e7b,1bee78b2e4bc34b3e12fbfdf37f7d0b203fe61917a9f69e67f44e5970998730a,fe5e953572395cceb7f50820650d8bcce531a63d141e83f5e2bce3b21549a534,4c4b709a7a9431b6e6ed604c2e1087aa038624b61fdee9c443713d253c2ecf57,9b7bde1f038dfb0f1d69577cd1f168bd40ff0ea0c5755b6e8b04a4deb0f77e63,,,,,,,,
promote_2026-04-28T19-35-19Z_5786,2026-04-28T19:35:19Z,sera-923-2012-extracted,clearances_8015_a_d,sera_clearances_family,sera_clearances_family,sera-923-2012-extracted::clearances_8015_a_d::b3c28b3abc9299fb,sera_8015_d_3_route,0584694a68cf15a9073e24fb7abc1b7890aa12ff686fcf7905d022786505109a,An air traffic control clearance shall indicate the route of flight.,authoritative_requirement,shall,rule,promote,supported,true,defensible,true,false,accepted,high,false,accepted,pass,pass,0,pass,pass,false,qwen3.6:35b-a3b,qwen3.6:35b-a3b,qwen2.5-coder:32b,qwen3.6:35b-a3b,qwen3.6:35b-a3b,qwen3.6:35b-a3b,24576,3,3,ollama-first-2026-04-28,25de32675884cb3976f22fb28206209e8e72a1db3a6e556bb46490935002b66c,d734d5291933bae15c654b4bbb2c90110fb66bfe6a3cd5cefadd8bb5a974b015,56b69ad27ea3962fdc492e67ea659e0b8a44eaa5352bc3b8f7c4da3124506e7b,1bee78b2e4bc34b3e12fbfdf37f7d0b203fe61917a9f69e67f44e5970998730a,fe5e953572395cceb7f50820650d8bcce531a63d141e83f5e2bce3b21549a534,4c4b709a7a9431b6e6ed604c2e1087aa038624b61fdee9c443713d253c2ecf57,9b7bde1f038dfb0f1d69577cd1f168bd40ff0ea0c5755b6e8b04a4deb0f77e63,,,,,,,,
promote_2026-04-28T19-35-19Z_5786,2026-04-28T19:35:19Z,sera-923-2012-extracted,clearances_8015_a_d,sera_clearances_family,sera_clearances_family,sera-923-2012-extracted::clearances_8015_a_d::a554ea11f1287a61,sera_8015_d_4_level,555fad98a66875cbfdd0ae6593aa202b74554c38ac5534557a132656d9228ef1,An air traffic control clearance shall indicate level(s) of flight for the entire route or part thereof and changes of levels if required.,authoritative_requirement,shall,rule,promote,supported,true,defensible,true,false,accepted,high,false,accepted,pass,pass,0,pass,pass,false,qwen3.6:35b-a3b,qwen3.6:35b-a3b,qwen2.5-coder:32b,qwen3.6:35b-a3b,qwen3.6:35b-a3b,qwen3.6:35b-a3b,24576,3,3,ollama-first-2026-04-28,25de32675884cb3976f22fb28206209e8e72a1db3a6e556bb46490935002b66c,d734d5291933bae15c654b4bbb2c90110fb66bfe6a3cd5cefadd8bb5a974b015,56b69ad27ea3962fdc492e67ea659e0b8a44eaa5352bc3b8f7c4da3124506e7b,1bee78b2e4bc34b3e12fbfdf37f7d0b203fe61917a9f69e67f44e5970998730a,fe5e953572395cceb7f50820650d8bcce531a63d141e83f5e2bce3b21549a534,4c4b709a7a9431b6e6ed604c2e1087aa038624b61fdee9c443713d253c2ecf57,9b7bde1f038dfb0f1d69577cd1f168bd40ff0ea0c5755b6e8b04a4deb0f77e63,,,,,,,,
promote_2026-04-28T19-35-19Z_5786,2026-04-28T19:35:19Z,sera-923-2012-extracted,clearances_8015_a_d,sera_clearances_family,sera_clearances_family,sera-923-2012-extracted::clearances_8015_a_d::71094db33155f93d,sera_8015_d_5_other_instructions,994d519c15d47f9b5ca9fcd90de8dd6cebbd6b327f2a233cac0aaf041292f2d8,"An air traffic control clearance shall indicate any necessary instructions or information on other matters such as approach or departure manoeuvres, communications and the time of expiry of the clearance.",authoritative_requirement,shall,rule,promote,supported,true,defensible,true,false,accepted,high,false,pending,fail,fail,1,pass,pass,false,qwen3.6:35b-a3b,qwen3.6:35b-a3b,qwen2.5-coder:32b,qwen3.6:35b-a3b,qwen3.6:35b-a3b,qwen3.6:35b-a3b,24576,3,3,ollama-first-2026-04-28,25de32675884cb3976f22fb28206209e8e72a1db3a6e556bb46490935002b66c,d734d5291933bae15c654b4bbb2c90110fb66bfe6a3cd5cefadd8bb5a974b015,56b69ad27ea3962fdc492e67ea659e0b8a44eaa5352bc3b8f7c4da3124506e7b,1bee78b2e4bc34b3e12fbfdf37f7d0b203fe61917a9f69e67f44e5970998730a,fe5e953572395cceb7f50820650d8bcce531a63d141e83f5e2bce3b21549a534,4c4b709a7a9431b6e6ed604c2e1087aa038624b61fdee9c443713d253c2ecf57,9b7bde1f038dfb0f1d69577cd1f168bd40ff0ea0c5755b6e8b04a4deb0f77e63,,,,,,,,
promote_2026-04-28T19-35-19Z_5786,2026-04-28T19:35:19Z,sera-923-2012-extracted,readback_8015_e,sera_readback_family,sera_readback_family,sera-923-2012-extracted::readback_8015_e::913a7181c8e8bdd9,sera_923_e_1_i,99aa8c31269fd4b5b5f5b7ad90b1336bfa1ab8953b5d948b913bd1f04e45a75c,ATC route clearances shall always be read back.,authoritative_requirement,shall,rule,promote,supported,true,defensible,true,false,accepted,high,false,accepted,pass,pass,0,pass,pass,false,qwen3.6:35b-a3b,qwen3.6:35b-a3b,qwen2.5-coder:32b,qwen3.6:35b-a3b,qwen3.6:35b-a3b,qwen3.6:35b-a3b,24576,3,3,ollama-first-2026-04-28,25de32675884cb3976f22fb28206209e8e72a1db3a6e556bb46490935002b66c,d734d5291933bae15c654b4bbb2c90110fb66bfe6a3cd5cefadd8bb5a974b015,56b69ad27ea3962fdc492e67ea659e0b8a44eaa5352bc3b8f7c4da3124506e7b,1bee78b2e4bc34b3e12fbfdf37f7d0b203fe61917a9f69e67f44e5970998730a,fe5e953572395cceb7f50820650d8bcce531a63d141e83f5e2bce3b21549a534,4c4b709a7a9431b6e6ed604c2e1087aa038624b61fdee9c443713d253c2ecf57,9b7bde1f038dfb0f1d69577cd1f168bd40ff0ea0c5755b6e8b04a4deb0f77e63,,,,,,,,
promote_2026-04-28T19-35-19Z_5786,2026-04-28T19:35:19Z,sera-923-2012-extracted,readback_8015_e,sera_readback_family,sera_readback_family,sera-923-2012-extracted::readback_8015_e::6f0febfaed2fc9cb,sera_923_e_1_ii,227d69c2de1b337d9d9dd6ac6f9b2f0558a3f81d64626a826210885e20041db8,"Clearances and instructions to enter, land on, take off from, hold short of, cross, taxi and backtrack on any runway shall always be read back.",authoritative_requirement,shall,rule,promote,supported,true,defensible,true,false,accepted,high,false,accepted,pass,pass,0,pass,pass,false,qwen3.6:35b-a3b,qwen3.6:35b-a3b,qwen2.5-coder:32b,qwen3.6:35b-a3b,qwen3.6:35b-a3b,qwen3.6:35b-a3b,24576,3,3,ollama-first-2026-04-28,25de32675884cb3976f22fb28206209e8e72a1db3a6e556bb46490935002b66c,d734d5291933bae15c654b4bbb2c90110fb66bfe6a3cd5cefadd8bb5a974b015,56b69ad27ea3962fdc492e67ea659e0b8a44eaa5352bc3b8f7c4da3124506e7b,1bee78b2e4bc34b3e12fbfdf37f7d0b203fe61917a9f69e67f44e5970998730a,fe5e953572395cceb7f50820650d8bcce531a63d141e83f5e2bce3b21549a534,4c4b709a7a9431b6e6ed604c2e1087aa038624b61fdee9c443713d253c2ecf57,9b7bde1f038dfb0f1d69577cd1f168bd40ff0ea0c5755b6e8b04a4deb0f77e63,,,,,,,,
promote_2026-04-28T19-35-19Z_5786,2026-04-28T19:35:19Z,sera-923-2012-extracted,readback_8015_e,sera_readback_family,sera_readback_family,sera-923-2012-extracted::readback_8015_e::8309dddc12b245d4,sera_923_e_1_iii,04fb573e1c8c8a469c6afa7e76b892adc4eafe61e5a518bcd288ea533afbb64d,"Runway-in-use, altimeter settings, SSR codes, newly assigned communication channels, level instructions, heading and speed instructions shall always be read back.",authoritative_requirement,shall,rule,promote,supported,false,defensible,true,false,accepted,high,false,accepted,pass,pass,0,pass,pass,false,qwen3.6:35b-a3b,qwen3.6:35b-a3b,qwen2.5-coder:32b,qwen3.6:35b-a3b,qwen3.6:35b-a3b,qwen3.6:35b-a3b,24576,3,3,ollama-first-2026-04-28,25de32675884cb3976f22fb28206209e8e72a1db3a6e556bb46490935002b66c,d734d5291933bae15c654b4bbb2c90110fb66bfe6a3cd5cefadd8bb5a974b015,56b69ad27ea3962fdc492e67ea659e0b8a44eaa5352bc3b8f7c4da3124506e7b,1bee78b2e4bc34b3e12fbfdf37f7d0b203fe61917a9f69e67f44e5970998730a,fe5e953572395cceb7f50820650d8bcce531a63d141e83f5e2bce3b21549a534,4c4b709a7a9431b6e6ed604c2e1087aa038624b61fdee9c443713d253c2ecf57,9b7bde1f038dfb0f1d69577cd1f168bd40ff0ea0c5755b6e8b04a4deb0f77e63,,,,,,,,
promote_2026-04-28T19-35-19Z_5786,2026-04-28T19:35:19Z,sera-923-2012-extracted,readback_8015_e,sera_readback_family,sera_readback_family,sera-923-2012-extracted::readback_8015_e::f6dfa2180974b992,sera_923_e_1_iv,53edfa2bd04035dd063dc0090ff173085ef8b2c77f919ec6248fd847cbcedae9,"Transition levels, whether issued by the controller or contained in ATIS broadcasts, shall always be read back.",authoritative_requirement,shall,rule,promote,supported,true,defensible,true,false,accepted,high,false,accepted,pass,pass,0,pass,pass,false,qwen3.6:35b-a3b,qwen3.6:35b-a3b,qwen2.5-coder:32b,qwen3.6:35b-a3b,qwen3.6:35b-a3b,qwen3.6:35b-a3b,24576,3,3,ollama-first-2026-04-28,25de32675884cb3976f22fb28206209e8e72a1db3a6e556bb46490935002b66c,d734d5291933bae15c654b4bbb2c90110fb66bfe6a3cd5cefadd8bb5a974b015,56b69ad27ea3962fdc492e67ea659e0b8a44eaa5352bc3b8f7c4da3124506e7b,1bee78b2e4bc34b3e12fbfdf37f7d0b203fe61917a9f69e67f44e5970998730a,fe5e953572395cceb7f50820650d8bcce531a63d141e83f5e2bce3b21549a534,4c4b709a7a9431b6e6ed604c2e1087aa038624b61fdee9c443713d253c2ecf57,9b7bde1f038dfb0f1d69577cd1f168bd40ff0ea0c5755b6e8b04a4deb0f77e63,,,,,,,,
promote_2026-04-28T19-35-19Z_5786,2026-04-28T19:35:19Z,sera-923-2012-extracted,readback_8015_e,sera_readback_family,sera_readback_family,sera-923-2012-extracted::readback_8015_e::77e2b70b41027ce4,sera_923_e_2,cea46695713308221c10acf1c6cef48d1de6ee53f25619320afdc356ba0e024a,"Other clearances or instructions, including conditional clearances and taxi instructions, shall be read back or acknowledged in a manner to clearly indicate that they have been understood and will be complied with.",authoritative_requirement,shall,rule,promote,supported,false,defensible,true,false,accepted,high,false,accepted,pass,pass,0,pass,pass,false,qwen3.6:35b-a3b,qwen3.6:35b-a3b,qwen2.5-coder:32b,qwen3.6:35b-a3b,qwen3.6:35b-a3b,qwen3.6:35b-a3b,24576,3,3,ollama-first-2026-04-28,25de32675884cb3976f22fb28206209e8e72a1db3a6e556bb46490935002b66c,d734d5291933bae15c654b4bbb2c90110fb66bfe6a3cd5cefadd8bb5a974b015,56b69ad27ea3962fdc492e67ea659e0b8a44eaa5352bc3b8f7c4da3124506e7b,1bee78b2e4bc34b3e12fbfdf37f7d0b203fe61917a9f69e67f44e5970998730a,fe5e953572395cceb7f50820650d8bcce531a63d141e83f5e2bce3b21549a534,4c4b709a7a9431b6e6ed604c2e1087aa038624b61fdee9c443713d253c2ecf57,9b7bde1f038dfb0f1d69577cd1f168bd40ff0ea0c5755b6e8b04a4deb0f77e63,,,,,,,,
promote_2026-04-28T19-35-19Z_5786,2026-04-28T19:35:19Z,sera-923-2012-extracted,readback_8015_e,sera_readback_family,sera_readback_family,sera-923-2012-extracted::readback_8015_e::33e432d1782dad2d,sera_923_e_3,94f72aaa723b3f3dbd71689e8e2ec158206a63f6067e293016f680111ce8d91a,The controller shall listen to the read-back to ascertain that the clearance or instruction has been correctly acknowledged by the flight crew and shall take immediate action to correct any discrepancies revealed by the read-back.,authoritative_requirement,shall,rule,promote,supported,false,defensible,true,false,accepted,high,false,accepted,pass,pass,0,pass,pass,false,qwen3.6:35b-a3b,qwen3.6:35b-a3b,qwen2.5-coder:32b,qwen3.6:35b-a3b,qwen3.6:35b-a3b,qwen3.6:35b-a3b,24576,3,3,ollama-first-2026-04-28,25de32675884cb3976f22fb28206209e8e72a1db3a6e556bb46490935002b66c,d734d5291933bae15c654b4bbb2c90110fb66bfe6a3cd5cefadd8bb5a974b015,56b69ad27ea3962fdc492e67ea659e0b8a44eaa5352bc3b8f7c4da3124506e7b,1bee78b2e4bc34b3e12fbfdf37f7d0b203fe61917a9f69e67f44e5970998730a,fe5e953572395cceb7f50820650d8bcce531a63d141e83f5e2bce3b21549a534,4c4b709a7a9431b6e6ed604c2e1087aa038624b61fdee9c443713d253c2ecf57,9b7bde1f038dfb0f1d69577cd1f168bd40ff0ea0c5755b6e8b04a4deb0f77e63,,,,,,,,
promote_2026-04-28T19-35-19Z_5786,2026-04-28T19:35:19Z,sera-923-2012-extracted,readback_8015_e,sera_readback_family,sera_readback_family,sera-923-2012-extracted::readback_8015_e::23f3fac68277ae11,sera_923_e_4,2037969d2756d22d36453341b4212f7f5fecb321897342146c0d69cfc8e870bc,"Voice read-back of CPDLC messages shall not be required, unless otherwise specified by the ANSP.",authoritative_requirement,shall,rule,promote,supported,false,defensible,true,false,accepted,high,false,accepted,pass,pass,0,pass,pass,false,qwen3.6:35b-a3b,qwen3.6:35b-a3b,qwen2.5-coder:32b,qwen3.6:35b-a3b,qwen3.6:35b-a3b,qwen3.6:35b-a3b,24576,3,3,ollama-first-2026-04-28,25de32675884cb3976f22fb28206209e8e72a1db3a6e556bb46490935002b66c,d734d5291933bae15c654b4bbb2c90110fb66bfe6a3cd5cefadd8bb5a974b015,56b69ad27ea3962fdc492e67ea659e0b8a44eaa5352bc3b8f7c4da3124506e7b,1bee78b2e4bc34b3e12fbfdf37f7d0b203fe61917a9f69e67f44e5970998730a,fe5e953572395cceb7f50820650d8bcce531a63d141e83f5e2bce3b21549a534,4c4b709a7a9431b6e6ed604c2e1087aa038624b61fdee9c443713d253c2ecf57,9b7bde1f038dfb0f1d69577cd1f168bd40ff0ea0c5755b6e8b04a4deb0f77e63,,,,,,,,
promote_2026-04-28T19-35-19Z_5786,2026-04-28T19:35:19Z,sera-923-2012-extracted,separation_minima_8010,sera_separation_minima_family,sera_separation_minima_family,sera-923-2012-extracted::separation_minima_8010::bdcea86227fc2f84,sera_8010_a_selection_authority,919114d63d60abb17e85b789275497dcac77d3b2685c706b31b034539a7313d1,The selection of separation minima for application within a given portion of airspace shall be made by the ANSP responsible for the provision of air traffic services and approved by the competent authority concerned.,authoritative_requirement,shall,rule,promote,supported,false,defensible,true,false,accepted,high,false,accepted,pass,pass,0,pass,pass,false,qwen3.6:35b-a3b,qwen3.6:35b-a3b,qwen2.5-coder:32b,qwen3.6:35b-a3b,qwen3.6:35b-a3b,qwen3.6:35b-a3b,24576,3,3,ollama-first-2026-04-28,25de32675884cb3976f22fb28206209e8e72a1db3a6e556bb46490935002b66c,d734d5291933bae15c654b4bbb2c90110fb66bfe6a3cd5cefadd8bb5a974b015,56b69ad27ea3962fdc492e67ea659e0b8a44eaa5352bc3b8f7c4da3124506e7b,1bee78b2e4bc34b3e12fbfdf37f7d0b203fe61917a9f69e67f44e5970998730a,fe5e953572395cceb7f50820650d8bcce531a63d141e83f5e2bce3b21549a534,4c4b709a7a9431b6e6ed604c2e1087aa038624b61fdee9c443713d253c2ecf57,9b7bde1f038dfb0f1d69577cd1f168bd40ff0ea0c5755b6e8b04a4deb0f77e63,,,,,,,,
promote_2026-04-28T19-35-19Z_5786,2026-04-28T19:35:19Z,sera-923-2012-extracted,separation_minima_8010,sera_separation_minima_family,sera_separation_minima_family,sera-923-2012-extracted::separation_minima_8010::62c3fbbf1d1c30f4,sera_8010_b_neighbouring_airspace_consultation,e711c7fa3b2a9f947b882873fcea87cba4d79600ddfae096b34c082dc36133ed,"For traffic that will pass from one into the other of neighbouring airspaces and for routes that are closer to the common boundary of the neighbouring airspaces than the separation minima applicable in the circumstances, the selection of se",authoritative_requirement,shall,rule,promote,supported,false,defensible,true,false,accepted,high,false,accepted,pass,pass,0,pass,pass,false,qwen3.6:35b-a3b,qwen3.6:35b-a3b,qwen2.5-coder:32b,qwen3.6:35b-a3b,qwen3.6:35b-a3b,qwen3.6:35b-a3b,24576,3,3,ollama-first-2026-04-28,25de32675884cb3976f22fb28206209e8e72a1db3a6e556bb46490935002b66c,d734d5291933bae15c654b4bbb2c90110fb66bfe6a3cd5cefadd8bb5a974b015,56b69ad27ea3962fdc492e67ea659e0b8a44eaa5352bc3b8f7c4da3124506e7b,1bee78b2e4bc34b3e12fbfdf37f7d0b203fe61917a9f69e67f44e5970998730a,fe5e953572395cceb7f50820650d8bcce531a63d141e83f5e2bce3b21549a534,4c4b709a7a9431b6e6ed604c2e1087aa038624b61fdee9c443713d253c2ecf57,9b7bde1f038dfb0f1d69577cd1f168bd40ff0ea0c5755b6e8b04a4deb0f77e63,,,,,,,,
promote_2026-04-28T19-35-19Z_5786,2026-04-28T19:35:19Z,sera-923-2012-extracted,separation_minima_8010,sera_separation_minima_family,sera_separation_minima_family,sera-923-2012-extracted::separation_minima_8010::e254c674f789e45e,sera_8010_c1_notification_to_ats,7c75eeff5bd0026471afe503d310b19e3fcd9c59775fa0965255ce85d294b7ee,Details of the selected separation minima and of their areas of application shall be notified to the air traffic services units concerned.,authoritative_requirement,shall,rule,promote,underspecified,false,defensible,false,false,needs_bundle,high,false,pending,pass,pass,0,pass,pass,false,qwen3.6:35b-a3b,qwen3.6:35b-a3b,qwen2.5-coder:32b,qwen3.6:35b-a3b,qwen3.6:35b-a3b,qwen3.6:35b-a3b,24576,3,3,ollama-first-2026-04-28,25de32675884cb3976f22fb28206209e8e72a1db3a6e556bb46490935002b66c,d734d5291933bae15c654b4bbb2c90110fb66bfe6a3cd5cefadd8bb5a974b015,56b69ad27ea3962fdc492e67ea659e0b8a44eaa5352bc3b8f7c4da3124506e7b,1bee78b2e4bc34b3e12fbfdf37f7d0b203fe61917a9f69e67f44e5970998730a,fe5e953572395cceb7f50820650d8bcce531a63d141e83f5e2bce3b21549a534,4c4b709a7a9431b6e6ed604c2e1087aa038624b61fdee9c443713d253c2ecf57,9b7bde1f038dfb0f1d69577cd1f168bd40ff0ea0c5755b6e8b04a4deb0f77e63,,,,,,,,
promote_2026-04-28T19-35-19Z_5786,2026-04-28T19:35:19Z,sera-923-2012-extracted,separation_minima_8010,sera_separation_minima_family,sera_separation_minima_family,sera-923-2012-extracted::separation_minima_8010::14871d3b19e91d53,sera_8010_c2_notification_to_pilots,d153052debfb337e6c06434a8fd11ff85eccd2277a1efc792fbc0f982652980b,"Details of the selected separation minima and of their areas of application shall be notified to pilots and aircraft operators through aeronautical information publications, where separation is based on the use by aircraft of specified navi",authoritative_requirement,shall,rule,promote,underspecified,false,defensible,false,false,needs_bundle,high,false,pending,pass,pass,0,pass,pass,false,qwen3.6:35b-a3b,qwen3.6:35b-a3b,qwen2.5-coder:32b,qwen3.6:35b-a3b,qwen3.6:35b-a3b,qwen3.6:35b-a3b,24576,3,3,ollama-first-2026-04-28,25de32675884cb3976f22fb28206209e8e72a1db3a6e556bb46490935002b66c,d734d5291933bae15c654b4bbb2c90110fb66bfe6a3cd5cefadd8bb5a974b015,56b69ad27ea3962fdc492e67ea659e0b8a44eaa5352bc3b8f7c4da3124506e7b,1bee78b2e4bc34b3e12fbfdf37f7d0b203fe61917a9f69e67f44e5970998730a,fe5e953572395cceb7f50820650d8bcce531a63d141e83f5e2bce3b21549a534,4c4b709a7a9431b6e6ed604c2e1087aa038624b61fdee9c443713d253c2ecf57,9b7bde1f038dfb0f1d69577cd1f168bd40ff0ea0c5755b6e8b04a4deb0f77e63,,,,,,,,
promote_2026-04-28T19-35-19Z_5786,2026-04-28T19:35:19Z,slovenia-vfr-extracted,readback,slovenia_vfr_readback_family,slovenia_vfr_readback_family,slovenia-vfr-extracted::readback::be884ba067e3c04b,req_mandatory_readback_items,43eda3b83a6cccb60c799f0466c6e57473489b4de8cce5b620efc62846827289,"Messages containing ATC route clearance, clearances/instructions to enter, land on, take-off from, hold short of, cross or backtrack any runway, runway in use, altimeter settings, SSR codes, level or heading instructions, speed instructions",best_practice,shall,rule,promote,supported,true,defensible,true,false,accepted,high,false,pending,fail,fail,1,pass,pass,false,qwen3.6:35b-a3b,qwen3.6:35b-a3b,qwen2.5-coder:32b,qwen3.6:35b-a3b,qwen3.6:35b-a3b,qwen3.6:35b-a3b,24576,3,3,ollama-first-2026-04-28,25de32675884cb3976f22fb28206209e8e72a1db3a6e556bb46490935002b66c,d734d5291933bae15c654b4bbb2c90110fb66bfe6a3cd5cefadd8bb5a974b015,56b69ad27ea3962fdc492e67ea659e0b8a44eaa5352bc3b8f7c4da3124506e7b,1bee78b2e4bc34b3e12fbfdf37f7d0b203fe61917a9f69e67f44e5970998730a,fe5e953572395cceb7f50820650d8bcce531a63d141e83f5e2bce3b21549a534,4c4b709a7a9431b6e6ed604c2e1087aa038624b61fdee9c443713d253c2ecf57,9b7bde1f038dfb0f1d69577cd1f168bd40ff0ea0c5755b6e8b04a4deb0f77e63,,,,,,,,
promote_2026-04-28T19-35-19Z_5786,2026-04-28T19:35:19Z,slovenia-vfr-extracted,readback,slovenia_vfr_readback_family,slovenia_vfr_readback_family,slovenia-vfr-extracted::readback::e13320f1fbb573c1,req_readback_completeness_callsign,38cd1baf7c45e9a5da3de476ab30982b84d47398110c7b6e48963ac222a90f3f,"When a read back is required, the pilot must make sure it is complete and finish it with the call sign.",best_practice,shall,rule,promote,supported,true,defensible,true,false,accepted,high,false,accepted,pass,pass,0,pass,pass,false,qwen3.6:35b-a3b,qwen3.6:35b-a3b,qwen2.5-coder:32b,qwen3.6:35b-a3b,qwen3.6:35b-a3b,qwen3.6:35b-a3b,24576,3,3,ollama-first-2026-04-28,25de32675884cb3976f22fb28206209e8e72a1db3a6e556bb46490935002b66c,d734d5291933bae15c654b4bbb2c90110fb66bfe6a3cd5cefadd8bb5a974b015,56b69ad27ea3962fdc492e67ea659e0b8a44eaa5352bc3b8f7c4da3124506e7b,1bee78b2e4bc34b3e12fbfdf37f7d0b203fe61917a9f69e67f44e5970998730a,fe5e953572395cceb7f50820650d8bcce531a63d141e83f5e2bce3b21549a534,4c4b709a7a9431b6e6ed604c2e1087aa038624b61fdee9c443713d253c2ecf57,9b7bde1f038dfb0f1d69577cd1f168bd40ff0ea0c5755b6e8b04a4deb0f77e63,,,,,,,,
promote_2026-04-28T19-35-19Z_5786,2026-04-28T19:35:19Z,slovenia-vfr-extracted,readback,slovenia_vfr_readback_family,slovenia_vfr_readback_family,slovenia-vfr-extracted::readback::f586b025372a3411,req_wilco_prohibition,308394b55b17cd179d2eddeb94142dfd69a04a19126cc1ba789b0d1479851933,The standard phrase 'WILCO' should not be used instead of a full read back of the items from the previous paragraph.,best_practice,should,phraseology_rule,promote,supported,false,defensible,true,false,accepted,high,false,accepted,pass,pass,0,pass,pass,false,qwen3.6:35b-a3b,qwen3.6:35b-a3b,qwen2.5-coder:32b,qwen3.6:35b-a3b,qwen3.6:35b-a3b,qwen3.6:35b-a3b,24576,3,3,ollama-first-2026-04-28,25de32675884cb3976f22fb28206209e8e72a1db3a6e556bb46490935002b66c,d734d5291933bae15c654b4bbb2c90110fb66bfe6a3cd5cefadd8bb5a974b015,56b69ad27ea3962fdc492e67ea659e0b8a44eaa5352bc3b8f7c4da3124506e7b,1bee78b2e4bc34b3e12fbfdf37f7d0b203fe61917a9f69e67f44e5970998730a,fe5e953572395cceb7f50820650d8bcce531a63d141e83f5e2bce3b21549a534,4c4b709a7a9431b6e6ed604c2e1087aa038624b61fdee9c443713d253c2ecf57,9b7bde1f038dfb0f1d69577cd1f168bd40ff0ea0c5755b6e8b04a4deb0f77e63,,,,,,,,
promote_2026-04-28T19-35-19Z_5786,2026-04-28T19:35:19Z,slovenia-vfr-extracted,readback,slovenia_vfr_readback_family,slovenia_vfr_readback_family,slovenia-vfr-extracted::readback::2397c3fc7f51c903,def_wilco,e90dded619331ecfdb3fc6808d103a7c96eea5d0f32510c3bc887bc62dcfdd8d,'WILCO' means 'I understand your message and will comply with it'.,best_practice,note,definition,support_only,supported,true,defensible,true,false,advisory_only,high,false,pending,fail,fail,1,pass,pass,false,qwen3.6:35b-a3b,qwen3.6:35b-a3b,qwen2.5-coder:32b,qwen3.6:35b-a3b,qwen3.6:35b-a3b,qwen3.6:35b-a3b,24576,3,3,ollama-first-2026-04-28,25de32675884cb3976f22fb28206209e8e72a1db3a6e556bb46490935002b66c,d734d5291933bae15c654b4bbb2c90110fb66bfe6a3cd5cefadd8bb5a974b015,56b69ad27ea3962fdc492e67ea659e0b8a44eaa5352bc3b8f7c4da3124506e7b,1bee78b2e4bc34b3e12fbfdf37f7d0b203fe61917a9f69e67f44e5970998730a,fe5e953572395cceb7f50820650d8bcce531a63d141e83f5e2bce3b21549a534,4c4b709a7a9431b6e6ed604c2e1087aa038624b61fdee9c443713d253c2ecf57,9b7bde1f038dfb0f1d69577cd1f168bd40ff0ea0c5755b6e8b04a4deb0f77e63,,,,,,,,
promote_2026-04-28T19-35-19Z_5786,2026-04-28T19:35:19Z,slovenia-vfr-extracted,readback,slovenia_vfr_readback_family,slovenia_vfr_readback_family,slovenia-vfr-extracted::readback::34951c851cc73e37,req_acknowledgement_non_readback,d16cd5dcfae38cf6779d1cc137a998f0cc8230d0ea4070554105be442ae25b4f,"If a transmission contains information that does not need to be read back, the pilot should acknowledge it by transmitting his call sign or by transmitting his call sign preceded by the word 'ROGER'.",best_practice,should,phraseology_rule,promote,supported,false,defensible,true,false,accepted,high,false,pending,fail,fail,1,pass,pass,false,qwen3.6:35b-a3b,qwen3.6:35b-a3b,qwen2.5-coder:32b,qwen3.6:35b-a3b,qwen3.6:35b-a3b,qwen3.6:35b-a3b,24576,3,3,ollama-first-2026-04-28,25de32675884cb3976f22fb28206209e8e72a1db3a6e556bb46490935002b66c,d734d5291933bae15c654b4bbb2c90110fb66bfe6a3cd5cefadd8bb5a974b015,56b69ad27ea3962fdc492e67ea659e0b8a44eaa5352bc3b8f7c4da3124506e7b,1bee78b2e4bc34b3e12fbfdf37f7d0b203fe61917a9f69e67f44e5970998730a,fe5e953572395cceb7f50820650d8bcce531a63d141e83f5e2bce3b21549a534,4c4b709a7a9431b6e6ed604c2e1087aa038624b61fdee9c443713d253c2ecf57,9b7bde1f038dfb0f1d69577cd1f168bd40ff0ea0c5755b6e8b04a4deb0f77e63,,,,,,,,
promote_2026-04-28T19-35-19Z_5786,2026-04-28T19:35:19Z,slovenia-vfr-extracted,readback,slovenia_vfr_readback_family,slovenia_vfr_readback_family,slovenia-vfr-extracted::readback::a6eb85ecaac0bd8b,req_transmitting_technique,9027a632d27b8ac6626d8dd87ed22c99fdd45df12f05f4856ef0fe3abb0f4587,Transmissions shall be conducted concisely in a normal conversational tone.,best_practice,shall,best_practice,advisory_only,supported,true,defensible,true,false,advisory_only,high,false,pending,pass,pass,0,pass,pass,false,qwen3.6:35b-a3b,qwen3.6:35b-a3b,qwen2.5-coder:32b,qwen3.6:35b-a3b,qwen3.6:35b-a3b,qwen3.6:35b-a3b,24576,3,3,ollama-first-2026-04-28,25de32675884cb3976f22fb28206209e8e72a1db3a6e556bb46490935002b66c,d734d5291933bae15c654b4bbb2c90110fb66bfe6a3cd5cefadd8bb5a974b015,56b69ad27ea3962fdc492e67ea659e0b8a44eaa5352bc3b8f7c4da3124506e7b,1bee78b2e4bc34b3e12fbfdf37f7d0b203fe61917a9f69e67f44e5970998730a,fe5e953572395cceb7f50820650d8bcce531a63d141e83f5e2bce3b21549a534,4c4b709a7a9431b6e6ed604c2e1087aa038624b61fdee9c443713d253c2ecf57,9b7bde1f038dfb0f1d69577cd1f168bd40ff0ea0c5755b6e8b04a4deb0f77e63,,,,,,,,
promote_2026-04-28T19-35-19Z_5786,2026-04-28T19:35:19Z,slovenia-vfr-extracted,readback,slovenia_vfr_readback_family,slovenia_vfr_readback_family,slovenia-vfr-extracted::readback::a55009e7044c1c4b,opt_readback_order,f8ecd3a0fa9bd661dbae320f513a2828535bae8bfe35dda77aab586c41e15f79,It is normally best to read back the items in the order given.,best_practice,should,best_practice,advisory_only,supported,false,defensible,true,false,advisory_only,high,false,pending,pass,pass,0,pass,pass,false,qwen3.6:35b-a3b,qwen3.6:35b-a3b,qwen2.5-coder:32b,qwen3.6:35b-a3b,qwen3.6:35b-a3b,qwen3.6:35b-a3b,24576,3,3,ollama-first-2026-04-28,25de32675884cb3976f22fb28206209e8e72a1db3a6e556bb46490935002b66c,d734d5291933bae15c654b4bbb2c90110fb66bfe6a3cd5cefadd8bb5a974b015,56b69ad27ea3962fdc492e67ea659e0b8a44eaa5352bc3b8f7c4da3124506e7b,1bee78b2e4bc34b3e12fbfdf37f7d0b203fe61917a9f69e67f44e5970998730a,fe5e953572395cceb7f50820650d8bcce531a63d141e83f5e2bce3b21549a534,4c4b709a7a9431b6e6ed604c2e1087aa038624b61fdee9c443713d253c2ecf57,9b7bde1f038dfb0f1d69577cd1f168bd40ff0ea0c5755b6e8b04a4deb0f77e63,,,,,,,,
promote_2026-04-28T19-35-19Z_5786,2026-04-28T19:35:19Z,slovenia-vfr-extracted,readback,slovenia_vfr_readback_family,slovenia_vfr_readback_family,slovenia-vfr-extracted::readback::fd9994dd1fc98ea3,opt_departure_takeoff_order,6232518b73b236b582283d1c063bbb9e0012bbb6da66080fb91055d49c811b86,"If the departure instructions are transmitted together with a take-off clearance, it is more appropriate to read back the take-off clearance first, followed by the departure instructions.",best_practice,should,best_practice,advisory_only,supported,true,defensible,true,false,advisory_only,high,false,pending,fail,fail,1,pass,pass,false,qwen3.6:35b-a3b,qwen3.6:35b-a3b,qwen2.5-coder:32b,qwen3.6:35b-a3b,qwen3.6:35b-a3b,qwen3.6:35b-a3b,24576,3,3,ollama-first-2026-04-28,25de32675884cb3976f22fb28206209e8e72a1db3a6e556bb46490935002b66c,d734d5291933bae15c654b4bbb2c90110fb66bfe6a3cd5cefadd8bb5a974b015,56b69ad27ea3962fdc492e67ea659e0b8a44eaa5352bc3b8f7c4da3124506e7b,1bee78b2e4bc34b3e12fbfdf37f7d0b203fe61917a9f69e67f44e5970998730a,fe5e953572395cceb7f50820650d8bcce531a63d141e83f5e2bce3b21549a534,4c4b709a7a9431b6e6ed604c2e1087aa038624b61fdee9c443713d253c2ecf57,9b7bde1f038dfb0f1d69577cd1f168bd40ff0ea0c5755b6e8b04a4deb0f77e63,,,,,,,,
promote_2026-04-28T19-43-49Z_a0a1,2026-04-28T19:43:49Z,cap413-extracted,readback_2_68_2_71,cap413_readback_family,cap413_readback_family,cap413-extracted::readback_2_68_2_71::6f7c53b154316740,req_route_clearance_readback,c00306496acd7f9f20fca1b5d18be8a81254064fb9f3cc58461a26918f610821,ATC route clearances shall always be read back unless otherwise authorised by the appropriate ATS authority.,authoritative_requirement,shall,rule,promote,supported,false,defensible,true,false,accepted,high,false,accepted,pass,pass,0,pass,pass,false,qwen3.6:35b-a3b,qwen3.6:35b-a3b,qwen2.5-coder:32b,qwen3.6:35b-a3b,qwen3.6:35b-a3b,qwen3.6:35b-a3b,24576,3,3,ollama-first-2026-04-28,25de32675884cb3976f22fb28206209e8e72a1db3a6e556bb46490935002b66c,d734d5291933bae15c654b4bbb2c90110fb66bfe6a3cd5cefadd8bb5a974b015,56b69ad27ea3962fdc492e67ea659e0b8a44eaa5352bc3b8f7c4da3124506e7b,1bee78b2e4bc34b3e12fbfdf37f7d0b203fe61917a9f69e67f44e5970998730a,fe5e953572395cceb7f50820650d8bcce531a63d141e83f5e2bce3b21549a534,4c4b709a7a9431b6e6ed604c2e1087aa038624b61fdee9c443713d253c2ecf57,9b7bde1f038dfb0f1d69577cd1f168bd40ff0ea0c5755b6e8b04a4deb0f77e63,,,,,,,,
promote_2026-04-28T19-43-49Z_a0a1,2026-04-28T19:43:49Z,cap413-extracted,readback_2_68_2_71,cap413_readback_family,cap413_readback_family,cap413-extracted::readback_2_68_2_71::416df194379d4cd4,req_route_clearance_ack,df91175b9f64d7c4cdf5c8d1193b9ca29de215dc2366df59ac1f19ac51d5668c,"If a route clearance is not read back because it is otherwise authorised, it shall be acknowledged in a positive manner.",authoritative_requirement,shall,rule,promote,supported,false,defensible,true,false,accepted,high,false,accepted,pass,pass,0,pass,pass,false,qwen3.6:35b-a3b,qwen3.6:35b-a3b,qwen2.5-coder:32b,qwen3.6:35b-a3b,qwen3.6:35b-a3b,qwen3.6:35b-a3b,24576,3,3,ollama-first-2026-04-28,25de32675884cb3976f22fb28206209e8e72a1db3a6e556bb46490935002b66c,d734d5291933bae15c654b4bbb2c90110fb66bfe6a3cd5cefadd8bb5a974b015,56b69ad27ea3962fdc492e67ea659e0b8a44eaa5352bc3b8f7c4da3124506e7b,1bee78b2e4bc34b3e12fbfdf37f7d0b203fe61917a9f69e67f44e5970998730a,fe5e953572395cceb7f50820650d8bcce531a63d141e83f5e2bce3b21549a534,4c4b709a7a9431b6e6ed604c2e1087aa038624b61fdee9c443713d253c2ecf57,9b7bde1f038dfb0f1d69577cd1f168bd40ff0ea0c5755b6e8b04a4deb0f77e63,,,,,,,,
promote_2026-04-28T19-43-49Z_a0a1,2026-04-28T19:43:49Z,cap413-extracted,readback_2_68_2_71,cap413_readback_family,cap413_readback_family,cap413-extracted::readback_2_68_2_71::90d7228d9f0371b1,req_callsign_in_readback,30dafd56f69d61213036f37b22970aab4d07abbb07a338400d6cca0ed6c13d37,Read backs shall always include the aircraft callsign.,authoritative_requirement,shall,phraseology_rule,promote,supported,false,defensible,true,false,accepted,high,false,accepted,pass,pass,0,pass,pass,false,qwen3.6:35b-a3b,qwen3.6:35b-a3b,qwen2.5-coder:32b,qwen3.6:35b-a3b,qwen3.6:35b-a3b,qwen3.6:35b-a3b,24576,3,3,ollama-first-2026-04-28,25de32675884cb3976f22fb28206209e8e72a1db3a6e556bb46490935002b66c,d734d5291933bae15c654b4bbb2c90110fb66bfe6a3cd5cefadd8bb5a974b015,56b69ad27ea3962fdc492e67ea659e0b8a44eaa5352bc3b8f7c4da3124506e7b,1bee78b2e4bc34b3e12fbfdf37f7d0b203fe61917a9f69e67f44e5970998730a,fe5e953572395cceb7f50820650d8bcce531a63d141e83f5e2bce3b21549a534,4c4b709a7a9431b6e6ed604c2e1087aa038624b61fdee9c443713d253c2ecf57,9b7bde1f038dfb0f1d69577cd1f168bd40ff0ea0c5755b6e8b04a4deb0f77e63,,,,,,,,
promote_2026-04-28T19-43-49Z_a0a1,2026-04-28T19:43:49Z,cap413-extracted,readback_2_68_2_71,cap413_readback_family,cap413_readback_family,cap413-extracted::readback_2_68_2_71::e5e8193a7616edbf,req_full_readback_list,0e8873756f13cbb3039218787b95be35bee0582936efd44855c47244f69372c5,"ATS messages listed in 2.69 (including Taxi/Towing, Level, Heading, Speed, Airways/Route, Approach, Runway-in-Use, Runway entry/land/takeoff/cross/hold, SSR, Altimeter <1000hPa, VDF, Frequency, ATS Service Type, Transition Levels) are to be",authoritative_requirement,shall,rule,promote,supported,true,defensible,true,false,accepted,high,false,accepted,pass,pass,0,pass,pass,false,qwen3.6:35b-a3b,qwen3.6:35b-a3b,qwen2.5-coder:32b,qwen3.6:35b-a3b,qwen3.6:35b-a3b,qwen3.6:35b-a3b,24576,3,3,ollama-first-2026-04-28,25de32675884cb3976f22fb28206209e8e72a1db3a6e556bb46490935002b66c,d734d5291933bae15c654b4bbb2c90110fb66bfe6a3cd5cefadd8bb5a974b015,56b69ad27ea3962fdc492e67ea659e0b8a44eaa5352bc3b8f7c4da3124506e7b,1bee78b2e4bc34b3e12fbfdf37f7d0b203fe61917a9f69e67f44e5970998730a,fe5e953572395cceb7f50820650d8bcce531a63d141e83f5e2bce3b21549a534,4c4b709a7a9431b6e6ed604c2e1087aa038624b61fdee9c443713d253c2ecf57,9b7bde1f038dfb0f1d69577cd1f168bd40ff0ea0c5755b6e8b04a4deb0f77e63,,,,,,,,
promote_2026-04-28T19-43-49Z_a0a1,2026-04-28T19:43:49Z,cap413-extracted,readback_2_68_2_71,cap413_readback_family,cap413_readback_family,cap413-extracted::readback_2_68_2_71::5be7cfa8ac79626b,req_readback_missing,8735570ffeefbf2da75e47b7c989b9d3520525dadb7f18eda3f09c6b1baa9867,"If a readback is not received for a required message, the pilot/driver will be asked to do so.",operational_guidance,shall,workflow_constraint,promote,supported,true,defensible,true,false,needs_human_review,medium,false,pending,pass,pass,0,pass,pass,false,qwen3.6:35b-a3b,qwen3.6:35b-a3b,qwen2.5-coder:32b,qwen3.6:35b-a3b,qwen3.6:35b-a3b,qwen3.6:35b-a3b,24576,3,3,ollama-first-2026-04-28,25de32675884cb3976f22fb28206209e8e72a1db3a6e556bb46490935002b66c,d734d5291933bae15c654b4bbb2c90110fb66bfe6a3cd5cefadd8bb5a974b015,56b69ad27ea3962fdc492e67ea659e0b8a44eaa5352bc3b8f7c4da3124506e7b,1bee78b2e4bc34b3e12fbfdf37f7d0b203fe61917a9f69e67f44e5970998730a,fe5e953572395cceb7f50820650d8bcce531a63d141e83f5e2bce3b21549a534,4c4b709a7a9431b6e6ed604c2e1087aa038624b61fdee9c443713d253c2ecf57,9b7bde1f038dfb0f1d69577cd1f168bd40ff0ea0c5755b6e8b04a4deb0f77e63,,,,,,,,
promote_2026-04-28T19-43-49Z_a0a1,2026-04-28T19:43:49Z,cap413-extracted,readback_2_68_2_71,cap413_readback_family,cap413_readback_family,cap413-extracted::readback_2_68_2_71::66f9e846fad0b3f3,req_request_repetition,b8f225db92740c8ed18349fef8857a81c23f115e4773a8a62f497677066757dc,The pilot/driver is expected to request that instructions are repeated or clarified if any are not fully understood.,operational_guidance,should,best_practice,advisory_only,supported,false,defensible,true,false,advisory_only,high,false,pending,pass,pass,0,pass,pass,false,qwen3.6:35b-a3b,qwen3.6:35b-a3b,qwen2.5-coder:32b,qwen3.6:35b-a3b,qwen3.6:35b-a3b,qwen3.6:35b-a3b,24576,3,3,ollama-first-2026-04-28,25de32675884cb3976f22fb28206209e8e72a1db3a6e556bb46490935002b66c,d734d5291933bae15c654b4bbb2c90110fb66bfe6a3cd5cefadd8bb5a974b015,56b69ad27ea3962fdc492e67ea659e0b8a44eaa5352bc3b8f7c4da3124506e7b,1bee78b2e4bc34b3e12fbfdf37f7d0b203fe61917a9f69e67f44e5970998730a,fe5e953572395cceb7f50820650d8bcce531a63d141e83f5e2bce3b21549a534,4c4b709a7a9431b6e6ed604c2e1087aa038624b61fdee9c443713d253c2ecf57,9b7bde1f038dfb0f1d69577cd1f168bd40ff0ea0c5755b6e8b04a4deb0f77e63,,,,,,,,
promote_2026-04-28T19-43-49Z_a0a1,2026-04-28T19:43:49Z,cap413-extracted,readback_2_68_2_71,cap413_readback_family,cap413_readback_family,cap413-extracted::readback_2_68_2_71::77defe5f0684579f,req_abbreviated_readback,dbacd334b7be3d3820bc5df9100918890cc8dc133637c35e434f7ac0572a6a9f,Items which do not appear in the list in 2.69 may be acknowledged with an abbreviated read back.,operational_guidance,may,rule,promote,supported,false,defensible,true,false,accepted,high,false,accepted,pass,pass,0,pass,pass,false,qwen3.6:35b-a3b,qwen3.6:35b-a3b,qwen2.5-coder:32b,qwen3.6:35b-a3b,qwen3.6:35b-a3b,qwen3.6:35b-a3b,24576,3,3,ollama-first-2026-04-28,25de32675884cb3976f22fb28206209e8e72a1db3a6e556bb46490935002b66c,d734d5291933bae15c654b4bbb2c90110fb66bfe6a3cd5cefadd8bb5a974b015,56b69ad27ea3962fdc492e67ea659e0b8a44eaa5352bc3b8f7c4da3124506e7b,1bee78b2e4bc34b3e12fbfdf37f7d0b203fe61917a9f69e67f44e5970998730a,fe5e953572395cceb7f50820650d8bcce531a63d141e83f5e2bce3b21549a534,4c4b709a7a9431b6e6ed604c2e1087aa038624b61fdee9c443713d253c2ecf57,9b7bde1f038dfb0f1d69577cd1f168bd40ff0ea0c5755b6e8b04a4deb0f77e63,,,,,,,,
promote_2026-04-28T19-43-49Z_a0a1,2026-04-28T19:43:49Z,cap413-extracted,readback_2_68_2_71,cap413_readback_family,cap413_readback_family,cap413-extracted::readback_2_68_2_71::07c68d8e755e5c46,req_negative_correction,bb9de8db761cc24f7bc1f8b7c220a32fb248cb0e46874a41101e82ffe22814aa,"If an aircraft read back of a clearance or instruction is incorrect, the controller shall transmit the word 'NEGATIVE' followed by the correct version.",authoritative_requirement,shall,phraseology_rule,promote,supported,false,defensible,true,false,accepted,high,false,accepted,pass,pass,0,pass,pass,false,qwen3.6:35b-a3b,qwen3.6:35b-a3b,qwen2.5-coder:32b,qwen3.6:35b-a3b,qwen3.6:35b-a3b,qwen3.6:35b-a3b,24576,3,3,ollama-first-2026-04-28,25de32675884cb3976f22fb28206209e8e72a1db3a6e556bb46490935002b66c,d734d5291933bae15c654b4bbb2c90110fb66bfe6a3cd5cefadd8bb5a974b015,56b69ad27ea3962fdc492e67ea659e0b8a44eaa5352bc3b8f7c4da3124506e7b,1bee78b2e4bc34b3e12fbfdf37f7d0b203fe61917a9f69e67f44e5970998730a,fe5e953572395cceb7f50820650d8bcce531a63d141e83f5e2bce3b21549a534,4c4b709a7a9431b6e6ed604c2e1087aa038624b61fdee9c443713d253c2ecf57,9b7bde1f038dfb0f1d69577cd1f168bd40ff0ea0c5755b6e8b04a4deb0f77e63,,,,,,,,
promote_2026-04-28T19-43-49Z_a0a1,2026-04-28T19:43:49Z,egast-vfr-extracted,readback_advisory,egast_vfr_readback_family,egast_vfr_readback_family,egast-vfr-extracted::readback_advisory::4c550f13299b2142,req_readback_runway,7a06f37e85ef91b08be4858785a7d04cd4b8eecf47f7a6ed53293cf76b083cf7,"Messages containing clearances/instructions to enter, land on, take-off from, hold short of, cross or backtrack any runway must be read back.",best_practice,shall,rule,promote,supported,true,defensible,true,false,accepted,high,false,accepted,pass,pass,0,pass,pass,false,qwen3.6:35b-a3b,qwen3.6:35b-a3b,qwen2.5-coder:32b,qwen3.6:35b-a3b,qwen3.6:35b-a3b,qwen3.6:35b-a3b,24576,3,3,ollama-first-2026-04-28,25de32675884cb3976f22fb28206209e8e72a1db3a6e556bb46490935002b66c,d734d5291933bae15c654b4bbb2c90110fb66bfe6a3cd5cefadd8bb5a974b015,56b69ad27ea3962fdc492e67ea659e0b8a44eaa5352bc3b8f7c4da3124506e7b,1bee78b2e4bc34b3e12fbfdf37f7d0b203fe61917a9f69e67f44e5970998730a,fe5e953572395cceb7f50820650d8bcce531a63d141e83f5e2bce3b21549a534,4c4b709a7a9431b6e6ed604c2e1087aa038624b61fdee9c443713d253c2ecf57,9b7bde1f038dfb0f1d69577cd1f168bd40ff0ea0c5755b6e8b04a4deb0f77e63,,,,,,,,
promote_2026-04-28T19-43-49Z_a0a1,2026-04-28T19:43:49Z,egast-vfr-extracted,readback_advisory,egast_vfr_readback_family,egast_vfr_readback_family,egast-vfr-extracted::readback_advisory::987300b2eaab8d13,req_readback_runway_in_use,e67b7aef3c542597dfc329065a61b8317f4e8ae77a45020de4ade2d64fecd59a,Messages containing the runway in use must be read back.,best_practice,shall,rule,promote,supported,true,defensible,true,false,accepted,high,false,accepted,pass,pass,0,pass,pass,false,qwen3.6:35b-a3b,qwen3.6:35b-a3b,qwen2.5-coder:32b,qwen3.6:35b-a3b,qwen3.6:35b-a3b,qwen3.6:35b-a3b,24576,3,3,ollama-first-2026-04-28,25de32675884cb3976f22fb28206209e8e72a1db3a6e556bb46490935002b66c,d734d5291933bae15c654b4bbb2c90110fb66bfe6a3cd5cefadd8bb5a974b015,56b69ad27ea3962fdc492e67ea659e0b8a44eaa5352bc3b8f7c4da3124506e7b,1bee78b2e4bc34b3e12fbfdf37f7d0b203fe61917a9f69e67f44e5970998730a,fe5e953572395cceb7f50820650d8bcce531a63d141e83f5e2bce3b21549a534,4c4b709a7a9431b6e6ed604c2e1087aa038624b61fdee9c443713d253c2ecf57,9b7bde1f038dfb0f1d69577cd1f168bd40ff0ea0c5755b6e8b04a4deb0f77e63,,,,,,,,
promote_2026-04-28T19-43-49Z_a0a1,2026-04-28T19:43:49Z,egast-vfr-extracted,readback_advisory,egast_vfr_readback_family,egast_vfr_readback_family,egast-vfr-extracted::readback_advisory::5faf696eefce9006,req_readback_altimeter,96aa6cda9f0440f0fda94852e1712750feae34d54a24797147e64c9173d02970,Messages containing altimeter settings must be read back.,best_practice,shall,rule,promote,supported,true,defensible,true,false,accepted,high,false,accepted,pass,pass,0,pass,pass,false,qwen3.6:35b-a3b,qwen3.6:35b-a3b,qwen2.5-coder:32b,qwen3.6:35b-a3b,qwen3.6:35b-a3b,qwen3.6:35b-a3b,24576,3,3,ollama-first-2026-04-28,25de32675884cb3976f22fb28206209e8e72a1db3a6e556bb46490935002b66c,d734d5291933bae15c654b4bbb2c90110fb66bfe6a3cd5cefadd8bb5a974b015,56b69ad27ea3962fdc492e67ea659e0b8a44eaa5352bc3b8f7c4da3124506e7b,1bee78b2e4bc34b3e12fbfdf37f7d0b203fe61917a9f69e67f44e5970998730a,fe5e953572395cceb7f50820650d8bcce531a63d141e83f5e2bce3b21549a534,4c4b709a7a9431b6e6ed604c2e1087aa038624b61fdee9c443713d253c2ecf57,9b7bde1f038dfb0f1d69577cd1f168bd40ff0ea0c5755b6e8b04a4deb0f77e63,,,,,,,,
promote_2026-04-28T19-43-49Z_a0a1,2026-04-28T19:43:49Z,egast-vfr-extracted,readback_advisory,egast_vfr_readback_family,egast_vfr_readback_family,egast-vfr-extracted::readback_advisory::fa15744547eaf342,req_readback_ssr,292e432b4b0ddf4fbcfc02d3691c9ea63105b723620310e9f130ec01698c5e0a,Messages containing SSR codes must be read back.,best_practice,shall,rule,promote,supported,true,defensible,true,false,accepted,high,false,accepted,pass,pass,0,pass,pass,false,qwen3.6:35b-a3b,qwen3.6:35b-a3b,qwen2.5-coder:32b,qwen3.6:35b-a3b,qwen3.6:35b-a3b,qwen3.6:35b-a3b,24576,3,3,ollama-first-2026-04-28,25de32675884cb3976f22fb28206209e8e72a1db3a6e556bb46490935002b66c,d734d5291933bae15c654b4bbb2c90110fb66bfe6a3cd5cefadd8bb5a974b015,56b69ad27ea3962fdc492e67ea659e0b8a44eaa5352bc3b8f7c4da3124506e7b,1bee78b2e4bc34b3e12fbfdf37f7d0b203fe61917a9f69e67f44e5970998730a,fe5e953572395cceb7f50820650d8bcce531a63d141e83f5e2bce3b21549a534,4c4b709a7a9431b6e6ed604c2e1087aa038624b61fdee9c443713d253c2ecf57,9b7bde1f038dfb0f1d69577cd1f168bd40ff0ea0c5755b6e8b04a4deb0f77e63,,,,,,,,
promote_2026-04-28T19-43-49Z_a0a1,2026-04-28T19:43:49Z,egast-vfr-extracted,readback_advisory,egast_vfr_readback_family,egast_vfr_readback_family,egast-vfr-extracted::readback_advisory::b3c3324d8aecf8df,req_readback_level_heading,723b700faf8e7785cd30f1371d897fff3be4d4e87e9aab1c74df827063dcaa5f,Messages containing level or heading instructions must be read back.,best_practice,shall,rule,promote,supported,true,defensible,true,false,accepted,high,false,accepted,pass,pass,0,pass,pass,false,qwen3.6:35b-a3b,qwen3.6:35b-a3b,qwen2.5-coder:32b,qwen3.6:35b-a3b,qwen3.6:35b-a3b,qwen3.6:35b-a3b,24576,3,3,ollama-first-2026-04-28,25de32675884cb3976f22fb28206209e8e72a1db3a6e556bb46490935002b66c,d734d5291933bae15c654b4bbb2c90110fb66bfe6a3cd5cefadd8bb5a974b015,56b69ad27ea3962fdc492e67ea659e0b8a44eaa5352bc3b8f7c4da3124506e7b,1bee78b2e4bc34b3e12fbfdf37f7d0b203fe61917a9f69e67f44e5970998730a,fe5e953572395cceb7f50820650d8bcce531a63d141e83f5e2bce3b21549a534,4c4b709a7a9431b6e6ed604c2e1087aa038624b61fdee9c443713d253c2ecf57,9b7bde1f038dfb0f1d69577cd1f168bd40ff0ea0c5755b6e8b04a4deb0f77e63,,,,,,,,
promote_2026-04-28T19-43-49Z_a0a1,2026-04-28T19:43:49Z,egast-vfr-extracted,readback_advisory,egast_vfr_readback_family,egast_vfr_readback_family,egast-vfr-extracted::readback_advisory::774c1fdb78d8d6f4,req_readback_speed,402f646fc25607afb571ceb785716c43a8dda5d7bf91d556e61c4abb1429a378,Messages containing speed instructions must be read back.,best_practice,shall,rule,promote,supported,true,defensible,true,false,accepted,high,false,accepted,pass,pass,0,pass,pass,false,qwen3.6:35b-a3b,qwen3.6:35b-a3b,qwen2.5-coder:32b,qwen3.6:35b-a3b,qwen3.6:35b-a3b,qwen3.6:35b-a3b,24576,3,3,ollama-first-2026-04-28,25de32675884cb3976f22fb28206209e8e72a1db3a6e556bb46490935002b66c,d734d5291933bae15c654b4bbb2c90110fb66bfe6a3cd5cefadd8bb5a974b015,56b69ad27ea3962fdc492e67ea659e0b8a44eaa5352bc3b8f7c4da3124506e7b,1bee78b2e4bc34b3e12fbfdf37f7d0b203fe61917a9f69e67f44e5970998730a,fe5e953572395cceb7f50820650d8bcce531a63d141e83f5e2bce3b21549a534,4c4b709a7a9431b6e6ed604c2e1087aa038624b61fdee9c443713d253c2ecf57,9b7bde1f038dfb0f1d69577cd1f168bd40ff0ea0c5755b6e8b04a4deb0f77e63,,,,,,,,
promote_2026-04-28T19-43-49Z_a0a1,2026-04-28T19:43:49Z,egast-vfr-extracted,readback_advisory,egast_vfr_readback_family,egast_vfr_readback_family,egast-vfr-extracted::readback_advisory::612775fd37fd5576,req_readback_transition,5bb501737ee07a9e890f50a99fb2aa3a5867ebc95c431b6bd286bbe6e940b0d8,Messages containing transition levels must be read back.,best_practice,shall,rule,promote,supported,true,defensible,true,false,accepted,high,false,accepted,pass,pass,0,pass,pass,false,qwen3.6:35b-a3b,qwen3.6:35b-a3b,qwen2.5-coder:32b,qwen3.6:35b-a3b,qwen3.6:35b-a3b,qwen3.6:35b-a3b,24576,3,3,ollama-first-2026-04-28,25de32675884cb3976f22fb28206209e8e72a1db3a6e556bb46490935002b66c,d734d5291933bae15c654b4bbb2c90110fb66bfe6a3cd5cefadd8bb5a974b015,56b69ad27ea3962fdc492e67ea659e0b8a44eaa5352bc3b8f7c4da3124506e7b,1bee78b2e4bc34b3e12fbfdf37f7d0b203fe61917a9f69e67f44e5970998730a,fe5e953572395cceb7f50820650d8bcce531a63d141e83f5e2bce3b21549a534,4c4b709a7a9431b6e6ed604c2e1087aa038624b61fdee9c443713d253c2ecf57,9b7bde1f038dfb0f1d69577cd1f168bd40ff0ea0c5755b6e8b04a4deb0f77e63,,,,,,,,
promote_2026-04-28T19-43-49Z_a0a1,2026-04-28T19:43:49Z,egast-vfr-extracted,readback_advisory,egast_vfr_readback_family,egast_vfr_readback_family,egast-vfr-extracted::readback_advisory::88d9700208363bf5,req_readback_route,bf8906111a0aa5df7ce0cdc7ea489802344171ed2157a9934e1e7dbb9325dcb7,Messages containing ATC route clearance must be read back.,best_practice,shall,rule,promote,supported,true,defensible,true,false,accepted,high,false,accepted,pass,pass,0,pass,pass,false,qwen3.6:35b-a3b,qwen3.6:35b-a3b,qwen2.5-coder:32b,qwen3.6:35b-a3b,qwen3.6:35b-a3b,qwen3.6:35b-a3b,24576,3,3,ollama-first-2026-04-28,25de32675884cb3976f22fb28206209e8e72a1db3a6e556bb46490935002b66c,d734d5291933bae15c654b4bbb2c90110fb66bfe6a3cd5cefadd8bb5a974b015,56b69ad27ea3962fdc492e67ea659e0b8a44eaa5352bc3b8f7c4da3124506e7b,1bee78b2e4bc34b3e12fbfdf37f7d0b203fe61917a9f69e67f44e5970998730a,fe5e953572395cceb7f50820650d8bcce531a63d141e83f5e2bce3b21549a534,4c4b709a7a9431b6e6ed604c2e1087aa038624b61fdee9c443713d253c2ecf57,9b7bde1f038dfb0f1d69577cd1f168bd40ff0ea0c5755b6e8b04a4deb0f77e63,,,,,,,,
promote_2026-04-28T19-43-49Z_a0a1,2026-04-28T19:43:49Z,egast-vfr-extracted,readback_advisory,egast_vfr_readback_family,egast_vfr_readback_family,egast-vfr-extracted::readback_advisory::ea54527cb9d9e0fa,req_ack_callsign,17e23ea6b1c1d205f14a45d3cdbda90dea3c1ddf11964c8d18fb0ccc4ade5983,"If a transmission contains information that does not need to be read back, you should acknowledge by transmitting your callsign.",best_practice,should,phraseology_rule,promote,supported,false,defensible,true,false,accepted,medium,true,accepted,pass,pass,0,pass,pass,false,qwen3.6:35b-a3b,qwen3.6:35b-a3b,qwen2.5-coder:32b,qwen3.6:35b-a3b,qwen3.6:35b-a3b,qwen3.6:35b-a3b,24576,3,3,ollama-first-2026-04-28,25de32675884cb3976f22fb28206209e8e72a1db3a6e556bb46490935002b66c,d734d5291933bae15c654b4bbb2c90110fb66bfe6a3cd5cefadd8bb5a974b015,56b69ad27ea3962fdc492e67ea659e0b8a44eaa5352bc3b8f7c4da3124506e7b,1bee78b2e4bc34b3e12fbfdf37f7d0b203fe61917a9f69e67f44e5970998730a,fe5e953572395cceb7f50820650d8bcce531a63d141e83f5e2bce3b21549a534,4c4b709a7a9431b6e6ed604c2e1087aa038624b61fdee9c443713d253c2ecf57,9b7bde1f038dfb0f1d69577cd1f168bd40ff0ea0c5755b6e8b04a4deb0f77e63,,,,,,,,
promote_2026-04-28T19-43-49Z_a0a1,2026-04-28T19:43:49Z,egast-vfr-extracted,readback_advisory,egast_vfr_readback_family,egast_vfr_readback_family,egast-vfr-extracted::readback_advisory::1219ed8ddedc98c5,req_wilco_definition,29d3a05feab708131ee85b0715ae7d6f6fefdcfa79a80d197a84843303138a95,‘Wilco’ means ‘I understand your message and will comply’. It should not be used in place of a full read back of the items on page 10.,best_practice,shall,phraseology_rule,promote,supported,true,defensible,true,false,accepted,medium,true,accepted,pass,pass,0,pass,pass,false,qwen3.6:35b-a3b,qwen3.6:35b-a3b,qwen2.5-coder:32b,qwen3.6:35b-a3b,qwen3.6:35b-a3b,qwen3.6:35b-a3b,24576,3,3,ollama-first-2026-04-28,25de32675884cb3976f22fb28206209e8e72a1db3a6e556bb46490935002b66c,d734d5291933bae15c654b4bbb2c90110fb66bfe6a3cd5cefadd8bb5a974b015,56b69ad27ea3962fdc492e67ea659e0b8a44eaa5352bc3b8f7c4da3124506e7b,1bee78b2e4bc34b3e12fbfdf37f7d0b203fe61917a9f69e67f44e5970998730a,fe5e953572395cceb7f50820650d8bcce531a63d141e83f5e2bce3b21549a534,4c4b709a7a9431b6e6ed604c2e1087aa038624b61fdee9c443713d253c2ecf57,9b7bde1f038dfb0f1d69577cd1f168bd40ff0ea0c5755b6e8b04a4deb0f77e63,,,,,,,,
promote_2026-04-28T19-43-49Z_a0a1,2026-04-28T19:43:49Z,egast-vfr-extracted,readback_advisory,egast_vfr_readback_family,egast_vfr_readback_family,egast-vfr-extracted::readback_advisory::1576d7c0cb75108a,req_readback_complete,4391e7ad2afdc1773709151fe8eae1f414d05ff3b996a03d00a5304b5a39ed5b,When a read back is required you must ensure it is complete and follow it with your callsign.,best_practice,shall,rule,promote,supported,true,defensible,true,false,accepted,high,false,accepted,pass,pass,0,pass,pass,false,qwen3.6:35b-a3b,qwen3.6:35b-a3b,qwen2.5-coder:32b,qwen3.6:35b-a3b,qwen3.6:35b-a3b,qwen3.6:35b-a3b,24576,3,3,ollama-first-2026-04-28,25de32675884cb3976f22fb28206209e8e72a1db3a6e556bb46490935002b66c,d734d5291933bae15c654b4bbb2c90110fb66bfe6a3cd5cefadd8bb5a974b015,56b69ad27ea3962fdc492e67ea659e0b8a44eaa5352bc3b8f7c4da3124506e7b,1bee78b2e4bc34b3e12fbfdf37f7d0b203fe61917a9f69e67f44e5970998730a,fe5e953572395cceb7f50820650d8bcce531a63d141e83f5e2bce3b21549a534,4c4b709a7a9431b6e6ed604c2e1087aa038624b61fdee9c443713d253c2ecf57,9b7bde1f038dfb0f1d69577cd1f168bd40ff0ea0c5755b6e8b04a4deb0f77e63,,,,,,,,
promote_2026-04-28T19-43-49Z_a0a1,2026-04-28T19:43:49Z,egast-vfr-extracted,readback_advisory,egast_vfr_readback_family,egast_vfr_readback_family,egast-vfr-extracted::readback_advisory::60929bb516ae7098,req_readback_order,f8ecd3a0fa9bd661dbae320f513a2828535bae8bfe35dda77aab586c41e15f79,It is normally best to read back the items in the order given.,best_practice,should,best_practice,advisory_only,supported,true,defensible,true,false,advisory_only,high,false,pending,pass,pass,0,pass,pass,false,qwen3.6:35b-a3b,qwen3.6:35b-a3b,qwen2.5-coder:32b,qwen3.6:35b-a3b,qwen3.6:35b-a3b,qwen3.6:35b-a3b,24576,3,3,ollama-first-2026-04-28,25de32675884cb3976f22fb28206209e8e72a1db3a6e556bb46490935002b66c,d734d5291933bae15c654b4bbb2c90110fb66bfe6a3cd5cefadd8bb5a974b015,56b69ad27ea3962fdc492e67ea659e0b8a44eaa5352bc3b8f7c4da3124506e7b,1bee78b2e4bc34b3e12fbfdf37f7d0b203fe61917a9f69e67f44e5970998730a,fe5e953572395cceb7f50820650d8bcce531a63d141e83f5e2bce3b21549a534,4c4b709a7a9431b6e6ed604c2e1087aa038624b61fdee9c443713d253c2ecf57,9b7bde1f038dfb0f1d69577cd1f168bd40ff0ea0c5755b6e8b04a4deb0f77e63,,,,,,,,
promote_2026-04-28T19-43-49Z_a0a1,2026-04-28T19:43:49Z,egast-vfr-extracted,readback_advisory,egast_vfr_readback_family,egast_vfr_readback_family,egast-vfr-extracted::readback_advisory::2a5d4629a99284e3,req_request_clarification,2de1330a968df03cd139e2cec9a47401dd142b722feb560c0d01e5bb91fc3ee8,If in any doubt you must request clarification.,best_practice,shall,rule,promote,supported,true,defensible,true,false,needs_human_review,medium,false,pending,pass,pass,0,pass,pass,false,qwen3.6:35b-a3b,qwen3.6:35b-a3b,qwen2.5-coder:32b,qwen3.6:35b-a3b,qwen3.6:35b-a3b,qwen3.6:35b-a3b,24576,3,3,ollama-first-2026-04-28,25de32675884cb3976f22fb28206209e8e72a1db3a6e556bb46490935002b66c,d734d5291933bae15c654b4bbb2c90110fb66bfe6a3cd5cefadd8bb5a974b015,56b69ad27ea3962fdc492e67ea659e0b8a44eaa5352bc3b8f7c4da3124506e7b,1bee78b2e4bc34b3e12fbfdf37f7d0b203fe61917a9f69e67f44e5970998730a,fe5e953572395cceb7f50820650d8bcce531a63d141e83f5e2bce3b21549a534,4c4b709a7a9431b6e6ed604c2e1087aa038624b61fdee9c443713d253c2ecf57,9b7bde1f038dfb0f1d69577cd1f168bd40ff0ea0c5755b6e8b04a4deb0f77e63,,,,,,,,
promote_2026-04-28T19-43-49Z_a0a1,2026-04-28T19:43:49Z,egast-vfr-extracted,readback_advisory,egast_vfr_readback_family,egast_vfr_readback_family,egast-vfr-extracted::readback_advisory::2c0a6da5b0abc95f,sup_readback_benefit,b511a66f1c5e06961312bc1f1166a8077e6369aa6a65a14f178566e350d80579,Reading back a clearance and any safety critical information helps both the pilot and the controller understand what the aircraft has been instructed to do.,best_practice,note,best_practice,support_only,supported,true,defensible,true,false,advisory_only,high,false,pending,pass,pass,0,pass,pass,false,qwen3.6:35b-a3b,qwen3.6:35b-a3b,qwen2.5-coder:32b,qwen3.6:35b-a3b,qwen3.6:35b-a3b,qwen3.6:35b-a3b,24576,3,3,ollama-first-2026-04-28,25de32675884cb3976f22fb28206209e8e72a1db3a6e556bb46490935002b66c,d734d5291933bae15c654b4bbb2c90110fb66bfe6a3cd5cefadd8bb5a974b015,56b69ad27ea3962fdc492e67ea659e0b8a44eaa5352bc3b8f7c4da3124506e7b,1bee78b2e4bc34b3e12fbfdf37f7d0b203fe61917a9f69e67f44e5970998730a,fe5e953572395cceb7f50820650d8bcce531a63d141e83f5e2bce3b21549a534,4c4b709a7a9431b6e6ed604c2e1087aa038624b61fdee9c443713d253c2ecf57,9b7bde1f038dfb0f1d69577cd1f168bd40ff0ea0c5755b6e8b04a4deb0f77e63,,,,,,,,
promote_2026-04-28T19-43-49Z_a0a1,2026-04-28T19:43:49Z,h01-extracted,acknowledgement_3_8_1,h01_readback_family,h01_readback_family,h01-extracted::acknowledgement_3_8_1::9f7c6e8ae357bb62,ack_aircraft_call_sign,9afa15d8e1598bd5013deb261d55ad7d07c0da5e6dcc990b1c11eba1ffd74454,"When transmitted by an aircraft, the acknowledgement of receipt of a message shall comprise the call sign of that aircraft.",authoritative_requirement,shall,phraseology_rule,promote,supported,false,defensible,true,false,accepted,high,false,accepted,pass,pass,0,pass,pass,false,qwen3.6:35b-a3b,qwen3.6:35b-a3b,qwen2.5-coder:32b,qwen3.6:35b-a3b,qwen3.6:35b-a3b,qwen3.6:35b-a3b,24576,3,3,ollama-first-2026-04-28,25de32675884cb3976f22fb28206209e8e72a1db3a6e556bb46490935002b66c,d734d5291933bae15c654b4bbb2c90110fb66bfe6a3cd5cefadd8bb5a974b015,56b69ad27ea3962fdc492e67ea659e0b8a44eaa5352bc3b8f7c4da3124506e7b,1bee78b2e4bc34b3e12fbfdf37f7d0b203fe61917a9f69e67f44e5970998730a,fe5e953572395cceb7f50820650d8bcce531a63d141e83f5e2bce3b21549a534,4c4b709a7a9431b6e6ed604c2e1087aa038624b61fdee9c443713d253c2ecf57,9b7bde1f038dfb0f1d69577cd1f168bd40ff0ea0c5755b6e8b04a4deb0f77e63,,,,,,,,
promote_2026-04-28T19-43-49Z_a0a1,2026-04-28T19:43:49Z,h01-extracted,acknowledgement_3_8_1,h01_readback_family,h01_readback_family,h01-extracted::acknowledgement_3_8_1::84ba9adfad38e69f,ack_ats_unit_call_sign,f148ad2b0dbcb8e5d5b923b67423eb45e5fbf16321eb87f5ca50d665d46de1ff,"When acknowledgement of receipt is transmitted by an ATS unit to an aircraft, it shall comprise the call sign of the aircraft, followed if considered necessary, by the call sign of the ATS unit.",authoritative_requirement,shall,phraseology_rule,promote,supported,false,defensible,true,false,accepted,high,false,accepted,pass,pass,0,pass,pass,false,qwen3.6:35b-a3b,qwen3.6:35b-a3b,qwen2.5-coder:32b,qwen3.6:35b-a3b,qwen3.6:35b-a3b,qwen3.6:35b-a3b,24576,3,3,ollama-first-2026-04-28,25de32675884cb3976f22fb28206209e8e72a1db3a6e556bb46490935002b66c,d734d5291933bae15c654b4bbb2c90110fb66bfe6a3cd5cefadd8bb5a974b015,56b69ad27ea3962fdc492e67ea659e0b8a44eaa5352bc3b8f7c4da3124506e7b,1bee78b2e4bc34b3e12fbfdf37f7d0b203fe61917a9f69e67f44e5970998730a,fe5e953572395cceb7f50820650d8bcce531a63d141e83f5e2bce3b21549a534,4c4b709a7a9431b6e6ed604c2e1087aa038624b61fdee9c443713d253c2ecf57,9b7bde1f038dfb0f1d69577cd1f168bd40ff0ea0c5755b6e8b04a4deb0f77e63,,,,,,,,
promote_2026-04-28T19-43-49Z_a0a1,2026-04-28T19:43:49Z,h01-extracted,acknowledgement_3_8_1,h01_readback_family,h01_readback_family,h01-extracted::acknowledgement_3_8_1::647df1446645072b,crew_readback_safety_parts,3a423fb6e2165037af823b6224bdda2c933a485c8c562b5b8bbe95dbe0ca7629,The flight crew shall read back to the air traffic controller safety-related parts of ATC clearances and instructions which are transmitted by voice.,authoritative_requirement,shall,rule,promote,underspecified,false,defensible,false,false,needs_bundle,high,false,pending,pass,pass,0,pass,pass,false,qwen3.6:35b-a3b,qwen3.6:35b-a3b,qwen2.5-coder:32b,qwen3.6:35b-a3b,qwen3.6:35b-a3b,qwen3.6:35b-a3b,24576,3,3,ollama-first-2026-04-28,25de32675884cb3976f22fb28206209e8e72a1db3a6e556bb46490935002b66c,d734d5291933bae15c654b4bbb2c90110fb66bfe6a3cd5cefadd8bb5a974b015,56b69ad27ea3962fdc492e67ea659e0b8a44eaa5352bc3b8f7c4da3124506e7b,1bee78b2e4bc34b3e12fbfdf37f7d0b203fe61917a9f69e67f44e5970998730a,fe5e953572395cceb7f50820650d8bcce531a63d141e83f5e2bce3b21549a534,4c4b709a7a9431b6e6ed604c2e1087aa038624b61fdee9c443713d253c2ecf57,9b7bde1f038dfb0f1d69577cd1f168bd40ff0ea0c5755b6e8b04a4deb0f77e63,,,,,,,,
promote_2026-04-28T19-43-49Z_a0a1,2026-04-28T19:43:49Z,h01-extracted,acknowledgement_3_8_1,h01_readback_family,h01_readback_family,h01-extracted::acknowledgement_3_8_1::ae6bef87f80a813a,readback_atc_route_clearances,99aa8c31269fd4b5b5f5b7ad90b1336bfa1ab8953b5d948b913bd1f04e45a75c,ATC route clearances shall always be read back.,authoritative_requirement,shall,rule,promote,supported,true,defensible,true,false,accepted,high,false,accepted,pass,pass,0,pass,pass,false,qwen3.6:35b-a3b,qwen3.6:35b-a3b,qwen2.5-coder:32b,qwen3.6:35b-a3b,qwen3.6:35b-a3b,qwen3.6:35b-a3b,24576,3,3,ollama-first-2026-04-28,25de32675884cb3976f22fb28206209e8e72a1db3a6e556bb46490935002b66c,d734d5291933bae15c654b4bbb2c90110fb66bfe6a3cd5cefadd8bb5a974b015,56b69ad27ea3962fdc492e67ea659e0b8a44eaa5352bc3b8f7c4da3124506e7b,1bee78b2e4bc34b3e12fbfdf37f7d0b203fe61917a9f69e67f44e5970998730a,fe5e953572395cceb7f50820650d8bcce531a63d141e83f5e2bce3b21549a534,4c4b709a7a9431b6e6ed604c2e1087aa038624b61fdee9c443713d253c2ecf57,9b7bde1f038dfb0f1d69577cd1f168bd40ff0ea0c5755b6e8b04a4deb0f77e63,,,,,,,,
promote_2026-04-28T19-43-49Z_a0a1,2026-04-28T19:43:49Z,h01-extracted,acknowledgement_3_8_1,h01_readback_family,h01_readback_family,h01-extracted::acknowledgement_3_8_1::1ba408f68e9b501d,readback_runway_clearances,227d69c2de1b337d9d9dd6ac6f9b2f0558a3f81d64626a826210885e20041db8,"Clearances and instructions to enter, land on, take off from, hold short of, cross, taxi and backtrack on any runway shall always be read back.",authoritative_requirement,shall,rule,promote,supported,true,defensible,true,true,needs_bundle,high,false,pending,pass,pass,0,pass,pass,false,qwen3.6:35b-a3b,qwen3.6:35b-a3b,qwen2.5-coder:32b,qwen3.6:35b-a3b,qwen3.6:35b-a3b,qwen3.6:35b-a3b,24576,3,3,ollama-first-2026-04-28,25de32675884cb3976f22fb28206209e8e72a1db3a6e556bb46490935002b66c,d734d5291933bae15c654b4bbb2c90110fb66bfe6a3cd5cefadd8bb5a974b015,56b69ad27ea3962fdc492e67ea659e0b8a44eaa5352bc3b8f7c4da3124506e7b,1bee78b2e4bc34b3e12fbfdf37f7d0b203fe61917a9f69e67f44e5970998730a,fe5e953572395cceb7f50820650d8bcce531a63d141e83f5e2bce3b21549a534,4c4b709a7a9431b6e6ed604c2e1087aa038624b61fdee9c443713d253c2ecf57,9b7bde1f038dfb0f1d69577cd1f168bd40ff0ea0c5755b6e8b04a4deb0f77e63,,,,,,,,
promote_2026-04-28T19-43-49Z_a0a1,2026-04-28T19:43:49Z,h01-extracted,acknowledgement_3_8_1,h01_readback_family,h01_readback_family,h01-extracted::acknowledgement_3_8_1::fb4e915bd2eabca3,readback_operational_data,04fb573e1c8c8a469c6afa7e76b892adc4eafe61e5a518bcd288ea533afbb64d,"Runway-in-use, altimeter settings, SSR codes, newly assigned communication channels, level instructions, heading and speed instructions shall always be read back.",authoritative_requirement,shall,rule,promote,unsupported_by_source,false,defensible,true,true,needs_bundle,high,false,pending,pass,pass,0,pass,pass,false,qwen3.6:35b-a3b,qwen3.6:35b-a3b,qwen2.5-coder:32b,qwen3.6:35b-a3b,qwen3.6:35b-a3b,qwen3.6:35b-a3b,24576,3,3,ollama-first-2026-04-28,25de32675884cb3976f22fb28206209e8e72a1db3a6e556bb46490935002b66c,d734d5291933bae15c654b4bbb2c90110fb66bfe6a3cd5cefadd8bb5a974b015,56b69ad27ea3962fdc492e67ea659e0b8a44eaa5352bc3b8f7c4da3124506e7b,1bee78b2e4bc34b3e12fbfdf37f7d0b203fe61917a9f69e67f44e5970998730a,fe5e953572395cceb7f50820650d8bcce531a63d141e83f5e2bce3b21549a534,4c4b709a7a9431b6e6ed604c2e1087aa038624b61fdee9c443713d253c2ecf57,9b7bde1f038dfb0f1d69577cd1f168bd40ff0ea0c5755b6e8b04a4deb0f77e63,,,,,,,,
promote_2026-04-28T19-43-49Z_a0a1,2026-04-28T19:43:49Z,h01-extracted,acknowledgement_3_8_1,h01_readback_family,h01_readback_family,h01-extracted::acknowledgement_3_8_1::299a154acafe87cc,readback_transition_levels,0463a8c93f971dcef2d64c4356911d96729602df104bc7ce9e23a824c8fcaf7c,"Transition levels shall always be read back, whether issued by the controller or contained in ATIS broadcasts.",authoritative_requirement,shall,rule,promote,supported,true,defensible,true,false,accepted,high,false,accepted,pass,pass,0,pass,pass,false,qwen3.6:35b-a3b,qwen3.6:35b-a3b,qwen2.5-coder:32b,qwen3.6:35b-a3b,qwen3.6:35b-a3b,qwen3.6:35b-a3b,24576,3,3,ollama-first-2026-04-28,25de32675884cb3976f22fb28206209e8e72a1db3a6e556bb46490935002b66c,d734d5291933bae15c654b4bbb2c90110fb66bfe6a3cd5cefadd8bb5a974b015,56b69ad27ea3962fdc492e67ea659e0b8a44eaa5352bc3b8f7c4da3124506e7b,1bee78b2e4bc34b3e12fbfdf37f7d0b203fe61917a9f69e67f44e5970998730a,fe5e953572395cceb7f50820650d8bcce531a63d141e83f5e2bce3b21549a534,4c4b709a7a9431b6e6ed604c2e1087aa038624b61fdee9c443713d253c2ecf57,9b7bde1f038dfb0f1d69577cd1f168bd40ff0ea0c5755b6e8b04a4deb0f77e63,,,,,,,,
promote_2026-04-28T19-43-49Z_a0a1,2026-04-28T19:43:49Z,h01-extracted,acknowledgement_3_8_1,h01_readback_family,h01_readback_family,h01-extracted::acknowledgement_3_8_1::3225848831f73cdc,readback_other_clearances,cea46695713308221c10acf1c6cef48d1de6ee53f25619320afdc356ba0e024a,"Other clearances or instructions, including conditional clearances and taxi instructions, shall be read back or acknowledged in a manner to clearly indicate that they have been understood and will be complied with.",authoritative_requirement,shall,rule,promote,supported,false,defensible,true,false,accepted,high,false,accepted,pass,pass,0,pass,pass,false,qwen3.6:35b-a3b,qwen3.6:35b-a3b,qwen2.5-coder:32b,qwen3.6:35b-a3b,qwen3.6:35b-a3b,qwen3.6:35b-a3b,24576,3,3,ollama-first-2026-04-28,25de32675884cb3976f22fb28206209e8e72a1db3a6e556bb46490935002b66c,d734d5291933bae15c654b4bbb2c90110fb66bfe6a3cd5cefadd8bb5a974b015,56b69ad27ea3962fdc492e67ea659e0b8a44eaa5352bc3b8f7c4da3124506e7b,1bee78b2e4bc34b3e12fbfdf37f7d0b203fe61917a9f69e67f44e5970998730a,fe5e953572395cceb7f50820650d8bcce531a63d141e83f5e2bce3b21549a534,4c4b709a7a9431b6e6ed604c2e1087aa038624b61fdee9c443713d253c2ecf57,9b7bde1f038dfb0f1d69577cd1f168bd40ff0ea0c5755b6e8b04a4deb0f77e63,,,,,,,,
promote_2026-04-28T19-43-49Z_a0a1,2026-04-28T19:43:49Z,h01-extracted,acknowledgement_3_8_1,h01_readback_family,h01_readback_family,h01-extracted::acknowledgement_3_8_1::f6d1172db8916a27,controller_verify_readback,94f72aaa723b3f3dbd71689e8e2ec158206a63f6067e293016f680111ce8d91a,The controller shall listen to the read-back to ascertain that the clearance or instruction has been correctly acknowledged by the flight crew and shall take immediate action to correct any discrepancies revealed by the read-back.,authoritative_requirement,shall,workflow_constraint,promote,supported,false,defensible,true,false,accepted,high,false,accepted,pass,pass,0,pass,pass,false,qwen3.6:35b-a3b,qwen3.6:35b-a3b,qwen2.5-coder:32b,qwen3.6:35b-a3b,qwen3.6:35b-a3b,qwen3.6:35b-a3b,24576,3,3,ollama-first-2026-04-28,25de32675884cb3976f22fb28206209e8e72a1db3a6e556bb46490935002b66c,d734d5291933bae15c654b4bbb2c90110fb66bfe6a3cd5cefadd8bb5a974b015,56b69ad27ea3962fdc492e67ea659e0b8a44eaa5352bc3b8f7c4da3124506e7b,1bee78b2e4bc34b3e12fbfdf37f7d0b203fe61917a9f69e67f44e5970998730a,fe5e953572395cceb7f50820650d8bcce531a63d141e83f5e2bce3b21549a534,4c4b709a7a9431b6e6ed604c2e1087aa038624b61fdee9c443713d253c2ecf57,9b7bde1f038dfb0f1d69577cd1f168bd40ff0ea0c5755b6e8b04a4deb0f77e63,,,,,,,,
promote_2026-04-28T19-43-49Z_a0a1,2026-04-28T19:43:49Z,h01-extracted,acknowledgement_3_8_1,h01_readback_family,h01_readback_family,h01-extracted::acknowledgement_3_8_1::11f3df660516dfe3,no_voice_readback_cpdlc,1c20cdcecacdcb98908d90f70532a48566fb64f4cbe1a99c9946f9cb77ec3030,Voice read-back of CPDLC messages shall not be required.,authoritative_requirement,shall,rule,promote,supported,true,defensible,true,false,accepted,high,false,accepted,pass,pass,0,pass,pass,false,qwen3.6:35b-a3b,qwen3.6:35b-a3b,qwen2.5-coder:32b,qwen3.6:35b-a3b,qwen3.6:35b-a3b,qwen3.6:35b-a3b,24576,3,3,ollama-first-2026-04-28,25de32675884cb3976f22fb28206209e8e72a1db3a6e556bb46490935002b66c,d734d5291933bae15c654b4bbb2c90110fb66bfe6a3cd5cefadd8bb5a974b015,56b69ad27ea3962fdc492e67ea659e0b8a44eaa5352bc3b8f7c4da3124506e7b,1bee78b2e4bc34b3e12fbfdf37f7d0b203fe61917a9f69e67f44e5970998730a,fe5e953572395cceb7f50820650d8bcce531a63d141e83f5e2bce3b21549a534,4c4b709a7a9431b6e6ed604c2e1087aa038624b61fdee9c443713d253c2ecf57,9b7bde1f038dfb0f1d69577cd1f168bd40ff0ea0c5755b6e8b04a4deb0f77e63,,,,,,,,
promote_2026-04-28T19-43-49Z_a0a1,2026-04-28T19:43:49Z,h01-extracted,acknowledgement_3_8_1,h01_readback_family,h01_readback_family,h01-extracted::acknowledgement_3_8_1::d19604b475643777,perm_station_readback,57584edffb27c9a5f75a01fc22a45fd180128787eb9ea4956e5ae463a91de50f,It is permissible for verification for the receiving station to read back the message as an additional acknowledgement of receipt.,operational_guidance,may,best_practice,advisory_only,supported,false,defensible,true,false,advisory_only,high,false,pending,pass,pass,0,pass,pass,false,qwen3.6:35b-a3b,qwen3.6:35b-a3b,qwen2.5-coder:32b,qwen3.6:35b-a3b,qwen3.6:35b-a3b,qwen3.6:35b-a3b,24576,3,3,ollama-first-2026-04-28,25de32675884cb3976f22fb28206209e8e72a1db3a6e556bb46490935002b66c,d734d5291933bae15c654b4bbb2c90110fb66bfe6a3cd5cefadd8bb5a974b015,56b69ad27ea3962fdc492e67ea659e0b8a44eaa5352bc3b8f7c4da3124506e7b,1bee78b2e4bc34b3e12fbfdf37f7d0b203fe61917a9f69e67f44e5970998730a,fe5e953572395cceb7f50820650d8bcce531a63d141e83f5e2bce3b21549a534,4c4b709a7a9431b6e6ed604c2e1087aa038624b61fdee9c443713d253c2ecf57,9b7bde1f038dfb0f1d69577cd1f168bd40ff0ea0c5755b6e8b04a4deb0f77e63,,,,,,,,
promote_2026-04-28T19-43-49Z_a0a1,2026-04-28T19:43:49Z,h01-extracted,acknowledgement_3_8_1,h01_readback_family,h01_readback_family,h01-extracted::acknowledgement_3_8_1::6281074482768bcc,acknowledge_non_readback_info,955e2067d2b6b21ef1b1dc8e915746d00df4f77d3e9e482621bb4f66bef5f157,"If both instructions subject to read-back and other information – such as weather reports – are received in the same message, the information should be acknowledged with the words such as WEATHER RECEIVED after the instruction has been read",operational_guidance,should,phraseology_rule,advisory_only,supported,false,defensible,true,false,advisory_only,high,false,pending,pass,pass,0,pass,pass,false,qwen3.6:35b-a3b,qwen3.6:35b-a3b,qwen2.5-coder:32b,qwen3.6:35b-a3b,qwen3.6:35b-a3b,qwen3.6:35b-a3b,24576,3,3,ollama-first-2026-04-28,25de32675884cb3976f22fb28206209e8e72a1db3a6e556bb46490935002b66c,d734d5291933bae15c654b4bbb2c90110fb66bfe6a3cd5cefadd8bb5a974b015,56b69ad27ea3962fdc492e67ea659e0b8a44eaa5352bc3b8f7c4da3124506e7b,1bee78b2e4bc34b3e12fbfdf37f7d0b203fe61917a9f69e67f44e5970998730a,fe5e953572395cceb7f50820650d8bcce531a63d141e83f5e2bce3b21549a534,4c4b709a7a9431b6e6ed604c2e1087aa038624b61fdee9c443713d253c2ecf57,9b7bde1f038dfb0f1d69577cd1f168bd40ff0ea0c5755b6e8b04a4deb0f77e63,,,,,,,,
promote_2026-04-28T19-43-49Z_a0a1,2026-04-28T19:43:49Z,h01-extracted,corrections_3_8_3,h01_corrections_family,h01_corrections_family,h01-extracted::corrections_3_8_3::384103454b613f22,corr_error_transmission,58ab7b0a1222eb93d7faa3f87f18f7cf7403e8ddeec847aee32becc0bf661fbd,"When an error has been made in transmission, the word CORRECTION shall be spoken, the last correct group or phrase repeated, and then the corrected version transmitted.",authoritative_requirement,shall,phraseology_rule,promote,supported,false,defensible,true,false,accepted,high,false,accepted,pass,pass,0,pass,pass,false,qwen3.6:35b-a3b,qwen3.6:35b-a3b,qwen2.5-coder:32b,qwen3.6:35b-a3b,qwen3.6:35b-a3b,qwen3.6:35b-a3b,24576,3,3,ollama-first-2026-04-28,25de32675884cb3976f22fb28206209e8e72a1db3a6e556bb46490935002b66c,d734d5291933bae15c654b4bbb2c90110fb66bfe6a3cd5cefadd8bb5a974b015,56b69ad27ea3962fdc492e67ea659e0b8a44eaa5352bc3b8f7c4da3124506e7b,1bee78b2e4bc34b3e12fbfdf37f7d0b203fe61917a9f69e67f44e5970998730a,fe5e953572395cceb7f50820650d8bcce531a63d141e83f5e2bce3b21549a534,4c4b709a7a9431b6e6ed604c2e1087aa038624b61fdee9c443713d253c2ecf57,9b7bde1f038dfb0f1d69577cd1f168bd40ff0ea0c5755b6e8b04a4deb0f77e63,,,,,,,,
promote_2026-04-28T19-43-49Z_a0a1,2026-04-28T19:43:49Z,h01-extracted,corrections_3_8_3,h01_corrections_family,h01_corrections_family,h01-extracted::corrections_3_8_3::8a2be49544be3901,corr_full_repeat,649383183087ea8467afd3c71f26315811d16c2476144dbfc1c0c01bada18f41,"If a correction can best be made by repeating the entire message, the phrase CORRECTION, I SAY AGAIN shall be used before the message is transmitted a second time.",authoritative_requirement,shall,phraseology_rule,promote,supported,false,defensible,true,false,accepted,high,false,accepted,pass,pass,0,pass,pass,false,qwen3.6:35b-a3b,qwen3.6:35b-a3b,qwen2.5-coder:32b,qwen3.6:35b-a3b,qwen3.6:35b-a3b,qwen3.6:35b-a3b,24576,3,3,ollama-first-2026-04-28,25de32675884cb3976f22fb28206209e8e72a1db3a6e556bb46490935002b66c,d734d5291933bae15c654b4bbb2c90110fb66bfe6a3cd5cefadd8bb5a974b015,56b69ad27ea3962fdc492e67ea659e0b8a44eaa5352bc3b8f7c4da3124506e7b,1bee78b2e4bc34b3e12fbfdf37f7d0b203fe61917a9f69e67f44e5970998730a,fe5e953572395cceb7f50820650d8bcce531a63d141e83f5e2bce3b21549a534,4c4b709a7a9431b6e6ed604c2e1087aa038624b61fdee9c443713d253c2ecf57,9b7bde1f038dfb0f1d69577cd1f168bd40ff0ea0c5755b6e8b04a4deb0f77e63,,,,,,,,
promote_2026-04-28T19-43-49Z_a0a1,2026-04-28T19:43:49Z,h01-extracted,corrections_3_8_3,h01_corrections_family,h01_corrections_family,h01-extracted::corrections_3_8_3::86b96953b4cff92a,req_repetition_doubt,f46036ebb19f4fab12fe4407af83797624adb93ce7682b124d70f467509170c1,"If the receiving station is in doubt as to the correctness of the message received, a repetition either in full or in part shall be requested.",authoritative_requirement,shall,rule,promote,supported,false,defensible,true,false,accepted,high,false,accepted,pass,pass,0,pass,pass,false,qwen3.6:35b-a3b,qwen3.6:35b-a3b,qwen2.5-coder:32b,qwen3.6:35b-a3b,qwen3.6:35b-a3b,qwen3.6:35b-a3b,24576,3,3,ollama-first-2026-04-28,25de32675884cb3976f22fb28206209e8e72a1db3a6e556bb46490935002b66c,d734d5291933bae15c654b4bbb2c90110fb66bfe6a3cd5cefadd8bb5a974b015,56b69ad27ea3962fdc492e67ea659e0b8a44eaa5352bc3b8f7c4da3124506e7b,1bee78b2e4bc34b3e12fbfdf37f7d0b203fe61917a9f69e67f44e5970998730a,fe5e953572395cceb7f50820650d8bcce531a63d141e83f5e2bce3b21549a534,4c4b709a7a9431b6e6ed604c2e1087aa038624b61fdee9c443713d253c2ecf57,9b7bde1f038dfb0f1d69577cd1f168bd40ff0ea0c5755b6e8b04a4deb0f77e63,,,,,,,,
promote_2026-04-28T19-43-49Z_a0a1,2026-04-28T19:43:49Z,h01-extracted,corrections_3_8_3,h01_corrections_family,h01_corrections_family,h01-extracted::corrections_3_8_3::fc8020ddb859c620,req_say_again_full,e89e6534f0ec0cc46103240ece9d39e0a6c134d1a2001e61b6462e389798413b,"If repetition of an entire message is required, the words SAY AGAIN shall be spoken.",authoritative_requirement,shall,phraseology_rule,promote,supported,true,defensible,true,false,accepted,high,false,accepted,pass,pass,0,pass,pass,false,qwen3.6:35b-a3b,qwen3.6:35b-a3b,qwen2.5-coder:32b,qwen3.6:35b-a3b,qwen3.6:35b-a3b,qwen3.6:35b-a3b,24576,3,3,ollama-first-2026-04-28,25de32675884cb3976f22fb28206209e8e72a1db3a6e556bb46490935002b66c,d734d5291933bae15c654b4bbb2c90110fb66bfe6a3cd5cefadd8bb5a974b015,56b69ad27ea3962fdc492e67ea659e0b8a44eaa5352bc3b8f7c4da3124506e7b,1bee78b2e4bc34b3e12fbfdf37f7d0b203fe61917a9f69e67f44e5970998730a,fe5e953572395cceb7f50820650d8bcce531a63d141e83f5e2bce3b21549a534,4c4b709a7a9431b6e6ed604c2e1087aa038624b61fdee9c443713d253c2ecf57,9b7bde1f038dfb0f1d69577cd1f168bd40ff0ea0c5755b6e8b04a4deb0f77e63,,,,,,,,
promote_2026-04-28T19-43-49Z_a0a1,2026-04-28T19:43:49Z,h01-extracted,corrections_3_8_3,h01_corrections_family,h01_corrections_family,h01-extracted::corrections_3_8_3::f72f24e73a9378c1,req_say_again_partial_before,30d176cddec97e1f77f671229ae15a9e2024eb0a2363cb728b202be8c9564b5d,"If repetition of a portion of a message is required, the phrase SAY AGAIN ALL BEFORE… (first word satisfactorily received) shall be used.",authoritative_requirement,shall,phraseology_rule,promote,supported,true,defensible,true,false,accepted,high,false,accepted,pass,pass,0,pass,pass,false,qwen3.6:35b-a3b,qwen3.6:35b-a3b,qwen2.5-coder:32b,qwen3.6:35b-a3b,qwen3.6:35b-a3b,qwen3.6:35b-a3b,24576,3,3,ollama-first-2026-04-28,25de32675884cb3976f22fb28206209e8e72a1db3a6e556bb46490935002b66c,d734d5291933bae15c654b4bbb2c90110fb66bfe6a3cd5cefadd8bb5a974b015,56b69ad27ea3962fdc492e67ea659e0b8a44eaa5352bc3b8f7c4da3124506e7b,1bee78b2e4bc34b3e12fbfdf37f7d0b203fe61917a9f69e67f44e5970998730a,fe5e953572395cceb7f50820650d8bcce531a63d141e83f5e2bce3b21549a534,4c4b709a7a9431b6e6ed604c2e1087aa038624b61fdee9c443713d253c2ecf57,9b7bde1f038dfb0f1d69577cd1f168bd40ff0ea0c5755b6e8b04a4deb0f77e63,,,,,,,,
promote_2026-04-28T19-43-49Z_a0a1,2026-04-28T19:43:49Z,h01-extracted,corrections_3_8_3,h01_corrections_family,h01_corrections_family,h01-extracted::corrections_3_8_3::8cebeec30159f975,req_say_again_partial_middle,4b90afec615170b746640144f154254b95553707682bd7f6b2b951d91c00ac2e,"If repetition of a portion of a message is required, the phrase SAY AGAIN … (word before missing portion) TO… (word after missing portion) shall be used.",authoritative_requirement,shall,phraseology_rule,promote,supported,true,defensible,true,false,accepted,high,false,accepted,pass,pass,0,pass,pass,false,qwen3.6:35b-a3b,qwen3.6:35b-a3b,qwen2.5-coder:32b,qwen3.6:35b-a3b,qwen3.6:35b-a3b,qwen3.6:35b-a3b,24576,3,3,ollama-first-2026-04-28,25de32675884cb3976f22fb28206209e8e72a1db3a6e556bb46490935002b66c,d734d5291933bae15c654b4bbb2c90110fb66bfe6a3cd5cefadd8bb5a974b015,56b69ad27ea3962fdc492e67ea659e0b8a44eaa5352bc3b8f7c4da3124506e7b,1bee78b2e4bc34b3e12fbfdf37f7d0b203fe61917a9f69e67f44e5970998730a,fe5e953572395cceb7f50820650d8bcce531a63d141e83f5e2bce3b21549a534,4c4b709a7a9431b6e6ed604c2e1087aa038624b61fdee9c443713d253c2ecf57,9b7bde1f038dfb0f1d69577cd1f168bd40ff0ea0c5755b6e8b04a4deb0f77e63,,,,,,,,
promote_2026-04-28T19-43-49Z_a0a1,2026-04-28T19:43:49Z,h01-extracted,corrections_3_8_3,h01_corrections_family,h01_corrections_family,h01-extracted::corrections_3_8_3::74a82f65f8238803,req_say_again_partial_after,2a5b53121470a64c48d494247458ce94bf7250fd209cf9434c66f1652a5f4ab0,"If repetition of a portion of a message is required, the phrase SAY AGAIN ALL AFTER… (last word satisfactorily received) shall be used.",authoritative_requirement,shall,phraseology_rule,promote,supported,true,defensible,true,false,accepted,high,false,accepted,pass,pass,0,pass,pass,false,qwen3.6:35b-a3b,qwen3.6:35b-a3b,qwen2.5-coder:32b,qwen3.6:35b-a3b,qwen3.6:35b-a3b,qwen3.6:35b-a3b,24576,3,3,ollama-first-2026-04-28,25de32675884cb3976f22fb28206209e8e72a1db3a6e556bb46490935002b66c,d734d5291933bae15c654b4bbb2c90110fb66bfe6a3cd5cefadd8bb5a974b015,56b69ad27ea3962fdc492e67ea659e0b8a44eaa5352bc3b8f7c4da3124506e7b,1bee78b2e4bc34b3e12fbfdf37f7d0b203fe61917a9f69e67f44e5970998730a,fe5e953572395cceb7f50820650d8bcce531a63d141e83f5e2bce3b21549a534,4c4b709a7a9431b6e6ed604c2e1087aa038624b61fdee9c443713d253c2ecf57,9b7bde1f038dfb0f1d69577cd1f168bd40ff0ea0c5755b6e8b04a4deb0f77e63,,,,,,,,
promote_2026-04-28T19-43-49Z_a0a1,2026-04-28T19:43:49Z,h01-extracted,corrections_3_8_3,h01_corrections_family,h01_corrections_family,h01-extracted::corrections_3_8_3::08fa37157e593a92,req_negative_say_again,4db9c6b550ebf74484d45f0dff1f7853c2a648eb2a8f5278b47e8727632dd019,"If, in checking the correctness of a read-back, incorrect items are noticed, the words NEGATIVE I SAY AGAIN shall be transmitted at the conclusion of the read-back followed by the correct version of the items concerned.",authoritative_requirement,shall,phraseology_rule,promote,supported,false,defensible,true,false,accepted,high,false,accepted,pass,pass,0,pass,pass,false,qwen3.6:35b-a3b,qwen3.6:35b-a3b,qwen2.5-coder:32b,qwen3.6:35b-a3b,qwen3.6:35b-a3b,qwen3.6:35b-a3b,24576,3,3,ollama-first-2026-04-28,25de32675884cb3976f22fb28206209e8e72a1db3a6e556bb46490935002b66c,d734d5291933bae15c654b4bbb2c90110fb66bfe6a3cd5cefadd8bb5a974b015,56b69ad27ea3962fdc492e67ea659e0b8a44eaa5352bc3b8f7c4da3124506e7b,1bee78b2e4bc34b3e12fbfdf37f7d0b203fe61917a9f69e67f44e5970998730a,fe5e953572395cceb7f50820650d8bcce531a63d141e83f5e2bce3b21549a534,4c4b709a7a9431b6e6ed604c2e1087aa038624b61fdee9c443713d253c2ecf57,9b7bde1f038dfb0f1d69577cd1f168bd40ff0ea0c5755b6e8b04a4deb0f77e63,,,,,,,,
promote_2026-04-28T19-43-49Z_a0a1,2026-04-28T19:43:49Z,h01-extracted,corrections_3_8_3,h01_corrections_family,h01_corrections_family,h01-extracted::corrections_3_8_3::16272622eb9270ac,req_specific_item_repeat,0ceb4a3d10ec422a0a7a30ddb8b1e62f0fc3b484c1afabfe72afa172c6d526ce,"Specific items should be requested, as appropriate, such as SAY AGAIN WIND.",operational_guidance,should,best_practice,advisory_only,supported,true,defensible,true,false,advisory_only,high,false,pending,pass,pass,0,pass,pass,false,qwen3.6:35b-a3b,qwen3.6:35b-a3b,qwen2.5-coder:32b,qwen3.6:35b-a3b,qwen3.6:35b-a3b,qwen3.6:35b-a3b,24576,3,3,ollama-first-2026-04-28,25de32675884cb3976f22fb28206209e8e72a1db3a6e556bb46490935002b66c,d734d5291933bae15c654b4bbb2c90110fb66bfe6a3cd5cefadd8bb5a974b015,56b69ad27ea3962fdc492e67ea659e0b8a44eaa5352bc3b8f7c4da3124506e7b,1bee78b2e4bc34b3e12fbfdf37f7d0b203fe61917a9f69e67f44e5970998730a,fe5e953572395cceb7f50820650d8bcce531a63d141e83f5e2bce3b21549a534,4c4b709a7a9431b6e6ed604c2e1087aa038624b61fdee9c443713d253c2ecf57,9b7bde1f038dfb0f1d69577cd1f168bd40ff0ea0c5755b6e8b04a4deb0f77e63,,,,,,,,
promote_2026-04-28T19-43-49Z_a0a1,2026-04-28T19:43:49Z,h01-extracted,corrections_3_8_3,h01_corrections_family,h01_corrections_family,h01-extracted::corrections_3_8_3::3da4e8a007c77a4a,req_difficult_reception,2a0ab64b0986e0a61b02438e11f8985dd6113a2da65c19caf45a103ef0eaedc7,"When a station transmitting a message considers that reception is likely to be difficult, it should transmit the important elements of the message twice using the words I SAY AGAIN.",operational_guidance,should,best_practice,advisory_only,supported,false,defensible,true,false,advisory_only,high,false,pending,pass,pass,0,pass,pass,false,qwen3.6:35b-a3b,qwen3.6:35b-a3b,qwen2.5-coder:32b,qwen3.6:35b-a3b,qwen3.6:35b-a3b,qwen3.6:35b-a3b,24576,3,3,ollama-first-2026-04-28,25de32675884cb3976f22fb28206209e8e72a1db3a6e556bb46490935002b66c,d734d5291933bae15c654b4bbb2c90110fb66bfe6a3cd5cefadd8bb5a974b015,56b69ad27ea3962fdc492e67ea659e0b8a44eaa5352bc3b8f7c4da3124506e7b,1bee78b2e4bc34b3e12fbfdf37f7d0b203fe61917a9f69e67f44e5970998730a,fe5e953572395cceb7f50820650d8bcce531a63d141e83f5e2bce3b21549a534,4c4b709a7a9431b6e6ed604c2e1087aa038624b61fdee9c443713d253c2ecf57,9b7bde1f038dfb0f1d69577cd1f168bd40ff0ea0c5755b6e8b04a4deb0f77e63,,,,,,,,
promote_2026-04-28T19-43-49Z_a0a1,2026-04-28T19:43:49Z,h01-extracted,corrections_3_8_3,h01_corrections_family,h01_corrections_family,h01-extracted::corrections_3_8_3::e9b126d362773131,freq_aircraft,531093348cbdf264ca4a4053f32bab90d61be7ac94c72e0c55e5529d53d52362,Aircraft stations shall operate on the appropriate radio frequencies.,authoritative_requirement,shall,rule,promote,supported,true,defensible,true,false,accepted,high,false,accepted,pass,pass,0,pass,pass,false,qwen3.6:35b-a3b,qwen3.6:35b-a3b,qwen2.5-coder:32b,qwen3.6:35b-a3b,qwen3.6:35b-a3b,qwen3.6:35b-a3b,24576,3,3,ollama-first-2026-04-28,25de32675884cb3976f22fb28206209e8e72a1db3a6e556bb46490935002b66c,d734d5291933bae15c654b4bbb2c90110fb66bfe6a3cd5cefadd8bb5a974b015,56b69ad27ea3962fdc492e67ea659e0b8a44eaa5352bc3b8f7c4da3124506e7b,1bee78b2e4bc34b3e12fbfdf37f7d0b203fe61917a9f69e67f44e5970998730a,fe5e953572395cceb7f50820650d8bcce531a63d141e83f5e2bce3b21549a534,4c4b709a7a9431b6e6ed604c2e1087aa038624b61fdee9c443713d253c2ecf57,9b7bde1f038dfb0f1d69577cd1f168bd40ff0ea0c5755b6e8b04a4deb0f77e63,,,,,,,,
promote_2026-04-28T19-43-49Z_a0a1,2026-04-28T19:43:49Z,h01-extracted,corrections_3_8_3,h01_corrections_family,h01_corrections_family,h01-extracted::corrections_3_8_3::ee8d8ce24e99c2be,freq_atc_designate,2687c55e7da9c4490da6f81d5d0e25772efaab18c894e50afedbb9f30ff6371b,The air-ground control station shall designate the frequency (-ies) to be used under normal conditions by aircraft stations operating under its control.,authoritative_requirement,shall,rule,promote,supported,true,defensible,true,false,accepted,high,false,accepted,pass,pass,0,pass,pass,false,qwen3.6:35b-a3b,qwen3.6:35b-a3b,qwen2.5-coder:32b,qwen3.6:35b-a3b,qwen3.6:35b-a3b,qwen3.6:35b-a3b,24576,3,3,ollama-first-2026-04-28,25de32675884cb3976f22fb28206209e8e72a1db3a6e556bb46490935002b66c,d734d5291933bae15c654b4bbb2c90110fb66bfe6a3cd5cefadd8bb5a974b015,56b69ad27ea3962fdc492e67ea659e0b8a44eaa5352bc3b8f7c4da3124506e7b,1bee78b2e4bc34b3e12fbfdf37f7d0b203fe61917a9f69e67f44e5970998730a,fe5e953572395cceb7f50820650d8bcce531a63d141e83f5e2bce3b21549a534,4c4b709a7a9431b6e6ed604c2e1087aa038624b61fdee9c443713d253c2ecf57,9b7bde1f038dfb0f1d69577cd1f168bd40ff0ea0c5755b6e8b04a4deb0f77e63,,,,,,,,
promote_2026-04-28T19-43-49Z_a0a1,2026-04-28T19:43:49Z,h01-extracted,end_of_conversation_3_8_2,h01_end_of_conversation_family,h01_end_of_conversation_family,h01-extracted::end_of_conversation_3_8_2::1d66565b4872e6a0,h01_conv_term_3.8.2,5d38284abc4cb5c1772da3dade490a152c958bdfaeeef7943f45e277b2a6f75c,A radiotelephone conversation shall be terminated by the receiving ATS unit or the aircraft using its own call sign.,operational_guidance,shall,rule,promote,supported,true,defensible,true,false,accepted,high,false,accepted,pass,pass,0,pass,pass,false,qwen3.6:35b-a3b,qwen3.6:35b-a3b,qwen2.5-coder:32b,qwen3.6:35b-a3b,qwen3.6:35b-a3b,qwen3.6:35b-a3b,24576,3,3,ollama-first-2026-04-28,25de32675884cb3976f22fb28206209e8e72a1db3a6e556bb46490935002b66c,d734d5291933bae15c654b4bbb2c90110fb66bfe6a3cd5cefadd8bb5a974b015,56b69ad27ea3962fdc492e67ea659e0b8a44eaa5352bc3b8f7c4da3124506e7b,1bee78b2e4bc34b3e12fbfdf37f7d0b203fe61917a9f69e67f44e5970998730a,fe5e953572395cceb7f50820650d8bcce531a63d141e83f5e2bce3b21549a534,4c4b709a7a9431b6e6ed604c2e1087aa038624b61fdee9c443713d253c2ecf57,9b7bde1f038dfb0f1d69577cd1f168bd40ff0ea0c5755b6e8b04a4deb0f77e63,,,,,,,,
promote_2026-04-28T19-43-49Z_a0a1,2026-04-28T19:43:49Z,icao4444-extracted,aerodrome_traffic_7_6,icao4444_aerodrome_traffic_family,icao4444_aerodrome_traffic_family,icao4444-extracted::aerodrome_traffic_7_6::79651917f637e44b,7.6.1_clear_phrasing,c8f3c6db682e4f4371b1ef93c71bbc6a4c917e4ff22782dabf0db039c06ca1e0,"The controller shall ensure that instructions and information which require the flight crew to employ visual detection, recognition and observation are phrased in a clear, concise and complete manner.",authoritative_requirement,shall,rule,promote,supported,false,defensible,true,false,accepted,high,false,accepted,pass,pass,0,pass,pass,false,qwen3.6:35b-a3b,qwen3.6:35b-a3b,qwen2.5-coder:32b,qwen3.6:35b-a3b,qwen3.6:35b-a3b,qwen3.6:35b-a3b,24576,3,3,ollama-first-2026-04-28,25de32675884cb3976f22fb28206209e8e72a1db3a6e556bb46490935002b66c,d734d5291933bae15c654b4bbb2c90110fb66bfe6a3cd5cefadd8bb5a974b015,56b69ad27ea3962fdc492e67ea659e0b8a44eaa5352bc3b8f7c4da3124506e7b,1bee78b2e4bc34b3e12fbfdf37f7d0b203fe61917a9f69e67f44e5970998730a,fe5e953572395cceb7f50820650d8bcce531a63d141e83f5e2bce3b21549a534,4c4b709a7a9431b6e6ed604c2e1087aa038624b61fdee9c443713d253c2ecf57,9b7bde1f038dfb0f1d69577cd1f168bd40ff0ea0c5755b6e8b04a4deb0f77e63,,,,,,,,
promote_2026-04-28T19-43-49Z_a0a1,2026-04-28T19:43:49Z,icao4444-extracted,aerodrome_traffic_7_6,icao4444_aerodrome_traffic_family,icao4444_aerodrome_traffic_family,icao4444-extracted::aerodrome_traffic_7_6::ea64ad7c56d8e4ef,7.6.2_watch_positions,e2b904835210ef7939fb443eac7186f70867b346488c8a9d54ded16feaa90802,Aircraft should be watched closely as they approach these positions so that proper clearances may be issued without delay.,best_practice,should,best_practice,promote,supported,false,defensible,true,false,accepted,medium,true,accepted,pass,pass,0,pass,pass,false,qwen3.6:35b-a3b,qwen3.6:35b-a3b,qwen2.5-coder:32b,qwen3.6:35b-a3b,qwen3.6:35b-a3b,qwen3.6:35b-a3b,24576,3,3,ollama-first-2026-04-28,25de32675884cb3976f22fb28206209e8e72a1db3a6e556bb46490935002b66c,d734d5291933bae15c654b4bbb2c90110fb66bfe6a3cd5cefadd8bb5a974b015,56b69ad27ea3962fdc492e67ea659e0b8a44eaa5352bc3b8f7c4da3124506e7b,1bee78b2e4bc34b3e12fbfdf37f7d0b203fe61917a9f69e67f44e5970998730a,fe5e953572395cceb7f50820650d8bcce531a63d141e83f5e2bce3b21549a534,4c4b709a7a9431b6e6ed604c2e1087aa038624b61fdee9c443713d253c2ecf57,9b7bde1f038dfb0f1d69577cd1f168bd40ff0ea0c5755b6e8b04a4deb0f77e63,,,,,,,,
promote_2026-04-28T19-43-49Z_a0a1,2026-04-28T19:43:49Z,icao4444-extracted,aerodrome_traffic_7_6,icao4444_aerodrome_traffic_family,icao4444_aerodrome_traffic_family,icao4444-extracted::aerodrome_traffic_7_6::8c578c41b3ec04f7,7.6.2_clearances_without_call,64e2230162a312f8229a89748d2972e3378896264ab8f7b16c0b1d5566ddc8c6,"Where practicable, all clearances should be issued without waiting for aircraft to initiate the call.",best_practice,should,best_practice,promote,supported,false,defensible,true,false,accepted,high,false,accepted,pass,pass,0,pass,pass,false,qwen3.6:35b-a3b,qwen3.6:35b-a3b,qwen2.5-coder:32b,qwen3.6:35b-a3b,qwen3.6:35b-a3b,qwen3.6:35b-a3b,24576,3,3,ollama-first-2026-04-28,25de32675884cb3976f22fb28206209e8e72a1db3a6e556bb46490935002b66c,d734d5291933bae15c654b4bbb2c90110fb66bfe6a3cd5cefadd8bb5a974b015,56b69ad27ea3962fdc492e67ea659e0b8a44eaa5352bc3b8f7c4da3124506e7b,1bee78b2e4bc34b3e12fbfdf37f7d0b203fe61917a9f69e67f44e5970998730a,fe5e953572395cceb7f50820650d8bcce531a63d141e83f5e2bce3b21549a534,4c4b709a7a9431b6e6ed604c2e1087aa038624b61fdee9c443713d253c2ecf57,9b7bde1f038dfb0f1d69577cd1f168bd40ff0ea0c5755b6e8b04a4deb0f77e63,,,,,,,,
promote_2026-04-28T19-43-49Z_a0a1,2026-04-28T19:43:49Z,icao4444-extracted,aerodrome_traffic_7_6,icao4444_aerodrome_traffic_family,icao4444_aerodrome_traffic_family,icao4444-extracted::aerodrome_traffic_7_6::d93181c022b58bde,pos1_clearance_content,b6f01b9353e02192b504e866ca888366dbe492b7a08ae182abb5c81e98ec97e1,"At Position 1, runway-in-use information and taxi clearances shall be given.",authoritative_requirement,shall,rule,promote,supported,true,weak,true,false,accepted,medium,true,accepted,pass,pass,0,pass,pass,false,qwen3.6:35b-a3b,qwen3.6:35b-a3b,qwen2.5-coder:32b,qwen3.6:35b-a3b,qwen3.6:35b-a3b,qwen3.6:35b-a3b,24576,3,3,ollama-first-2026-04-28,25de32675884cb3976f22fb28206209e8e72a1db3a6e556bb46490935002b66c,d734d5291933bae15c654b4bbb2c90110fb66bfe6a3cd5cefadd8bb5a974b015,56b69ad27ea3962fdc492e67ea659e0b8a44eaa5352bc3b8f7c4da3124506e7b,1bee78b2e4bc34b3e12fbfdf37f7d0b203fe61917a9f69e67f44e5970998730a,fe5e953572395cceb7f50820650d8bcce531a63d141e83f5e2bce3b21549a534,4c4b709a7a9431b6e6ed604c2e1087aa038624b61fdee9c443713d253c2ecf57,9b7bde1f038dfb0f1d69577cd1f168bd40ff0ea0c5755b6e8b04a4deb0f77e63,,,,,,,,
promote_2026-04-28T19-43-49Z_a0a1,2026-04-28T19:43:49Z,icao4444-extracted,aerodrome_traffic_7_6,icao4444_aerodrome_traffic_family,icao4444_aerodrome_traffic_family,icao4444-extracted::aerodrome_traffic_7_6::507aa6792fc2544f,pos2_hold_and_runup,cbae1233d612158e80c421da9e687acd6ba7e6c16ea7565b235c22872ea03892,"At Position 2, if there is conflicting traffic, the departing aircraft will be held at this position. Engine run-up will, when required, normally be performed here.",authoritative_requirement,shall,rule,promote,supported,true,defensible,true,false,needs_human_review,medium,false,pending,pass,pass,0,pass,pass,false,qwen3.6:35b-a3b,qwen3.6:35b-a3b,qwen2.5-coder:32b,qwen3.6:35b-a3b,qwen3.6:35b-a3b,qwen3.6:35b-a3b,24576,3,3,ollama-first-2026-04-28,25de32675884cb3976f22fb28206209e8e72a1db3a6e556bb46490935002b66c,d734d5291933bae15c654b4bbb2c90110fb66bfe6a3cd5cefadd8bb5a974b015,56b69ad27ea3962fdc492e67ea659e0b8a44eaa5352bc3b8f7c4da3124506e7b,1bee78b2e4bc34b3e12fbfdf37f7d0b203fe61917a9f69e67f44e5970998730a,fe5e953572395cceb7f50820650d8bcce531a63d141e83f5e2bce3b21549a534,4c4b709a7a9431b6e6ed604c2e1087aa038624b61fdee9c443713d253c2ecf57,9b7bde1f038dfb0f1d69577cd1f168bd40ff0ea0c5755b6e8b04a4deb0f77e63,,,,,,,,
promote_2026-04-28T19-43-49Z_a0a1,2026-04-28T19:43:49Z,icao4444-extracted,aerodrome_traffic_7_6,icao4444_aerodrome_traffic_family,icao4444_aerodrome_traffic_family,icao4444-extracted::aerodrome_traffic_7_6::1ebd71be057d48f1,pos3_takeoff_clearance,ae85f648e7151bd6511041bc030904808220482a7543d143931d8285d6b899e1,"Take-off clearance shall be issued at Position 3, if not practicable at Position 2.",authoritative_requirement,shall,rule,promote,supported,true,weak,true,false,unsupported_by_source,high,false,pending,pass,pass,0,pass,pass,false,qwen3.6:35b-a3b,qwen3.6:35b-a3b,qwen2.5-coder:32b,qwen3.6:35b-a3b,qwen3.6:35b-a3b,qwen3.6:35b-a3b,24576,3,3,ollama-first-2026-04-28,25de32675884cb3976f22fb28206209e8e72a1db3a6e556bb46490935002b66c,d734d5291933bae15c654b4bbb2c90110fb66bfe6a3cd5cefadd8bb5a974b015,56b69ad27ea3962fdc492e67ea659e0b8a44eaa5352bc3b8f7c4da3124506e7b,1bee78b2e4bc34b3e12fbfdf37f7d0b203fe61917a9f69e67f44e5970998730a,fe5e953572395cceb7f50820650d8bcce531a63d141e83f5e2bce3b21549a534,4c4b709a7a9431b6e6ed604c2e1087aa038624b61fdee9c443713d253c2ecf57,9b7bde1f038dfb0f1d69577cd1f168bd40ff0ea0c5755b6e8b04a4deb0f77e63,,,,,,,,
promote_2026-04-28T19-43-49Z_a0a1,2026-04-28T19:43:49Z,icao4444-extracted,aerodrome_traffic_7_6,icao4444_aerodrome_traffic_family,icao4444_aerodrome_traffic_family,icao4444-extracted::aerodrome_traffic_7_6::f11471c05d5603f6,pos4_landing_clearance,cf58c3aab71ebf3bdbc043003cf0b59c9045b705c4e53b9ea2b318d7b629414f,Clearance to land shall be issued at Position 4 as practicable.,authoritative_requirement,shall,rule,promote,supported,true,defensible,true,false,needs_bundle,high,false,pending,pass,pass,0,pass,pass,false,qwen3.6:35b-a3b,qwen3.6:35b-a3b,qwen2.5-coder:32b,qwen3.6:35b-a3b,qwen3.6:35b-a3b,qwen3.6:35b-a3b,24576,3,3,ollama-first-2026-04-28,25de32675884cb3976f22fb28206209e8e72a1db3a6e556bb46490935002b66c,d734d5291933bae15c654b4bbb2c90110fb66bfe6a3cd5cefadd8bb5a974b015,56b69ad27ea3962fdc492e67ea659e0b8a44eaa5352bc3b8f7c4da3124506e7b,1bee78b2e4bc34b3e12fbfdf37f7d0b203fe61917a9f69e67f44e5970998730a,fe5e953572395cceb7f50820650d8bcce531a63d141e83f5e2bce3b21549a534,4c4b709a7a9431b6e6ed604c2e1087aa038624b61fdee9c443713d253c2ecf57,9b7bde1f038dfb0f1d69577cd1f168bd40ff0ea0c5755b6e8b04a4deb0f77e63,,,,,,,,
promote_2026-04-28T19-43-49Z_a0a1,2026-04-28T19:43:49Z,icao4444-extracted,aerodrome_traffic_7_6,icao4444_aerodrome_traffic_family,icao4444_aerodrome_traffic_family,icao4444-extracted::aerodrome_traffic_7_6::e2996520d363cc72,pos5_apron_clearance,53bfbf3ab306bcb6287ba72b922b33e7e4f31ef5285634172029cf7d24526574,Clearance to taxi to apron shall be issued at Position 5.,authoritative_requirement,shall,rule,promote,supported,true,defensible,true,false,unsupported_by_source,high,false,pending,pass,pass,0,pass,pass,false,qwen3.6:35b-a3b,qwen3.6:35b-a3b,qwen2.5-coder:32b,qwen3.6:35b-a3b,qwen3.6:35b-a3b,qwen3.6:35b-a3b,24576,3,3,ollama-first-2026-04-28,25de32675884cb3976f22fb28206209e8e72a1db3a6e556bb46490935002b66c,d734d5291933bae15c654b4bbb2c90110fb66bfe6a3cd5cefadd8bb5a974b015,56b69ad27ea3962fdc492e67ea659e0b8a44eaa5352bc3b8f7c4da3124506e7b,1bee78b2e4bc34b3e12fbfdf37f7d0b203fe61917a9f69e67f44e5970998730a,fe5e953572395cceb7f50820650d8bcce531a63d141e83f5e2bce3b21549a534,4c4b709a7a9431b6e6ed604c2e1087aa038624b61fdee9c443713d253c2ecf57,9b7bde1f038dfb0f1d69577cd1f168bd40ff0ea0c5755b6e8b04a4deb0f77e63,,,,,,,,
promote_2026-04-28T19-43-49Z_a0a1,2026-04-28T19:43:49Z,icao4444-extracted,aerodrome_traffic_7_6,icao4444_aerodrome_traffic_family,icao4444_aerodrome_traffic_family,icao4444-extracted::aerodrome_traffic_7_6::30fbd81bf8effce6,pos6_parking_info,001792eb1c518e07423f22ba2d1e64a0bb0791a68438eccf2bdbcd89410ef8b9,Parking information shall be issued at Position 6 if necessary.,authoritative_requirement,shall,rule,promote,supported,true,weak,true,false,accepted,medium,true,accepted,pass,pass,0,pass,pass,false,qwen3.6:35b-a3b,qwen3.6:35b-a3b,qwen2.5-coder:32b,qwen3.6:35b-a3b,qwen3.6:35b-a3b,qwen3.6:35b-a3b,24576,3,3,ollama-first-2026-04-28,25de32675884cb3976f22fb28206209e8e72a1db3a6e556bb46490935002b66c,d734d5291933bae15c654b4bbb2c90110fb66bfe6a3cd5cefadd8bb5a974b015,56b69ad27ea3962fdc492e67ea659e0b8a44eaa5352bc3b8f7c4da3124506e7b,1bee78b2e4bc34b3e12fbfdf37f7d0b203fe61917a9f69e67f44e5970998730a,fe5e953572395cceb7f50820650d8bcce531a63d141e83f5e2bce3b21549a534,4c4b709a7a9431b6e6ed604c2e1087aa038624b61fdee9c443713d253c2ecf57,9b7bde1f038dfb0f1d69577cd1f168bd40ff0ea0c5755b6e8b04a4deb0f77e63,,,,,,,,
promote_2026-04-28T19-43-49Z_a0a1,2026-04-28T19:43:49Z,icao4444-extracted,aerodrome_traffic_7_6,icao4444_aerodrome_traffic_family,icao4444_aerodrome_traffic_family,icao4444-extracted::aerodrome_traffic_7_6::1a07c3b999bc20c7,7.6.3.1.1.1_determine_parking,ac2b1d3a026da013d3007320672b299adb15f262553da66a2961c5c711120189,"Prior to issuing a taxi clearance, the controller shall determine where the aircraft concerned is parked.",authoritative_requirement,shall,workflow_constraint,promote,supported,false,defensible,true,false,accepted,high,false,accepted,pass,pass,0,pass,pass,false,qwen3.6:35b-a3b,qwen3.6:35b-a3b,qwen2.5-coder:32b,qwen3.6:35b-a3b,qwen3.6:35b-a3b,qwen3.6:35b-a3b,24576,3,3,ollama-first-2026-04-28,25de32675884cb3976f22fb28206209e8e72a1db3a6e556bb46490935002b66c,d734d5291933bae15c654b4bbb2c90110fb66bfe6a3cd5cefadd8bb5a974b015,56b69ad27ea3962fdc492e67ea659e0b8a44eaa5352bc3b8f7c4da3124506e7b,1bee78b2e4bc34b3e12fbfdf37f7d0b203fe61917a9f69e67f44e5970998730a,fe5e953572395cceb7f50820650d8bcce531a63d141e83f5e2bce3b21549a534,4c4b709a7a9431b6e6ed604c2e1087aa038624b61fdee9c443713d253c2ecf57,9b7bde1f038dfb0f1d69577cd1f168bd40ff0ea0c5755b6e8b04a4deb0f77e63,,,,,,,,
promote_2026-04-28T19-43-49Z_a0a1,2026-04-28T19:43:49Z,icao4444-extracted,aerodrome_traffic_7_6,icao4444_aerodrome_traffic_family,icao4444_aerodrome_traffic_family,icao4444-extracted::aerodrome_traffic_7_6::fef887f99f7e7cf2,7.6.3.1.1.1_taxi_content,9baea80f202a0d49b996a5e8abc2c9b3f19a913b71833c471fdd716ec94b1b85,"Taxi clearances shall contain concise instructions and adequate information so as to assist the flight crew to follow the correct taxi routes, to avoid collision with other aircraft or objects and to minimize the potential for the aircraft ",authoritative_requirement,shall,rule,promote,supported,false,defensible,true,false,accepted,high,false,accepted,pass,pass,0,pass,pass,false,qwen3.6:35b-a3b,qwen3.6:35b-a3b,qwen2.5-coder:32b,qwen3.6:35b-a3b,qwen3.6:35b-a3b,qwen3.6:35b-a3b,24576,3,3,ollama-first-2026-04-28,25de32675884cb3976f22fb28206209e8e72a1db3a6e556bb46490935002b66c,d734d5291933bae15c654b4bbb2c90110fb66bfe6a3cd5cefadd8bb5a974b015,56b69ad27ea3962fdc492e67ea659e0b8a44eaa5352bc3b8f7c4da3124506e7b,1bee78b2e4bc34b3e12fbfdf37f7d0b203fe61917a9f69e67f44e5970998730a,fe5e953572395cceb7f50820650d8bcce531a63d141e83f5e2bce3b21549a534,4c4b709a7a9431b6e6ed604c2e1087aa038624b61fdee9c443713d253c2ecf57,9b7bde1f038dfb0f1d69577cd1f168bd40ff0ea0c5755b6e8b04a4deb0f77e63,,,,,,,,
promote_2026-04-28T19-43-49Z_a0a1,2026-04-28T19:43:49Z,icao4444-extracted,aerodrome_traffic_7_6,icao4444_aerodrome_traffic_family,icao4444_aerodrome_traffic_family,icao4444-extracted::aerodrome_traffic_7_6::9b4a9d7a51b1e9db,7.6.3.1.1.2_runway_crossing,5cd69d400540149636a7ceb7fe95d455169d6a4f7532d96028ceaab4918986a8,"When a taxi clearance contains a taxi limit beyond a runway, it shall contain an explicit clearance to cross or an instruction to hold short of that runway.",authoritative_requirement,shall,rule,promote,supported,false,defensible,true,false,accepted,high,false,accepted,pass,pass,0,pass,pass,false,qwen3.6:35b-a3b,qwen3.6:35b-a3b,qwen2.5-coder:32b,qwen3.6:35b-a3b,qwen3.6:35b-a3b,qwen3.6:35b-a3b,24576,3,3,ollama-first-2026-04-28,25de32675884cb3976f22fb28206209e8e72a1db3a6e556bb46490935002b66c,d734d5291933bae15c654b4bbb2c90110fb66bfe6a3cd5cefadd8bb5a974b015,56b69ad27ea3962fdc492e67ea659e0b8a44eaa5352bc3b8f7c4da3124506e7b,1bee78b2e4bc34b3e12fbfdf37f7d0b203fe61917a9f69e67f44e5970998730a,fe5e953572395cceb7f50820650d8bcce531a63d141e83f5e2bce3b21549a534,4c4b709a7a9431b6e6ed604c2e1087aa038624b61fdee9c443713d253c2ecf57,9b7bde1f038dfb0f1d69577cd1f168bd40ff0ea0c5755b6e8b04a4deb0f77e63,,,,,,,,
promote_2026-04-28T19-43-49Z_a0a1,2026-04-28T19:43:49Z,icao4444-extracted,aerodrome_traffic_7_6,icao4444_aerodrome_traffic_family,icao4444_aerodrome_traffic_family,icao4444-extracted::aerodrome_traffic_7_6::a1788a24ccd1e00d,7.6.3.1.1.3_standard_routes,bd3c6afb317987d11718fe3597756c3b019eb9af7c79ec8a2f9b5a2e6d28bd50,The appropriate ATS authority should whenever practicable publish in the national AIP standard taxi routes to be used at an aerodrome. Standard taxi routes should be identified by appropriate designators and should be used in taxi clearance,best_practice,should,best_practice,advisory_only,supported,false,defensible,true,false,advisory_only,high,false,pending,pass,pass,0,pass,pass,false,qwen3.6:35b-a3b,qwen3.6:35b-a3b,qwen2.5-coder:32b,qwen3.6:35b-a3b,qwen3.6:35b-a3b,qwen3.6:35b-a3b,24576,3,3,ollama-first-2026-04-28,25de32675884cb3976f22fb28206209e8e72a1db3a6e556bb46490935002b66c,d734d5291933bae15c654b4bbb2c90110fb66bfe6a3cd5cefadd8bb5a974b015,56b69ad27ea3962fdc492e67ea659e0b8a44eaa5352bc3b8f7c4da3124506e7b,1bee78b2e4bc34b3e12fbfdf37f7d0b203fe61917a9f69e67f44e5970998730a,fe5e953572395cceb7f50820650d8bcce531a63d141e83f5e2bce3b21549a534,4c4b709a7a9431b6e6ed604c2e1087aa038624b61fdee9c443713d253c2ecf57,9b7bde1f038dfb0f1d69577cd1f168bd40ff0ea0c5755b6e8b04a4deb0f77e63,,,,,,,,
promote_2026-04-28T19-43-49Z_a0a1,2026-04-28T19:43:49Z,icao4444-extracted,aerodrome_traffic_7_6,icao4444_aerodrome_traffic_family,icao4444_aerodrome_traffic_family,icao4444-extracted::aerodrome_traffic_7_6::807d3583ea1279be,7.6.3.1.1.4_unpublished_routes,2f15fd19e55598d2c5d9da68c5bfc4fe5667a5d1d9a6a356bbccdf3b4050f5f0,"Where standard taxi routes have not been published, a taxi route should, whenever possible, be described by use of taxiway and runway designators. Other relevant information, such as an aircraft to follow or give way to, shall also be provi",authoritative_requirement,shall,rule,promote,supported,true,defensible,true,false,accepted,high,false,accepted,pass,pass,0,pass,pass,false,qwen3.6:35b-a3b,qwen3.6:35b-a3b,qwen2.5-coder:32b,qwen3.6:35b-a3b,qwen3.6:35b-a3b,qwen3.6:35b-a3b,24576,3,3,ollama-first-2026-04-28,25de32675884cb3976f22fb28206209e8e72a1db3a6e556bb46490935002b66c,d734d5291933bae15c654b4bbb2c90110fb66bfe6a3cd5cefadd8bb5a974b015,56b69ad27ea3962fdc492e67ea659e0b8a44eaa5352bc3b8f7c4da3124506e7b,1bee78b2e4bc34b3e12fbfdf37f7d0b203fe61917a9f69e67f44e5970998730a,fe5e953572395cceb7f50820650d8bcce531a63d141e83f5e2bce3b21549a534,4c4b709a7a9431b6e6ed604c2e1087aa038624b61fdee9c443713d253c2ecf57,9b7bde1f038dfb0f1d69577cd1f168bd40ff0ea0c5755b6e8b04a4deb0f77e63,,,,,,,,
promote_2026-04-28T19-43-49Z_a0a1,2026-04-28T19:43:49Z,icao4444-extracted,aerodrome_traffic_7_6,icao4444_aerodrome_traffic_family,icao4444_aerodrome_traffic_family,icao4444-extracted::aerodrome_traffic_7_6::ececad1d988ba39d,note1_instrument_approach,a6b14d5572ed2af3267426c4a4f9fe7cb7e015a3c9a535efb6c33810fa64a59d,Arriving aircraft executing an instrument approach procedure will normally enter the traffic circuit on final except when visual manoeuvring to the landing runway is required.,background_support,note,definition,support_only,supported,false,defensible,true,false,advisory_only,high,false,pending,pass,pass,0,pass,pass,false,qwen3.6:35b-a3b,qwen3.6:35b-a3b,qwen2.5-coder:32b,qwen3.6:35b-a3b,qwen3.6:35b-a3b,qwen3.6:35b-a3b,24576,3,3,ollama-first-2026-04-28,25de32675884cb3976f22fb28206209e8e72a1db3a6e556bb46490935002b66c,d734d5291933bae15c654b4bbb2c90110fb66bfe6a3cd5cefadd8bb5a974b015,56b69ad27ea3962fdc492e67ea659e0b8a44eaa5352bc3b8f7c4da3124506e7b,1bee78b2e4bc34b3e12fbfdf37f7d0b203fe61917a9f69e67f44e5970998730a,fe5e953572395cceb7f50820650d8bcce531a63d141e83f5e2bce3b21549a534,4c4b709a7a9431b6e6ed604c2e1087aa038624b61fdee9c443713d253c2ecf57,9b7bde1f038dfb0f1d69577cd1f168bd40ff0ea0c5755b6e8b04a4deb0f77e63,,,,,,,,
promote_2026-04-28T19-43-49Z_a0a1,2026-04-28T19:43:49Z,icao4444-extracted,arriving_aircraft_7_10,icao4444_arriving_aircraft_family,icao4444_arriving_aircraft_family,icao4444-extracted::arriving_aircraft_7_10::e053424300a4b6f1,7.10.1_separation_prohibition,3c89d037d4b37341a7572a0d396b52f20500578a493cbe64a47851f24cbbb653,"A landing aircraft will not normally be permitted to cross the runway threshold on its final approach until the preceding departing aircraft has crossed the end of the runway-in-use, has started a turn, or until all preceding landing aircra",authoritative_requirement,shall,rule,promote,supported,true,defensible,true,false,accepted,high,false,accepted,pass,pass,0,pass,pass,false,qwen3.6:35b-a3b,qwen3.6:35b-a3b,qwen2.5-coder:32b,qwen3.6:35b-a3b,qwen3.6:35b-a3b,qwen3.6:35b-a3b,24576,3,3,ollama-first-2026-04-28,25de32675884cb3976f22fb28206209e8e72a1db3a6e556bb46490935002b66c,d734d5291933bae15c654b4bbb2c90110fb66bfe6a3cd5cefadd8bb5a974b015,56b69ad27ea3962fdc492e67ea659e0b8a44eaa5352bc3b8f7c4da3124506e7b,1bee78b2e4bc34b3e12fbfdf37f7d0b203fe61917a9f69e67f44e5970998730a,fe5e953572395cceb7f50820650d8bcce531a63d141e83f5e2bce3b21549a534,4c4b709a7a9431b6e6ed604c2e1087aa038624b61fdee9c443713d253c2ecf57,9b7bde1f038dfb0f1d69577cd1f168bd40ff0ea0c5755b6e8b04a4deb0f77e63,,,,,,,,
promote_2026-04-28T19-43-49Z_a0a1,2026-04-28T19:43:49Z,icao4444-extracted,arriving_aircraft_7_10,icao4444_arriving_aircraft_family,icao4444_arriving_aircraft_family,icao4444-extracted::arriving_aircraft_7_10::dcc6bc5c93d748ec,7.10.1_note1,22e332604ba5575ca726bddee05819e13597cfc1cc40f7b6b0804b74c3abe6d3,See Figure 7-2.,background_support,note,definition,support_only,supported,false,defensible,true,false,advisory_only,high,false,pending,pass,pass,0,pass,pass,false,qwen3.6:35b-a3b,qwen3.6:35b-a3b,qwen2.5-coder:32b,qwen3.6:35b-a3b,qwen3.6:35b-a3b,qwen3.6:35b-a3b,24576,3,3,ollama-first-2026-04-28,25de32675884cb3976f22fb28206209e8e72a1db3a6e556bb46490935002b66c,d734d5291933bae15c654b4bbb2c90110fb66bfe6a3cd5cefadd8bb5a974b015,56b69ad27ea3962fdc492e67ea659e0b8a44eaa5352bc3b8f7c4da3124506e7b,1bee78b2e4bc34b3e12fbfdf37f7d0b203fe61917a9f69e67f44e5970998730a,fe5e953572395cceb7f50820650d8bcce531a63d141e83f5e2bce3b21549a534,4c4b709a7a9431b6e6ed604c2e1087aa038624b61fdee9c443713d253c2ecf57,9b7bde1f038dfb0f1d69577cd1f168bd40ff0ea0c5755b6e8b04a4deb0f77e63,,,,,,,,
promote_2026-04-28T19-43-49Z_a0a1,2026-04-28T19:43:49Z,icao4444-extracted,arriving_aircraft_7_10,icao4444_arriving_aircraft_family,icao4444_arriving_aircraft_family,icao4444-extracted::arriving_aircraft_7_10::b74da3c290fac10d,7.10.1_note2,9c3733f5afb7bd51a2afc832d5b4a0ef4b82a738dd3250d767055d4cc2e3af0d,"Wake turbulence categories of aircraft and longitudinal separation minima are contained in Chapter 4, Section 4.9 and Chapter 5, Section 5.8, respectively.",background_support,note,definition,support_only,supported,false,defensible,true,false,advisory_only,high,false,pending,pass,pass,0,pass,pass,false,qwen3.6:35b-a3b,qwen3.6:35b-a3b,qwen2.5-coder:32b,qwen3.6:35b-a3b,qwen3.6:35b-a3b,qwen3.6:35b-a3b,24576,3,3,ollama-first-2026-04-28,25de32675884cb3976f22fb28206209e8e72a1db3a6e556bb46490935002b66c,d734d5291933bae15c654b4bbb2c90110fb66bfe6a3cd5cefadd8bb5a974b015,56b69ad27ea3962fdc492e67ea659e0b8a44eaa5352bc3b8f7c4da3124506e7b,1bee78b2e4bc34b3e12fbfdf37f7d0b203fe61917a9f69e67f44e5970998730a,fe5e953572395cceb7f50820650d8bcce531a63d141e83f5e2bce3b21549a534,4c4b709a7a9431b6e6ed604c2e1087aa038624b61fdee9c443713d253c2ecf57,9b7bde1f038dfb0f1d69577cd1f168bd40ff0ea0c5755b6e8b04a4deb0f77e63,,,,,,,,
promote_2026-04-28T19-43-49Z_a0a1,2026-04-28T19:43:49Z,icao4444-extracted,arriving_aircraft_7_10,icao4444_arriving_aircraft_family,icao4444_arriving_aircraft_family,icao4444-extracted::arriving_aircraft_7_10::b69123447be6f6b8,7.10.1_note3,d67094b00902ce3322935fadc3d16c2e7cef6d76120925556ccb4a31ceccac42,See 7.6.3.1.2.2.,background_support,note,definition,support_only,supported,false,defensible,true,false,advisory_only,high,false,pending,pass,pass,0,pass,pass,false,qwen3.6:35b-a3b,qwen3.6:35b-a3b,qwen2.5-coder:32b,qwen3.6:35b-a3b,qwen3.6:35b-a3b,qwen3.6:35b-a3b,24576,3,3,ollama-first-2026-04-28,25de32675884cb3976f22fb28206209e8e72a1db3a6e556bb46490935002b66c,d734d5291933bae15c654b4bbb2c90110fb66bfe6a3cd5cefadd8bb5a974b015,56b69ad27ea3962fdc492e67ea659e0b8a44eaa5352bc3b8f7c4da3124506e7b,1bee78b2e4bc34b3e12fbfdf37f7d0b203fe61917a9f69e67f44e5970998730a,fe5e953572395cceb7f50820650d8bcce531a63d141e83f5e2bce3b21549a534,4c4b709a7a9431b6e6ed604c2e1087aa038624b61fdee9c443713d253c2ecf57,9b7bde1f038dfb0f1d69577cd1f168bd40ff0ea0c5755b6e8b04a4deb0f77e63,,,,,,,,
promote_2026-04-28T19-43-49Z_a0a1,2026-04-28T19:43:49Z,icao4444-extracted,arriving_aircraft_7_10,icao4444_arriving_aircraft_family,icao4444_arriving_aircraft_family,icao4444-extracted::arriving_aircraft_7_10::09c82f4c076f4df1,7.10.2_clearance_condition,e22254b739768f3b89446eca6c8c8b05741cd1a80d071bc76f45aec6984bd654,"An aircraft may be cleared to land when there is reasonable assurance that the separation in 7.10.1, or prescribed in accordance with 7.11 will exist when the aircraft crosses the runway threshold.",authoritative_requirement,shall,rule,promote,supported,true,weak,true,false,accepted,high,false,accepted,pass,pass,0,pass,pass,false,qwen3.6:35b-a3b,qwen3.6:35b-a3b,qwen2.5-coder:32b,qwen3.6:35b-a3b,qwen3.6:35b-a3b,qwen3.6:35b-a3b,24576,3,3,ollama-first-2026-04-28,25de32675884cb3976f22fb28206209e8e72a1db3a6e556bb46490935002b66c,d734d5291933bae15c654b4bbb2c90110fb66bfe6a3cd5cefadd8bb5a974b015,56b69ad27ea3962fdc492e67ea659e0b8a44eaa5352bc3b8f7c4da3124506e7b,1bee78b2e4bc34b3e12fbfdf37f7d0b203fe61917a9f69e67f44e5970998730a,fe5e953572395cceb7f50820650d8bcce531a63d141e83f5e2bce3b21549a534,4c4b709a7a9431b6e6ed604c2e1087aa038624b61fdee9c443713d253c2ecf57,9b7bde1f038dfb0f1d69577cd1f168bd40ff0ea0c5755b6e8b04a4deb0f77e63,,,,,,,,
promote_2026-04-28T19-43-49Z_a0a1,2026-04-28T19:43:49Z,icao4444-extracted,arriving_aircraft_7_10,icao4444_arriving_aircraft_family,icao4444_arriving_aircraft_family,icao4444-extracted::arriving_aircraft_7_10::970816bfff3ce27e,7.10.2_clearance_timing,4b588047d5a9dde9b5e1c66a1c150b3ddf876ae2674562b042fdd6f2973dcf08,A clearance to land shall not be issued until a preceding landing aircraft has crossed the runway threshold.,authoritative_requirement,shall,rule,promote,supported,true,defensible,true,false,accepted,high,false,accepted,pass,pass,0,pass,pass,false,qwen3.6:35b-a3b,qwen3.6:35b-a3b,qwen2.5-coder:32b,qwen3.6:35b-a3b,qwen3.6:35b-a3b,qwen3.6:35b-a3b,24576,3,3,ollama-first-2026-04-28,25de32675884cb3976f22fb28206209e8e72a1db3a6e556bb46490935002b66c,d734d5291933bae15c654b4bbb2c90110fb66bfe6a3cd5cefadd8bb5a974b015,56b69ad27ea3962fdc492e67ea659e0b8a44eaa5352bc3b8f7c4da3124506e7b,1bee78b2e4bc34b3e12fbfdf37f7d0b203fe61917a9f69e67f44e5970998730a,fe5e953572395cceb7f50820650d8bcce531a63d141e83f5e2bce3b21549a534,4c4b709a7a9431b6e6ed604c2e1087aa038624b61fdee9c443713d253c2ecf57,9b7bde1f038dfb0f1d69577cd1f168bd40ff0ea0c5755b6e8b04a4deb0f77e63,,,,,,,,
promote_2026-04-28T19-43-49Z_a0a1,2026-04-28T19:43:49Z,icao4444-extracted,arriving_aircraft_7_10,icao4444_arriving_aircraft_family,icao4444_arriving_aircraft_family,icao4444-extracted::arriving_aircraft_7_10::7068da68659afff4,7.10.2_runway_designator,5e3e4f25fc035d0d13b565406c59322a0758a624a47e4a0f400f0f6630a740e1,The landing clearance shall include the designator of the landing runway.,authoritative_requirement,shall,phraseology_rule,promote,supported,false,defensible,true,false,accepted,high,false,accepted,pass,pass,0,pass,pass,false,qwen3.6:35b-a3b,qwen3.6:35b-a3b,qwen2.5-coder:32b,qwen3.6:35b-a3b,qwen3.6:35b-a3b,qwen3.6:35b-a3b,24576,3,3,ollama-first-2026-04-28,25de32675884cb3976f22fb28206209e8e72a1db3a6e556bb46490935002b66c,d734d5291933bae15c654b4bbb2c90110fb66bfe6a3cd5cefadd8bb5a974b015,56b69ad27ea3962fdc492e67ea659e0b8a44eaa5352bc3b8f7c4da3124506e7b,1bee78b2e4bc34b3e12fbfdf37f7d0b203fe61917a9f69e67f44e5970998730a,fe5e953572395cceb7f50820650d8bcce531a63d141e83f5e2bce3b21549a534,4c4b709a7a9431b6e6ed604c2e1087aa038624b61fdee9c443713d253c2ecf57,9b7bde1f038dfb0f1d69577cd1f168bd40ff0ea0c5755b6e8b04a4deb0f77e63,,,,,,,,
promote_2026-04-28T19-43-49Z_a0a1,2026-04-28T19:43:49Z,icao4444-extracted,arriving_aircraft_7_10,icao4444_arriving_aircraft_family,icao4444_arriving_aircraft_family,icao4444-extracted::arriving_aircraft_7_10::aa0f73d586f3e111,7.10.3.1a_hold_short,93bb906001c13b8df64419978703fa32ed84af368efc54e4d929cbda489777f9,A landing aircraft may be requested to hold short of an intersecting runway after landing.,authoritative_requirement,may,rule,promote,authority_too_high,false,defensible,true,false,accepted,high,false,pending,fail,pass,0,pass,fail,false,qwen3.6:35b-a3b,qwen3.6:35b-a3b,qwen2.5-coder:32b,qwen3.6:35b-a3b,qwen3.6:35b-a3b,qwen3.6:35b-a3b,24576,3,3,ollama-first-2026-04-28,25de32675884cb3976f22fb28206209e8e72a1db3a6e556bb46490935002b66c,d734d5291933bae15c654b4bbb2c90110fb66bfe6a3cd5cefadd8bb5a974b015,56b69ad27ea3962fdc492e67ea659e0b8a44eaa5352bc3b8f7c4da3124506e7b,1bee78b2e4bc34b3e12fbfdf37f7d0b203fe61917a9f69e67f44e5970998730a,fe5e953572395cceb7f50820650d8bcce531a63d141e83f5e2bce3b21549a534,4c4b709a7a9431b6e6ed604c2e1087aa038624b61fdee9c443713d253c2ecf57,9b7bde1f038dfb0f1d69577cd1f168bd40ff0ea0c5755b6e8b04a4deb0f77e63,,,,,,,,
promote_2026-04-28T19-43-49Z_a0a1,2026-04-28T19:43:49Z,icao4444-extracted,arriving_aircraft_7_10,icao4444_arriving_aircraft_family,icao4444_arriving_aircraft_family,icao4444-extracted::arriving_aircraft_7_10::3ef87813f8f2b01d,7.10.3.1b_land_beyond,a8ea7d3c60976dc6d81063f39d18091f021b24d576c8b5ab19bb166ba1a80394,A landing aircraft may be requested to land beyond the touchdown zone of the runway.,authoritative_requirement,may,rule,promote,authority_too_high,false,defensible,true,false,accepted,high,false,pending,fail,pass,0,pass,fail,false,qwen3.6:35b-a3b,qwen3.6:35b-a3b,qwen2.5-coder:32b,qwen3.6:35b-a3b,qwen3.6:35b-a3b,qwen3.6:35b-a3b,24576,3,3,ollama-first-2026-04-28,25de32675884cb3976f22fb28206209e8e72a1db3a6e556bb46490935002b66c,d734d5291933bae15c654b4bbb2c90110fb66bfe6a3cd5cefadd8bb5a974b015,56b69ad27ea3962fdc492e67ea659e0b8a44eaa5352bc3b8f7c4da3124506e7b,1bee78b2e4bc34b3e12fbfdf37f7d0b203fe61917a9f69e67f44e5970998730a,fe5e953572395cceb7f50820650d8bcce531a63d141e83f5e2bce3b21549a534,4c4b709a7a9431b6e6ed604c2e1087aa038624b61fdee9c443713d253c2ecf57,9b7bde1f038dfb0f1d69577cd1f168bd40ff0ea0c5755b6e8b04a4deb0f77e63,,,,,,,,
promote_2026-04-28T19-43-49Z_a0a1,2026-04-28T19:43:49Z,icao4444-extracted,arriving_aircraft_7_10,icao4444_arriving_aircraft_family,icao4444_arriving_aircraft_family,icao4444-extracted::arriving_aircraft_7_10::0b374c5d204b8a16,7.10.3.1c_vacate_specified,85c5e8ab3ec2a7116be29ad78247fc6d25fc671b41c2f53f01638abd5fb2d226,A landing aircraft may be requested to vacate the runway at a specified exit taxiway.,authoritative_requirement,may,rule,promote,authority_too_high,false,defensible,true,false,needs_human_review,medium,false,pending,fail,pass,0,pass,fail,false,qwen3.6:35b-a3b,qwen3.6:35b-a3b,qwen2.5-coder:32b,qwen3.6:35b-a3b,qwen3.6:35b-a3b,qwen3.6:35b-a3b,24576,3,3,ollama-first-2026-04-28,25de32675884cb3976f22fb28206209e8e72a1db3a6e556bb46490935002b66c,d734d5291933bae15c654b4bbb2c90110fb66bfe6a3cd5cefadd8bb5a974b015,56b69ad27ea3962fdc492e67ea659e0b8a44eaa5352bc3b8f7c4da3124506e7b,1bee78b2e4bc34b3e12fbfdf37f7d0b203fe61917a9f69e67f44e5970998730a,fe5e953572395cceb7f50820650d8bcce531a63d141e83f5e2bce3b21549a534,4c4b709a7a9431b6e6ed604c2e1087aa038624b61fdee9c443713d253c2ecf57,9b7bde1f038dfb0f1d69577cd1f168bd40ff0ea0c5755b6e8b04a4deb0f77e63,,,,,,,,
promote_2026-04-28T19-43-49Z_a0a1,2026-04-28T19:43:49Z,icao4444-extracted,arriving_aircraft_7_10,icao4444_arriving_aircraft_family,icao4444_arriving_aircraft_family,icao4444-extracted::arriving_aircraft_7_10::4aa25a6dde894229,7.10.3.1d_expedit_vacate,901b55961ec5e388402900c06b9ec2eefe3b11216d151d65386d61181867869f,A landing aircraft may be requested to expedite vacating the runway.,authoritative_requirement,may,rule,promote,authority_too_high,false,defensible,true,false,accepted,high,false,pending,fail,pass,0,pass,fail,false,qwen3.6:35b-a3b,qwen3.6:35b-a3b,qwen2.5-coder:32b,qwen3.6:35b-a3b,qwen3.6:35b-a3b,qwen3.6:35b-a3b,24576,3,3,ollama-first-2026-04-28,25de32675884cb3976f22fb28206209e8e72a1db3a6e556bb46490935002b66c,d734d5291933bae15c654b4bbb2c90110fb66bfe6a3cd5cefadd8bb5a974b015,56b69ad27ea3962fdc492e67ea659e0b8a44eaa5352bc3b8f7c4da3124506e7b,1bee78b2e4bc34b3e12fbfdf37f7d0b203fe61917a9f69e67f44e5970998730a,fe5e953572395cceb7f50820650d8bcce531a63d141e83f5e2bce3b21549a534,4c4b709a7a9431b6e6ed604c2e1087aa038624b61fdee9c443713d253c2ecf57,9b7bde1f038dfb0f1d69577cd1f168bd40ff0ea0c5755b6e8b04a4deb0f77e63,,,,,,,,
promote_2026-04-28T19-43-49Z_a0a1,2026-04-28T19:43:49Z,icao4444-extracted,arriving_aircraft_7_10,icao4444_arriving_aircraft_family,icao4444_arriving_aircraft_family,icao4444-extracted::arriving_aircraft_7_10::7be3b28be8d8a669,7.10.3.2_heavy_prohibition,fa5f8fca309f82072c150f093f2c5d376c41bf4ed9cb76b0e90dc8217771e17b,A HEAVY aircraft shall not be requested to land beyond the touchdown zone of a runway.,authoritative_requirement,shall,rule,promote,supported,false,defensible,true,false,accepted,high,false,accepted,pass,pass,0,pass,pass,false,qwen3.6:35b-a3b,qwen3.6:35b-a3b,qwen2.5-coder:32b,qwen3.6:35b-a3b,qwen3.6:35b-a3b,qwen3.6:35b-a3b,24576,3,3,ollama-first-2026-04-28,25de32675884cb3976f22fb28206209e8e72a1db3a6e556bb46490935002b66c,d734d5291933bae15c654b4bbb2c90110fb66bfe6a3cd5cefadd8bb5a974b015,56b69ad27ea3962fdc492e67ea659e0b8a44eaa5352bc3b8f7c4da3124506e7b,1bee78b2e4bc34b3e12fbfdf37f7d0b203fe61917a9f69e67f44e5970998730a,fe5e953572395cceb7f50820650d8bcce531a63d141e83f5e2bce3b21549a534,4c4b709a7a9431b6e6ed604c2e1087aa038624b61fdee9c443713d253c2ecf57,9b7bde1f038dfb0f1d69577cd1f168bd40ff0ea0c5755b6e8b04a4deb0f77e63,,,,,,,,
promote_2026-04-28T19-43-49Z_a0a1,2026-04-28T19:43:49Z,icao4444-extracted,arriving_aircraft_7_10,icao4444_arriving_aircraft_family,icao4444_arriving_aircraft_family,icao4444-extracted::arriving_aircraft_7_10::1a4a79af836e5494,7.10.3.3_pilot_inability,06dc05862700f23631d5ed482571f9cac0b8413f956c627e5965372b10c27411,"If the pilot-in-command considers that he or she is unable to comply with the requested operation, the controller shall be advised without delay.",authoritative_requirement,shall,workflow_constraint,promote,supported,false,defensible,true,false,accepted,high,false,accepted,pass,pass,0,pass,pass,false,qwen3.6:35b-a3b,qwen3.6:35b-a3b,qwen2.5-coder:32b,qwen3.6:35b-a3b,qwen3.6:35b-a3b,qwen3.6:35b-a3b,24576,3,3,ollama-first-2026-04-28,25de32675884cb3976f22fb28206209e8e72a1db3a6e556bb46490935002b66c,d734d5291933bae15c654b4bbb2c90110fb66bfe6a3cd5cefadd8bb5a974b015,56b69ad27ea3962fdc492e67ea659e0b8a44eaa5352bc3b8f7c4da3124506e7b,1bee78b2e4bc34b3e12fbfdf37f7d0b203fe61917a9f69e67f44e5970998730a,fe5e953572395cceb7f50820650d8bcce531a63d141e83f5e2bce3b21549a534,4c4b709a7a9431b6e6ed604c2e1087aa038624b61fdee9c443713d253c2ecf57,9b7bde1f038dfb0f1d69577cd1f168bd40ff0ea0c5755b6e8b04a4deb0f77e63,,,,,,,,
promote_2026-04-28T19-43-49Z_a0a1,2026-04-28T19:43:49Z,icao4444-extracted,arriving_aircraft_7_10,icao4444_arriving_aircraft_family,icao4444_arriving_aircraft_family,icao4444-extracted::arriving_aircraft_7_10::f09415377ab460ae,7.10.3.4_vacate_report_timing,3cbf0723753f1e9738ff4a1ca93b236e29482e742e96b635e5a34f2c6f663042,The report that a runway has been vacated shall be made when the entire aircraft is beyond the relevant runway-holding position.,authoritative_requirement,shall,rule,promote,supported,false,defensible,true,false,accepted,high,false,accepted,pass,pass,0,pass,pass,false,qwen3.6:35b-a3b,qwen3.6:35b-a3b,qwen2.5-coder:32b,qwen3.6:35b-a3b,qwen3.6:35b-a3b,qwen3.6:35b-a3b,24576,3,3,ollama-first-2026-04-28,25de32675884cb3976f22fb28206209e8e72a1db3a6e556bb46490935002b66c,d734d5291933bae15c654b4bbb2c90110fb66bfe6a3cd5cefadd8bb5a974b015,56b69ad27ea3962fdc492e67ea659e0b8a44eaa5352bc3b8f7c4da3124506e7b,1bee78b2e4bc34b3e12fbfdf37f7d0b203fe61917a9f69e67f44e5970998730a,fe5e953572395cceb7f50820650d8bcce531a63d141e83f5e2bce3b21549a534,4c4b709a7a9431b6e6ed604c2e1087aa038624b61fdee9c443713d253c2ecf57,9b7bde1f038dfb0f1d69577cd1f168bd40ff0ea0c5755b6e8b04a4deb0f77e63,,,,,,,,
promote_2026-04-28T19-43-49Z_a0a1,2026-04-28T19:43:49Z,icao4444-extracted,departing_aircraft_7_9,icao4444_departing_aircraft_family,icao4444_departing_aircraft_family,icao4444-extracted::departing_aircraft_7_9::ab5f5f8d13c39222,dep_seq_normal_order,e516a3096a3831a113d2bcdf27e9bb16a471e170812bfd1de1610a4d3a884021,Departures shall normally be cleared in the order in which they are ready for take-off.,authoritative_requirement,shall,rule,promote,supported,false,defensible,true,false,accepted,high,false,accepted,pass,pass,0,pass,pass,false,qwen3.6:35b-a3b,qwen3.6:35b-a3b,qwen2.5-coder:32b,qwen3.6:35b-a3b,qwen3.6:35b-a3b,qwen3.6:35b-a3b,24576,3,3,ollama-first-2026-04-28,25de32675884cb3976f22fb28206209e8e72a1db3a6e556bb46490935002b66c,d734d5291933bae15c654b4bbb2c90110fb66bfe6a3cd5cefadd8bb5a974b015,56b69ad27ea3962fdc492e67ea659e0b8a44eaa5352bc3b8f7c4da3124506e7b,1bee78b2e4bc34b3e12fbfdf37f7d0b203fe61917a9f69e67f44e5970998730a,fe5e953572395cceb7f50820650d8bcce531a63d141e83f5e2bce3b21549a534,4c4b709a7a9431b6e6ed604c2e1087aa038624b61fdee9c443713d253c2ecf57,9b7bde1f038dfb0f1d69577cd1f168bd40ff0ea0c5755b6e8b04a4deb0f77e63,,,,,,,,
promote_2026-04-28T19-43-49Z_a0a1,2026-04-28T19:43:49Z,icao4444-extracted,departing_aircraft_7_9,icao4444_departing_aircraft_family,icao4444_departing_aircraft_family,icao4444-extracted::departing_aircraft_7_9::bb99385ae4614b5c,dep_seq_deviation_purpose,f444b4fbce26b3394d6d97da5480dab0be390f2008b744a8870060c5e150a2e7,Deviations from the normal departure sequence order may be made to facilitate the maximum number of departures with the least average delay.,authoritative_requirement,may,rule,promote,authority_too_high,false,defensible,true,false,accepted,high,false,pending,fail,pass,0,pass,fail,false,qwen3.6:35b-a3b,qwen3.6:35b-a3b,qwen2.5-coder:32b,qwen3.6:35b-a3b,qwen3.6:35b-a3b,qwen3.6:35b-a3b,24576,3,3,ollama-first-2026-04-28,25de32675884cb3976f22fb28206209e8e72a1db3a6e556bb46490935002b66c,d734d5291933bae15c654b4bbb2c90110fb66bfe6a3cd5cefadd8bb5a974b015,56b69ad27ea3962fdc492e67ea659e0b8a44eaa5352bc3b8f7c4da3124506e7b,1bee78b2e4bc34b3e12fbfdf37f7d0b203fe61917a9f69e67f44e5970998730a,fe5e953572395cceb7f50820650d8bcce531a63d141e83f5e2bce3b21549a534,4c4b709a7a9431b6e6ed604c2e1087aa038624b61fdee9c443713d253c2ecf57,9b7bde1f038dfb0f1d69577cd1f168bd40ff0ea0c5755b6e8b04a4deb0f77e63,,,,,,,,
promote_2026-04-28T19-43-49Z_a0a1,2026-04-28T19:43:49Z,icao4444-extracted,departing_aircraft_7_9,icao4444_departing_aircraft_family,icao4444_departing_aircraft_family,icao4444-extracted::departing_aircraft_7_9::3dfc260faca27280,dep_seq_factor_performance,73c0577a1c471f9fa942637630af767881796177ba03b17686e3cf9c2d878d44,Factors to be considered in relation to the departure sequence include the types of aircraft and their relative performance.,authoritative_requirement,should,rule,promote,authority_too_high,false,defensible,true,false,accepted,high,false,pending,fail,pass,0,pass,fail,false,qwen3.6:35b-a3b,qwen3.6:35b-a3b,qwen2.5-coder:32b,qwen3.6:35b-a3b,qwen3.6:35b-a3b,qwen3.6:35b-a3b,24576,3,3,ollama-first-2026-04-28,25de32675884cb3976f22fb28206209e8e72a1db3a6e556bb46490935002b66c,d734d5291933bae15c654b4bbb2c90110fb66bfe6a3cd5cefadd8bb5a974b015,56b69ad27ea3962fdc492e67ea659e0b8a44eaa5352bc3b8f7c4da3124506e7b,1bee78b2e4bc34b3e12fbfdf37f7d0b203fe61917a9f69e67f44e5970998730a,fe5e953572395cceb7f50820650d8bcce531a63d141e83f5e2bce3b21549a534,4c4b709a7a9431b6e6ed604c2e1087aa038624b61fdee9c443713d253c2ecf57,9b7bde1f038dfb0f1d69577cd1f168bd40ff0ea0c5755b6e8b04a4deb0f77e63,,,,,,,,
promote_2026-04-28T19-43-49Z_a0a1,2026-04-28T19:43:49Z,icao4444-extracted,departing_aircraft_7_9,icao4444_departing_aircraft_family,icao4444_departing_aircraft_family,icao4444-extracted::departing_aircraft_7_9::27fd0e98338894f5,dep_seq_factor_routes,6ec4bfa6cb83466c981ad9281b2ba5787d555228dffedec71ac8f5258a68a400,Factors to be considered in relation to the departure sequence include the routes to be followed after take-off.,authoritative_requirement,should,rule,promote,authority_too_high,false,defensible,true,false,accepted,high,false,pending,fail,fail,1,pass,fail,false,qwen3.6:35b-a3b,qwen3.6:35b-a3b,qwen2.5-coder:32b,qwen3.6:35b-a3b,qwen3.6:35b-a3b,qwen3.6:35b-a3b,24576,3,3,ollama-first-2026-04-28,25de32675884cb3976f22fb28206209e8e72a1db3a6e556bb46490935002b66c,d734d5291933bae15c654b4bbb2c90110fb66bfe6a3cd5cefadd8bb5a974b015,56b69ad27ea3962fdc492e67ea659e0b8a44eaa5352bc3b8f7c4da3124506e7b,1bee78b2e4bc34b3e12fbfdf37f7d0b203fe61917a9f69e67f44e5970998730a,fe5e953572395cceb7f50820650d8bcce531a63d141e83f5e2bce3b21549a534,4c4b709a7a9431b6e6ed604c2e1087aa038624b61fdee9c443713d253c2ecf57,9b7bde1f038dfb0f1d69577cd1f168bd40ff0ea0c5755b6e8b04a4deb0f77e63,,,,,,,,
promote_2026-04-28T19-43-49Z_a0a1,2026-04-28T19:43:49Z,icao4444-extracted,departing_aircraft_7_9,icao4444_departing_aircraft_family,icao4444_departing_aircraft_family,icao4444-extracted::departing_aircraft_7_9::46d1184ac596443f,dep_seq_factor_intervals,5df89389a3603cf7971a47abcce42b86b45dcf347f4ce482ee5806d7c6b3e9dd,Factors to be considered in relation to the departure sequence include any specified minimum departure interval between take-offs.,authoritative_requirement,should,rule,promote,authority_too_high,false,defensible,true,false,accepted,high,false,pending,fail,fail,1,pass,fail,false,qwen3.6:35b-a3b,qwen3.6:35b-a3b,qwen2.5-coder:32b,qwen3.6:35b-a3b,qwen3.6:35b-a3b,qwen3.6:35b-a3b,24576,3,3,ollama-first-2026-04-28,25de32675884cb3976f22fb28206209e8e72a1db3a6e556bb46490935002b66c,d734d5291933bae15c654b4bbb2c90110fb66bfe6a3cd5cefadd8bb5a974b015,56b69ad27ea3962fdc492e67ea659e0b8a44eaa5352bc3b8f7c4da3124506e7b,1bee78b2e4bc34b3e12fbfdf37f7d0b203fe61917a9f69e67f44e5970998730a,fe5e953572395cceb7f50820650d8bcce531a63d141e83f5e2bce3b21549a534,4c4b709a7a9431b6e6ed604c2e1087aa038624b61fdee9c443713d253c2ecf57,9b7bde1f038dfb0f1d69577cd1f168bd40ff0ea0c5755b6e8b04a4deb0f77e63,,,,,,,,
promote_2026-04-28T19-43-49Z_a0a1,2026-04-28T19:43:49Z,icao4444-extracted,departing_aircraft_7_9,icao4444_departing_aircraft_family,icao4444_departing_aircraft_family,icao4444-extracted::departing_aircraft_7_9::e4d4a6ac36168dc6,dep_seq_factor_wake,7ac8dea7dea3ff61d89e8e2af41fc97f0f650a2a3e8bcbd483cea70922fcb295,Factors to be considered in relation to the departure sequence include the need to apply wake turbulence separation minima.,authoritative_requirement,should,rule,promote,authority_too_high,false,defensible,true,false,accepted,high,false,pending,fail,fail,1,pass,fail,false,qwen3.6:35b-a3b,qwen3.6:35b-a3b,qwen2.5-coder:32b,qwen3.6:35b-a3b,qwen3.6:35b-a3b,qwen3.6:35b-a3b,24576,3,3,ollama-first-2026-04-28,25de32675884cb3976f22fb28206209e8e72a1db3a6e556bb46490935002b66c,d734d5291933bae15c654b4bbb2c90110fb66bfe6a3cd5cefadd8bb5a974b015,56b69ad27ea3962fdc492e67ea659e0b8a44eaa5352bc3b8f7c4da3124506e7b,1bee78b2e4bc34b3e12fbfdf37f7d0b203fe61917a9f69e67f44e5970998730a,fe5e953572395cceb7f50820650d8bcce531a63d141e83f5e2bce3b21549a534,4c4b709a7a9431b6e6ed604c2e1087aa038624b61fdee9c443713d253c2ecf57,9b7bde1f038dfb0f1d69577cd1f168bd40ff0ea0c5755b6e8b04a4deb0f77e63,,,,,,,,
promote_2026-04-28T19-43-49Z_a0a1,2026-04-28T19:43:49Z,icao4444-extracted,departing_aircraft_7_9,icao4444_departing_aircraft_family,icao4444_departing_aircraft_family,icao4444-extracted::departing_aircraft_7_9::93557a25ed477e39,dep_seq_factor_priority,6897909a837439feab2679eda325d30937a61001c86895665406e9d6c9c77432,Factors to be considered in relation to the departure sequence include aircraft which should be afforded priority.,authoritative_requirement,should,rule,promote,authority_too_high,false,defensible,true,false,accepted,high,false,pending,fail,fail,1,pass,fail,false,qwen3.6:35b-a3b,qwen3.6:35b-a3b,qwen2.5-coder:32b,qwen3.6:35b-a3b,qwen3.6:35b-a3b,qwen3.6:35b-a3b,24576,3,3,ollama-first-2026-04-28,25de32675884cb3976f22fb28206209e8e72a1db3a6e556bb46490935002b66c,d734d5291933bae15c654b4bbb2c90110fb66bfe6a3cd5cefadd8bb5a974b015,56b69ad27ea3962fdc492e67ea659e0b8a44eaa5352bc3b8f7c4da3124506e7b,1bee78b2e4bc34b3e12fbfdf37f7d0b203fe61917a9f69e67f44e5970998730a,fe5e953572395cceb7f50820650d8bcce531a63d141e83f5e2bce3b21549a534,4c4b709a7a9431b6e6ed604c2e1087aa038624b61fdee9c443713d253c2ecf57,9b7bde1f038dfb0f1d69577cd1f168bd40ff0ea0c5755b6e8b04a4deb0f77e63,,,,,,,,
promote_2026-04-28T19-43-49Z_a0a1,2026-04-28T19:43:49Z,icao4444-extracted,departing_aircraft_7_9,icao4444_departing_aircraft_family,icao4444_departing_aircraft_family,icao4444-extracted::departing_aircraft_7_9::2732dc9b2e895827,dep_seq_factor_atfm,7edf2dcdf84c0d45b689a5b34e08e2f2f45d16e57dfaaf9bc1ac8e9a2c9dc473,Factors to be considered in relation to the departure sequence include aircraft subject to ATFM requirements.,authoritative_requirement,should,rule,promote,authority_too_high,false,defensible,true,false,needs_bundle,high,false,pending,fail,fail,1,pass,fail,false,qwen3.6:35b-a3b,qwen3.6:35b-a3b,qwen2.5-coder:32b,qwen3.6:35b-a3b,qwen3.6:35b-a3b,qwen3.6:35b-a3b,24576,3,3,ollama-first-2026-04-28,25de32675884cb3976f22fb28206209e8e72a1db3a6e556bb46490935002b66c,d734d5291933bae15c654b4bbb2c90110fb66bfe6a3cd5cefadd8bb5a974b015,56b69ad27ea3962fdc492e67ea659e0b8a44eaa5352bc3b8f7c4da3124506e7b,1bee78b2e4bc34b3e12fbfdf37f7d0b203fe61917a9f69e67f44e5970998730a,fe5e953572395cceb7f50820650d8bcce531a63d141e83f5e2bce3b21549a534,4c4b709a7a9431b6e6ed604c2e1087aa038624b61fdee9c443713d253c2ecf57,9b7bde1f038dfb0f1d69577cd1f168bd40ff0ea0c5755b6e8b04a4deb0f77e63,,,,,,,,
promote_2026-04-28T19-43-49Z_a0a1,2026-04-28T19:43:49Z,icao4444-extracted,departing_aircraft_7_9,icao4444_departing_aircraft_family,icao4444_departing_aircraft_family,icao4444-extracted::departing_aircraft_7_9::55c3a91070f9adbb,dep_seq_atfm_pilot_resp,7c9b9bc49d08c4db7739ce9c7b687ca99c3c41c25b829447c60a8e127d54a1cb,"For aircraft subject to ATFM requirements, it is the responsibility of the pilot and the operator to ensure that the aircraft is ready to taxi in time to meet any required departure time.",authoritative_requirement,shall,rule,promote,supported,true,weak,true,false,accepted,medium,true,accepted,pass,pass,0,pass,pass,false,qwen3.6:35b-a3b,qwen3.6:35b-a3b,qwen2.5-coder:32b,qwen3.6:35b-a3b,qwen3.6:35b-a3b,qwen3.6:35b-a3b,24576,3,3,ollama-first-2026-04-28,25de32675884cb3976f22fb28206209e8e72a1db3a6e556bb46490935002b66c,d734d5291933bae15c654b4bbb2c90110fb66bfe6a3cd5cefadd8bb5a974b015,56b69ad27ea3962fdc492e67ea659e0b8a44eaa5352bc3b8f7c4da3124506e7b,1bee78b2e4bc34b3e12fbfdf37f7d0b203fe61917a9f69e67f44e5970998730a,fe5e953572395cceb7f50820650d8bcce531a63d141e83f5e2bce3b21549a534,4c4b709a7a9431b6e6ed604c2e1087aa038624b61fdee9c443713d253c2ecf57,9b7bde1f038dfb0f1d69577cd1f168bd40ff0ea0c5755b6e8b04a4deb0f77e63,,,,,,,,
promote_2026-04-28T19-43-49Z_a0a1,2026-04-28T19:43:49Z,icao4444-extracted,departing_aircraft_7_9,icao4444_departing_aircraft_family,icao4444_departing_aircraft_family,icao4444-extracted::departing_aircraft_7_9::d6865a7f538c64f6,dep_sep_runway_crossing,d1fa70e00dd2b095b0caf6f3aba08b1a31061927d06455fa3ec061b0a8e4c0f4,A departing aircraft will not normally be permitted to commence take-off until the preceding departing aircraft has crossed the end of the runway-in-use or has started a turn.,authoritative_requirement,shall,rule,promote,supported,true,defensible,true,false,accepted,high,false,accepted,pass,pass,0,pass,pass,false,qwen3.6:35b-a3b,qwen3.6:35b-a3b,qwen2.5-coder:32b,qwen3.6:35b-a3b,qwen3.6:35b-a3b,qwen3.6:35b-a3b,24576,3,3,ollama-first-2026-04-28,25de32675884cb3976f22fb28206209e8e72a1db3a6e556bb46490935002b66c,d734d5291933bae15c654b4bbb2c90110fb66bfe6a3cd5cefadd8bb5a974b015,56b69ad27ea3962fdc492e67ea659e0b8a44eaa5352bc3b8f7c4da3124506e7b,1bee78b2e4bc34b3e12fbfdf37f7d0b203fe61917a9f69e67f44e5970998730a,fe5e953572395cceb7f50820650d8bcce531a63d141e83f5e2bce3b21549a534,4c4b709a7a9431b6e6ed604c2e1087aa038624b61fdee9c443713d253c2ecf57,9b7bde1f038dfb0f1d69577cd1f168bd40ff0ea0c5755b6e8b04a4deb0f77e63,,,,,,,,
promote_2026-04-28T19-43-49Z_a0a1,2026-04-28T19:43:49Z,icao4444-extracted,departing_aircraft_7_9,icao4444_departing_aircraft_family,icao4444_departing_aircraft_family,icao4444-extracted::departing_aircraft_7_9::abacaff9ac399930,dep_sep_landing_clear,905e12399ce9534254ce63fc9be706158f377f6f3a0db6416216f9492d311493,A departing aircraft will not normally be permitted to commence take-off until all preceding landing aircraft are clear of the runway-in-use.,authoritative_requirement,shall,rule,promote,supported,true,weak,true,false,needs_split,high,false,pending,pass,pass,0,pass,pass,false,qwen3.6:35b-a3b,qwen3.6:35b-a3b,qwen2.5-coder:32b,qwen3.6:35b-a3b,qwen3.6:35b-a3b,qwen3.6:35b-a3b,24576,3,3,ollama-first-2026-04-28,25de32675884cb3976f22fb28206209e8e72a1db3a6e556bb46490935002b66c,d734d5291933bae15c654b4bbb2c90110fb66bfe6a3cd5cefadd8bb5a974b015,56b69ad27ea3962fdc492e67ea659e0b8a44eaa5352bc3b8f7c4da3124506e7b,1bee78b2e4bc34b3e12fbfdf37f7d0b203fe61917a9f69e67f44e5970998730a,fe5e953572395cceb7f50820650d8bcce531a63d141e83f5e2bce3b21549a534,4c4b709a7a9431b6e6ed604c2e1087aa038624b61fdee9c443713d253c2ecf57,9b7bde1f038dfb0f1d69577cd1f168bd40ff0ea0c5755b6e8b04a4deb0f77e63,,,,,,,,
promote_2026-04-28T19-43-49Z_a0a1,2026-04-28T19:43:49Z,icao4444-extracted,departing_aircraft_7_9,icao4444_departing_aircraft_family,icao4444_departing_aircraft_family,icao4444-extracted::departing_aircraft_7_9::770b652d9783ff76,dep_clearance_separation_assurance,da864de42fa347e2c7ea0c916e490cf62d2f3e73c376954387643a99f65f6d3e,"Take-off clearance may be issued to an aircraft when there is reasonable assurance that the separation in 7.9.2, or prescribed in accordance with 7.11, will exist when the aircraft commences take-off.",authoritative_requirement,may,rule,promote,authority_too_high,false,defensible,true,false,accepted,high,false,pending,fail,pass,0,pass,fail,false,qwen3.6:35b-a3b,qwen3.6:35b-a3b,qwen2.5-coder:32b,qwen3.6:35b-a3b,qwen3.6:35b-a3b,qwen3.6:35b-a3b,24576,3,3,ollama-first-2026-04-28,25de32675884cb3976f22fb28206209e8e72a1db3a6e556bb46490935002b66c,d734d5291933bae15c654b4bbb2c90110fb66bfe6a3cd5cefadd8bb5a974b015,56b69ad27ea3962fdc492e67ea659e0b8a44eaa5352bc3b8f7c4da3124506e7b,1bee78b2e4bc34b3e12fbfdf37f7d0b203fe61917a9f69e67f44e5970998730a,fe5e953572395cceb7f50820650d8bcce531a63d141e83f5e2bce3b21549a534,4c4b709a7a9431b6e6ed604c2e1087aa038624b61fdee9c443713d253c2ecf57,9b7bde1f038dfb0f1d69577cd1f168bd40ff0ea0c5755b6e8b04a4deb0f77e63,,,,,,,,
promote_2026-04-28T19-43-49Z_a0a1,2026-04-28T19:43:49Z,icao4444-extracted,departing_aircraft_7_9,icao4444_departing_aircraft_family,icao4444_departing_aircraft_family,icao4444-extracted::departing_aircraft_7_9::d98b483f55199339,dep_clearance_atc_prereq,358d58490d02d45a8b76f46d2b9014048619e5dd1909fea5a56e8673d531f39e,"When an ATC clearance is required prior to take-off, the take-off clearance shall not be issued until the ATC clearance has been transmitted to and acknowledged by the aircraft concerned.",authoritative_requirement,shall,rule,promote,supported,false,defensible,true,false,accepted,high,false,accepted,pass,pass,0,pass,pass,false,qwen3.6:35b-a3b,qwen3.6:35b-a3b,qwen2.5-coder:32b,qwen3.6:35b-a3b,qwen3.6:35b-a3b,qwen3.6:35b-a3b,24576,3,3,ollama-first-2026-04-28,25de32675884cb3976f22fb28206209e8e72a1db3a6e556bb46490935002b66c,d734d5291933bae15c654b4bbb2c90110fb66bfe6a3cd5cefadd8bb5a974b015,56b69ad27ea3962fdc492e67ea659e0b8a44eaa5352bc3b8f7c4da3124506e7b,1bee78b2e4bc34b3e12fbfdf37f7d0b203fe61917a9f69e67f44e5970998730a,fe5e953572395cceb7f50820650d8bcce531a63d141e83f5e2bce3b21549a534,4c4b709a7a9431b6e6ed604c2e1087aa038624b61fdee9c443713d253c2ecf57,9b7bde1f038dfb0f1d69577cd1f168bd40ff0ea0c5755b6e8b04a4deb0f77e63,,,,,,,,
promote_2026-04-28T19-43-49Z_a0a1,2026-04-28T19:43:49Z,icao4444-extracted,departing_aircraft_7_9,icao4444_departing_aircraft_family,icao4444_departing_aircraft_family,icao4444-extracted::departing_aircraft_7_9::834d45b3ff296d29,dep_clearance_atc_forwarding,2a3cb80b2f5a42fc2577016acee724e587b55797d43a8f6df480c538fbe69252,The ATC clearance shall be forwarded to the aerodrome control tower with the least possible delay after receipt of a request made by the tower or prior to such request if practicable.,authoritative_requirement,shall,workflow_constraint,promote,supported,false,defensible,true,false,accepted,high,false,accepted,pass,pass,0,pass,pass,false,qwen3.6:35b-a3b,qwen3.6:35b-a3b,qwen2.5-coder:32b,qwen3.6:35b-a3b,qwen3.6:35b-a3b,qwen3.6:35b-a3b,24576,3,3,ollama-first-2026-04-28,25de32675884cb3976f22fb28206209e8e72a1db3a6e556bb46490935002b66c,d734d5291933bae15c654b4bbb2c90110fb66bfe6a3cd5cefadd8bb5a974b015,56b69ad27ea3962fdc492e67ea659e0b8a44eaa5352bc3b8f7c4da3124506e7b,1bee78b2e4bc34b3e12fbfdf37f7d0b203fe61917a9f69e67f44e5970998730a,fe5e953572395cceb7f50820650d8bcce531a63d141e83f5e2bce3b21549a534,4c4b709a7a9431b6e6ed604c2e1087aa038624b61fdee9c443713d253c2ecf57,9b7bde1f038dfb0f1d69577cd1f168bd40ff0ea0c5755b6e8b04a4deb0f77e63,,,,,,,,
promote_2026-04-28T19-43-49Z_a0a1,2026-04-28T19:43:49Z,icao4444-extracted,departing_aircraft_7_9,icao4444_departing_aircraft_family,icao4444_departing_aircraft_family,icao4444-extracted::departing_aircraft_7_9::82f95a7eb498066a,dep_clearance_phraseology_takeoff,3e73ea1fd6c531d4e11bb504b1d0e712e3ce0f74f72c23db2ddc36c2e3ee4aec,The expression TAKE-OFF shall only be used in radiotelephony when an aircraft is cleared for take-off or when cancelling a take-off clearance.,authoritative_requirement,shall,phraseology_rule,promote,supported,false,defensible,true,false,accepted,high,false,accepted,pass,pass,0,pass,pass,false,qwen3.6:35b-a3b,qwen3.6:35b-a3b,qwen2.5-coder:32b,qwen3.6:35b-a3b,qwen3.6:35b-a3b,qwen3.6:35b-a3b,24576,3,3,ollama-first-2026-04-28,25de32675884cb3976f22fb28206209e8e72a1db3a6e556bb46490935002b66c,d734d5291933bae15c654b4bbb2c90110fb66bfe6a3cd5cefadd8bb5a974b015,56b69ad27ea3962fdc492e67ea659e0b8a44eaa5352bc3b8f7c4da3124506e7b,1bee78b2e4bc34b3e12fbfdf37f7d0b203fe61917a9f69e67f44e5970998730a,fe5e953572395cceb7f50820650d8bcce531a63d141e83f5e2bce3b21549a534,4c4b709a7a9431b6e6ed604c2e1087aa038624b61fdee9c443713d253c2ecf57,9b7bde1f038dfb0f1d69577cd1f168bd40ff0ea0c5755b6e8b04a4deb0f77e63,,,,,,,,
promote_2026-04-28T19-43-49Z_a0a1,2026-04-28T19:43:49Z,icao4444-extracted,departing_aircraft_7_9,icao4444_departing_aircraft_family,icao4444_departing_aircraft_family,icao4444-extracted::departing_aircraft_7_9::6ff18b99ffa45e9e,dep_clearance_timing_position,3406e4e38a5f07261669ed26c2cd37f90308c27a5076f4b0a528f97b0d89c6e4,"The take-off clearance shall be issued when the aircraft is ready for take-off and at or approaching the departure runway, and the traffic situation permits.",authoritative_requirement,shall,rule,promote,supported,false,defensible,true,false,accepted,high,false,accepted,pass,pass,0,pass,pass,false,qwen3.6:35b-a3b,qwen3.6:35b-a3b,qwen2.5-coder:32b,qwen3.6:35b-a3b,qwen3.6:35b-a3b,qwen3.6:35b-a3b,24576,3,3,ollama-first-2026-04-28,25de32675884cb3976f22fb28206209e8e72a1db3a6e556bb46490935002b66c,d734d5291933bae15c654b4bbb2c90110fb66bfe6a3cd5cefadd8bb5a974b015,56b69ad27ea3962fdc492e67ea659e0b8a44eaa5352bc3b8f7c4da3124506e7b,1bee78b2e4bc34b3e12fbfdf37f7d0b203fe61917a9f69e67f44e5970998730a,fe5e953572395cceb7f50820650d8bcce531a63d141e83f5e2bce3b21549a534,4c4b709a7a9431b6e6ed604c2e1087aa038624b61fdee9c443713d253c2ecf57,9b7bde1f038dfb0f1d69577cd1f168bd40ff0ea0c5755b6e8b04a4deb0f77e63,,,,,,,,
promote_2026-04-28T19-43-49Z_a0a1,2026-04-28T19:43:49Z,icao4444-extracted,departing_aircraft_7_9,icao4444_departing_aircraft_family,icao4444_departing_aircraft_family,icao4444-extracted::departing_aircraft_7_9::6e31619fc0f871eb,dep_clearance_runway_designator,38cae2f300c425918ab480d85502c98d1e2cdf69ca13114e54ffb321faa8239e,"To reduce the potential for misunderstanding, the take-off clearance shall include the designator of the departure runway.",authoritative_requirement,shall,phraseology_rule,promote,supported,false,defensible,true,false,accepted,high,false,accepted,pass,pass,0,pass,pass,false,qwen3.6:35b-a3b,qwen3.6:35b-a3b,qwen2.5-coder:32b,qwen3.6:35b-a3b,qwen3.6:35b-a3b,qwen3.6:35b-a3b,24576,3,3,ollama-first-2026-04-28,25de32675884cb3976f22fb28206209e8e72a1db3a6e556bb46490935002b66c,d734d5291933bae15c654b4bbb2c90110fb66bfe6a3cd5cefadd8bb5a974b015,56b69ad27ea3962fdc492e67ea659e0b8a44eaa5352bc3b8f7c4da3124506e7b,1bee78b2e4bc34b3e12fbfdf37f7d0b203fe61917a9f69e67f44e5970998730a,fe5e953572395cceb7f50820650d8bcce531a63d141e83f5e2bce3b21549a534,4c4b709a7a9431b6e6ed604c2e1087aa038624b61fdee9c443713d253c2ecf57,9b7bde1f038dfb0f1d69577cd1f168bd40ff0ea0c5755b6e8b04a4deb0f77e63,,,,,,,,
promote_2026-04-28T19-43-49Z_a0a1,2026-04-28T19:43:49Z,icao4444-extracted,departing_aircraft_7_9,icao4444_departing_aircraft_family,icao4444_departing_aircraft_family,icao4444-extracted::departing_aircraft_7_9::9d3985c4744b363b,dep_clearance_immediate_issuance,6be34384f267cbaee76bf1f6b880495a331cea0486e11bf443525c3839217d59,"In the interest of expediting traffic, a clearance for immediate take-off may be issued to an aircraft before it enters the runway.",authoritative_requirement,may,rule,promote,authority_too_high,false,defensible,true,false,accepted,high,false,pending,fail,pass,0,pass,fail,false,qwen3.6:35b-a3b,qwen3.6:35b-a3b,qwen2.5-coder:32b,qwen3.6:35b-a3b,qwen3.6:35b-a3b,qwen3.6:35b-a3b,24576,3,3,ollama-first-2026-04-28,25de32675884cb3976f22fb28206209e8e72a1db3a6e556bb46490935002b66c,d734d5291933bae15c654b4bbb2c90110fb66bfe6a3cd5cefadd8bb5a974b015,56b69ad27ea3962fdc492e67ea659e0b8a44eaa5352bc3b8f7c4da3124506e7b,1bee78b2e4bc34b3e12fbfdf37f7d0b203fe61917a9f69e67f44e5970998730a,fe5e953572395cceb7f50820650d8bcce531a63d141e83f5e2bce3b21549a534,4c4b709a7a9431b6e6ed604c2e1087aa038624b61fdee9c443713d253c2ecf57,9b7bde1f038dfb0f1d69577cd1f168bd40ff0ea0c5755b6e8b04a4deb0f77e63,,,,,,,,
promote_2026-04-28T19-43-49Z_a0a1,2026-04-28T19:43:49Z,icao4444-extracted,departing_aircraft_7_9,icao4444_departing_aircraft_family,icao4444_departing_aircraft_family,icao4444-extracted::departing_aircraft_7_9::d17621e3f9b27b76,dep_clearance_immediate_execution,6c985d5cb5bc879a7a2e27c60a86b2010c92bb52c63cad94efc105e4483d6be3,"On acceptance of a clearance for immediate take-off, the aircraft shall taxi out to the runway and take off in one continuous movement.",authoritative_requirement,shall,rule,promote,supported,false,defensible,true,false,accepted,high,false,accepted,pass,pass,0,pass,pass,false,qwen3.6:35b-a3b,qwen3.6:35b-a3b,qwen2.5-coder:32b,qwen3.6:35b-a3b,qwen3.6:35b-a3b,qwen3.6:35b-a3b,24576,3,3,ollama-first-2026-04-28,25de32675884cb3976f22fb28206209e8e72a1db3a6e556bb46490935002b66c,d734d5291933bae15c654b4bbb2c90110fb66bfe6a3cd5cefadd8bb5a974b015,56b69ad27ea3962fdc492e67ea659e0b8a44eaa5352bc3b8f7c4da3124506e7b,1bee78b2e4bc34b3e12fbfdf37f7d0b203fe61917a9f69e67f44e5970998730a,fe5e953572395cceb7f50820650d8bcce531a63d141e83f5e2bce3b21549a534,4c4b709a7a9431b6e6ed604c2e1087aa038624b61fdee9c443713d253c2ecf57,9b7bde1f038dfb0f1d69577cd1f168bd40ff0ea0c5755b6e8b04a4deb0f77e63,,,,,,,,
promote_2026-04-28T19-43-49Z_a0a1,2026-04-28T19:43:49Z,icao4444-extracted,readback_4_5_7_5,icao4444_readback_family,icao4444_readback_family,icao4444-extracted::readback_4_5_7_5::1cc502e99b33ace6,req_flight_crew_voice_readback,3a423fb6e2165037af823b6224bdda2c933a485c8c562b5b8bbe95dbe0ca7629,The flight crew shall read back to the air traffic controller safety-related parts of ATC clearances and instructions which are transmitted by voice.,authoritative_requirement,shall,rule,promote,underspecified,false,defensible,false,false,needs_bundle,high,false,pending,pass,pass,0,pass,pass,false,qwen3.6:35b-a3b,qwen3.6:35b-a3b,qwen2.5-coder:32b,qwen3.6:35b-a3b,qwen3.6:35b-a3b,qwen3.6:35b-a3b,24576,3,3,ollama-first-2026-04-28,25de32675884cb3976f22fb28206209e8e72a1db3a6e556bb46490935002b66c,d734d5291933bae15c654b4bbb2c90110fb66bfe6a3cd5cefadd8bb5a974b015,56b69ad27ea3962fdc492e67ea659e0b8a44eaa5352bc3b8f7c4da3124506e7b,1bee78b2e4bc34b3e12fbfdf37f7d0b203fe61917a9f69e67f44e5970998730a,fe5e953572395cceb7f50820650d8bcce531a63d141e83f5e2bce3b21549a534,4c4b709a7a9431b6e6ed604c2e1087aa038624b61fdee9c443713d253c2ecf57,9b7bde1f038dfb0f1d69577cd1f168bd40ff0ea0c5755b6e8b04a4deb0f77e63,,,,,,,,
promote_2026-04-28T19-43-49Z_a0a1,2026-04-28T19:43:49Z,icao4444-extracted,readback_4_5_7_5,icao4444_readback_family,icao4444_readback_family,icao4444-extracted::readback_4_5_7_5::ecac62a54c5f698f,req_readback_atc_route,99aa8c31269fd4b5b5f5b7ad90b1336bfa1ab8953b5d948b913bd1f04e45a75c,ATC route clearances shall always be read back.,authoritative_requirement,shall,rule,promote,supported,true,defensible,true,false,accepted,high,false,accepted,pass,pass,0,pass,pass,false,qwen3.6:35b-a3b,qwen3.6:35b-a3b,qwen2.5-coder:32b,qwen3.6:35b-a3b,qwen3.6:35b-a3b,qwen3.6:35b-a3b,24576,3,3,ollama-first-2026-04-28,25de32675884cb3976f22fb28206209e8e72a1db3a6e556bb46490935002b66c,d734d5291933bae15c654b4bbb2c90110fb66bfe6a3cd5cefadd8bb5a974b015,56b69ad27ea3962fdc492e67ea659e0b8a44eaa5352bc3b8f7c4da3124506e7b,1bee78b2e4bc34b3e12fbfdf37f7d0b203fe61917a9f69e67f44e5970998730a,fe5e953572395cceb7f50820650d8bcce531a63d141e83f5e2bce3b21549a534,4c4b709a7a9431b6e6ed604c2e1087aa038624b61fdee9c443713d253c2ecf57,9b7bde1f038dfb0f1d69577cd1f168bd40ff0ea0c5755b6e8b04a4deb0f77e63,,,,,,,,
promote_2026-04-28T19-43-49Z_a0a1,2026-04-28T19:43:49Z,icao4444-extracted,readback_4_5_7_5,icao4444_readback_family,icao4444_readback_family,icao4444-extracted::readback_4_5_7_5::eb9186d5355d8914,req_readback_runway_operations,227d69c2de1b337d9d9dd6ac6f9b2f0558a3f81d64626a826210885e20041db8,"Clearances and instructions to enter, land on, take off from, hold short of, cross, taxi and backtrack on any runway shall always be read back.",authoritative_requirement,shall,rule,promote,supported,true,defensible,true,false,accepted,high,false,accepted,pass,pass,0,pass,pass,false,qwen3.6:35b-a3b,qwen3.6:35b-a3b,qwen2.5-coder:32b,qwen3.6:35b-a3b,qwen3.6:35b-a3b,qwen3.6:35b-a3b,24576,3,3,ollama-first-2026-04-28,25de32675884cb3976f22fb28206209e8e72a1db3a6e556bb46490935002b66c,d734d5291933bae15c654b4bbb2c90110fb66bfe6a3cd5cefadd8bb5a974b015,56b69ad27ea3962fdc492e67ea659e0b8a44eaa5352bc3b8f7c4da3124506e7b,1bee78b2e4bc34b3e12fbfdf37f7d0b203fe61917a9f69e67f44e5970998730a,fe5e953572395cceb7f50820650d8bcce531a63d141e83f5e2bce3b21549a534,4c4b709a7a9431b6e6ed604c2e1087aa038624b61fdee9c443713d253c2ecf57,9b7bde1f038dfb0f1d69577cd1f168bd40ff0ea0c5755b6e8b04a4deb0f77e63,,,,,,,,
promote_2026-04-28T19-43-49Z_a0a1,2026-04-28T19:43:49Z,icao4444-extracted,readback_4_5_7_5,icao4444_readback_family,icao4444_readback_family,icao4444-extracted::readback_4_5_7_5::231291f0f23ef8c1,req_readback_level_altimeter_ssr_heading_speed,c8b5397d507bb947dce77985f1fa044cbf9eea46d0eb1c8abc7156c8994b42c4,"Runway-in-use, altimeter settings, SSR codes, level instructions, heading and speed instructions, and transition levels (whether issued by the controller or contained in ATIS broadcasts) shall always be read back.",authoritative_requirement,shall,rule,promote,supported,true,defensible,true,false,accepted,high,false,accepted,pass,pass,0,pass,pass,false,qwen3.6:35b-a3b,qwen3.6:35b-a3b,qwen2.5-coder:32b,qwen3.6:35b-a3b,qwen3.6:35b-a3b,qwen3.6:35b-a3b,24576,3,3,ollama-first-2026-04-28,25de32675884cb3976f22fb28206209e8e72a1db3a6e556bb46490935002b66c,d734d5291933bae15c654b4bbb2c90110fb66bfe6a3cd5cefadd8bb5a974b015,56b69ad27ea3962fdc492e67ea659e0b8a44eaa5352bc3b8f7c4da3124506e7b,1bee78b2e4bc34b3e12fbfdf37f7d0b203fe61917a9f69e67f44e5970998730a,fe5e953572395cceb7f50820650d8bcce531a63d141e83f5e2bce3b21549a534,4c4b709a7a9431b6e6ed604c2e1087aa038624b61fdee9c443713d253c2ecf57,9b7bde1f038dfb0f1d69577cd1f168bd40ff0ea0c5755b6e8b04a4deb0f77e63,,,,,,,,
promote_2026-04-28T19-43-49Z_a0a1,2026-04-28T19:43:49Z,icao4444-extracted,readback_4_5_7_5,icao4444_readback_family,icao4444_readback_family,icao4444-extracted::readback_4_5_7_5::5683bc5995947c9f,guidance_level_phraseology,7b3060b1f7a7754b66b6099380d7c4c74208eb9e9172d047dfa91e1a64f42fc5,"If the level of an aircraft is reported in relation to standard pressure 1 013.2 hPa, the words “FLIGHT LEVEL” precede the level figures. If the level of the aircraft is reported in relation to QNH/QFE, the figures are followed by the word ",operational_guidance,note,phraseology_rule,advisory_only,supported,false,defensible,true,false,advisory_only,high,false,pending,pass,pass,0,pass,pass,false,qwen3.6:35b-a3b,qwen3.6:35b-a3b,qwen2.5-coder:32b,qwen3.6:35b-a3b,qwen3.6:35b-a3b,qwen3.6:35b-a3b,24576,3,3,ollama-first-2026-04-28,25de32675884cb3976f22fb28206209e8e72a1db3a6e556bb46490935002b66c,d734d5291933bae15c654b4bbb2c90110fb66bfe6a3cd5cefadd8bb5a974b015,56b69ad27ea3962fdc492e67ea659e0b8a44eaa5352bc3b8f7c4da3124506e7b,1bee78b2e4bc34b3e12fbfdf37f7d0b203fe61917a9f69e67f44e5970998730a,fe5e953572395cceb7f50820650d8bcce531a63d141e83f5e2bce3b21549a534,4c4b709a7a9431b6e6ed604c2e1087aa038624b61fdee9c443713d253c2ecf57,9b7bde1f038dfb0f1d69577cd1f168bd40ff0ea0c5755b6e8b04a4deb0f77e63,,,,,,,,
promote_2026-04-28T19-43-49Z_a0a1,2026-04-28T19:43:49Z,icao4444-extracted,readback_4_5_7_5,icao4444_readback_family,icao4444_readback_family,icao4444-extracted::readback_4_5_7_5::5ac4764fb7dc7545,req_other_clearances_readback,5cf9d01fdcd65ebfac0e84bc14f414a6ff3dbdf06de3cd9a65078ddd6ffba006,"Other clearances or instructions, including conditional clearances, shall be read back or acknowledged in a manner to clearly indicate that they have been understood and will be complied with.",authoritative_requirement,shall,rule,promote,supported,false,defensible,true,false,accepted,high,false,accepted,pass,pass,0,pass,pass,false,qwen3.6:35b-a3b,qwen3.6:35b-a3b,qwen2.5-coder:32b,qwen3.6:35b-a3b,qwen3.6:35b-a3b,qwen3.6:35b-a3b,24576,3,3,ollama-first-2026-04-28,25de32675884cb3976f22fb28206209e8e72a1db3a6e556bb46490935002b66c,d734d5291933bae15c654b4bbb2c90110fb66bfe6a3cd5cefadd8bb5a974b015,56b69ad27ea3962fdc492e67ea659e0b8a44eaa5352bc3b8f7c4da3124506e7b,1bee78b2e4bc34b3e12fbfdf37f7d0b203fe61917a9f69e67f44e5970998730a,fe5e953572395cceb7f50820650d8bcce531a63d141e83f5e2bce3b21549a534,4c4b709a7a9431b6e6ed604c2e1087aa038624b61fdee9c443713d253c2ecf57,9b7bde1f038dfb0f1d69577cd1f168bd40ff0ea0c5755b6e8b04a4deb0f77e63,,,,,,,,
promote_2026-04-28T19-43-49Z_a0a1,2026-04-28T19:43:49Z,icao4444-extracted,readback_4_5_7_5,icao4444_readback_family,icao4444_readback_family,icao4444-extracted::readback_4_5_7_5::9fc25ce6dc53f75d,req_controller_listen_correct,7863d4ef08b70d54182102003206a6cd44c84b2e0f1f318ff78f929c0bda4d28,The controller shall listen to the readback to ascertain that the clearance or instruction has been correctly acknowledged by the flight crew and shall take immediate action to correct any discrepancies revealed by the readback.,authoritative_requirement,shall,rule,promote,supported,false,defensible,true,false,accepted,high,false,accepted,pass,pass,0,pass,pass,false,qwen3.6:35b-a3b,qwen3.6:35b-a3b,qwen2.5-coder:32b,qwen3.6:35b-a3b,qwen3.6:35b-a3b,qwen3.6:35b-a3b,24576,3,3,ollama-first-2026-04-28,25de32675884cb3976f22fb28206209e8e72a1db3a6e556bb46490935002b66c,d734d5291933bae15c654b4bbb2c90110fb66bfe6a3cd5cefadd8bb5a974b015,56b69ad27ea3962fdc492e67ea659e0b8a44eaa5352bc3b8f7c4da3124506e7b,1bee78b2e4bc34b3e12fbfdf37f7d0b203fe61917a9f69e67f44e5970998730a,fe5e953572395cceb7f50820650d8bcce531a63d141e83f5e2bce3b21549a534,4c4b709a7a9431b6e6ed604c2e1087aa038624b61fdee9c443713d253c2ecf57,9b7bde1f038dfb0f1d69577cd1f168bd40ff0ea0c5755b6e8b04a4deb0f77e63,,,,,,,,
promote_2026-04-28T19-43-49Z_a0a1,2026-04-28T19:43:49Z,icao4444-extracted,readback_4_5_7_5,icao4444_readback_family,icao4444_readback_family,icao4444-extracted::readback_4_5_7_5::92e99b3e3a4d51a7,req_cpdlc_no_voice_readback,3e72122f579de52b236970577e09eeb21760c3448e2013210be13d31174b898a,"Unless specified by the appropriate ATS authority, voice readback of controller-pilot data link communications (CPDLC) messages shall not be required.",authoritative_requirement,shall,rule,promote,supported,false,defensible,true,false,accepted,high,false,accepted,pass,pass,0,pass,pass,false,qwen3.6:35b-a3b,qwen3.6:35b-a3b,qwen2.5-coder:32b,qwen3.6:35b-a3b,qwen3.6:35b-a3b,qwen3.6:35b-a3b,24576,3,3,ollama-first-2026-04-28,25de32675884cb3976f22fb28206209e8e72a1db3a6e556bb46490935002b66c,d734d5291933bae15c654b4bbb2c90110fb66bfe6a3cd5cefadd8bb5a974b015,56b69ad27ea3962fdc492e67ea659e0b8a44eaa5352bc3b8f7c4da3124506e7b,1bee78b2e4bc34b3e12fbfdf37f7d0b203fe61917a9f69e67f44e5970998730a,fe5e953572395cceb7f50820650d8bcce531a63d141e83f5e2bce3b21549a534,4c4b709a7a9431b6e6ed604c2e1087aa038624b61fdee9c443713d253c2ecf57,9b7bde1f038dfb0f1d69577cd1f168bd40ff0ea0c5755b6e8b04a4deb0f77e63,,,,,,,,
promote_2026-04-28T19-43-49Z_a0a1,2026-04-28T19:43:49Z,icao4444-extracted,readback_4_5_7_5,icao4444_readback_family,icao4444_readback_family,icao4444-extracted::readback_4_5_7_5::80a171af98372544,support_cpdlc_reference,be0f1de0927ca97aa7d45dcf1b8df3ea555dfd022d2264ec1516fb69b1c656fa,"The procedures and provisions relating to the exchange and acknowledgement of CPDLC messages are contained in Annex 10, Volume II and the PANS-ATM, Chapter 14.",background_support,note,definition,support_only,supported,false,defensible,true,false,advisory_only,high,false,pending,pass,pass,0,pass,pass,false,qwen3.6:35b-a3b,qwen3.6:35b-a3b,qwen2.5-coder:32b,qwen3.6:35b-a3b,qwen3.6:35b-a3b,qwen3.6:35b-a3b,24576,3,3,ollama-first-2026-04-28,25de32675884cb3976f22fb28206209e8e72a1db3a6e556bb46490935002b66c,d734d5291933bae15c654b4bbb2c90110fb66bfe6a3cd5cefadd8bb5a974b015,56b69ad27ea3962fdc492e67ea659e0b8a44eaa5352bc3b8f7c4da3124506e7b,1bee78b2e4bc34b3e12fbfdf37f7d0b203fe61917a9f69e67f44e5970998730a,fe5e953572395cceb7f50820650d8bcce531a63d141e83f5e2bce3b21549a534,4c4b709a7a9431b6e6ed604c2e1087aa038624b61fdee9c443713d253c2ecf57,9b7bde1f038dfb0f1d69577cd1f168bd40ff0ea0c5755b6e8b04a4deb0f77e63,,,,,,,,
promote_2026-04-28T19-43-49Z_a0a1,2026-04-28T19:43:49Z,icao4444-extracted,reduced_runway_7_11,icao4444_reduced_runway_family,icao4444_reduced_runway_family,icao4444-extracted::reduced_runway_7_11::66fc07893e930bcb,req_safety_assessment_prereq,1a1e8080d67fc3cbc994964e7e4f88af2b5b75d36f4b5bf26c0a8eaea81dc33f,"Lower runway separation minima may be prescribed by the appropriate ATS authority, after consultation with the operators, provided that an appropriate, documented safety assessment has shown that an acceptable level of safety can be met.",authoritative_requirement,may,rule,promote,supported,false,defensible,true,false,accepted,high,false,pending,fail,pass,0,pass,fail,false,qwen3.6:35b-a3b,qwen3.6:35b-a3b,qwen2.5-coder:32b,qwen3.6:35b-a3b,qwen3.6:35b-a3b,qwen3.6:35b-a3b,24576,3,3,ollama-first-2026-04-28,25de32675884cb3976f22fb28206209e8e72a1db3a6e556bb46490935002b66c,d734d5291933bae15c654b4bbb2c90110fb66bfe6a3cd5cefadd8bb5a974b015,56b69ad27ea3962fdc492e67ea659e0b8a44eaa5352bc3b8f7c4da3124506e7b,1bee78b2e4bc34b3e12fbfdf37f7d0b203fe61917a9f69e67f44e5970998730a,fe5e953572395cceb7f50820650d8bcce531a63d141e83f5e2bce3b21549a534,4c4b709a7a9431b6e6ed604c2e1087aa038624b61fdee9c443713d253c2ecf57,9b7bde1f038dfb0f1d69577cd1f168bd40ff0ea0c5755b6e8b04a4deb0f77e63,,,,,,,,
promote_2026-04-28T19-43-49Z_a0a1,2026-04-28T19:43:49Z,icao4444-extracted,reduced_runway_7_11,icao4444_reduced_runway_family,icao4444_reduced_runway_family,icao4444-extracted::reduced_runway_7_11::b085440b53cb0a9b,req_safety_assessment_scope,a3bbb011731a009ef2d4863ec17c3ae0c99dcc4576a43dfb36ab199a8decc6ae,The safety assessment for reduced runway separation minima shall be carried out for each runway for which the reduced minima are intended.,authoritative_requirement,shall,rule,promote,supported,false,defensible,true,false,accepted,high,false,accepted,pass,pass,0,pass,pass,false,qwen3.6:35b-a3b,qwen3.6:35b-a3b,qwen2.5-coder:32b,qwen3.6:35b-a3b,qwen3.6:35b-a3b,qwen3.6:35b-a3b,24576,3,3,ollama-first-2026-04-28,25de32675884cb3976f22fb28206209e8e72a1db3a6e556bb46490935002b66c,d734d5291933bae15c654b4bbb2c90110fb66bfe6a3cd5cefadd8bb5a974b015,56b69ad27ea3962fdc492e67ea659e0b8a44eaa5352bc3b8f7c4da3124506e7b,1bee78b2e4bc34b3e12fbfdf37f7d0b203fe61917a9f69e67f44e5970998730a,fe5e953572395cceb7f50820650d8bcce531a63d141e83f5e2bce3b21549a534,4c4b709a7a9431b6e6ed604c2e1087aa038624b61fdee9c443713d253c2ecf57,9b7bde1f038dfb0f1d69577cd1f168bd40ff0ea0c5755b6e8b04a4deb0f77e63,,,,,,,,
promote_2026-04-28T19-43-49Z_a0a1,2026-04-28T19:43:49Z,icao4444-extracted,reduced_runway_7_11,icao4444_reduced_runway_family,icao4444_reduced_runway_family,icao4444-extracted::reduced_runway_7_11::ec97fc6aacd6ff7f,req_safety_assessment_factors,59fbe13e4cf56d1be176f47cadccfb45f0849b2d0a759eeb8651329dd1a230b6,"The safety assessment shall take into account runway length, aerodrome layout, and types/categories of aircraft involved.",authoritative_requirement,shall,rule,promote,supported,true,defensible,true,false,accepted,high,false,accepted,pass,pass,0,pass,pass,false,qwen3.6:35b-a3b,qwen3.6:35b-a3b,qwen2.5-coder:32b,qwen3.6:35b-a3b,qwen3.6:35b-a3b,qwen3.6:35b-a3b,24576,3,3,ollama-first-2026-04-28,25de32675884cb3976f22fb28206209e8e72a1db3a6e556bb46490935002b66c,d734d5291933bae15c654b4bbb2c90110fb66bfe6a3cd5cefadd8bb5a974b015,56b69ad27ea3962fdc492e67ea659e0b8a44eaa5352bc3b8f7c4da3124506e7b,1bee78b2e4bc34b3e12fbfdf37f7d0b203fe61917a9f69e67f44e5970998730a,fe5e953572395cceb7f50820650d8bcce531a63d141e83f5e2bce3b21549a534,4c4b709a7a9431b6e6ed604c2e1087aa038624b61fdee9c443713d253c2ecf57,9b7bde1f038dfb0f1d69577cd1f168bd40ff0ea0c5755b6e8b04a4deb0f77e63,,,,,,,,
promote_2026-04-28T19-43-49Z_a0a1,2026-04-28T19:43:49Z,icao4444-extracted,reduced_runway_7_11,icao4444_reduced_runway_family,icao4444_reduced_runway_family,icao4444-extracted::reduced_runway_7_11::6897e091db5d0a7b,req_procedure_publication,2d8ca01b508545cb892ccc266762213249e9729c96ff3e77f4c6bd0d327c64c3,All applicable procedures related to the application of reduced runway separation minima shall be published in the Aeronautical Information Publication as well as in local air traffic control instructions.,authoritative_requirement,shall,rule,promote,supported,false,defensible,true,false,accepted,high,false,accepted,pass,pass,0,pass,pass,false,qwen3.6:35b-a3b,qwen3.6:35b-a3b,qwen2.5-coder:32b,qwen3.6:35b-a3b,qwen3.6:35b-a3b,qwen3.6:35b-a3b,24576,3,3,ollama-first-2026-04-28,25de32675884cb3976f22fb28206209e8e72a1db3a6e556bb46490935002b66c,d734d5291933bae15c654b4bbb2c90110fb66bfe6a3cd5cefadd8bb5a974b015,56b69ad27ea3962fdc492e67ea659e0b8a44eaa5352bc3b8f7c4da3124506e7b,1bee78b2e4bc34b3e12fbfdf37f7d0b203fe61917a9f69e67f44e5970998730a,fe5e953572395cceb7f50820650d8bcce531a63d141e83f5e2bce3b21549a534,4c4b709a7a9431b6e6ed604c2e1087aa038624b61fdee9c443713d253c2ecf57,9b7bde1f038dfb0f1d69577cd1f168bd40ff0ea0c5755b6e8b04a4deb0f77e63,,,,,,,,
promote_2026-04-28T19-43-49Z_a0a1,2026-04-28T19:43:49Z,icao4444-extracted,reduced_runway_7_11,icao4444_reduced_runway_family,icao4444_reduced_runway_family,icao4444-extracted::reduced_runway_7_11::3df0f862644bc42e,req_controller_training,5168468fa15829ac2b890eb4f537220d473f03011001bf319448d62cf6f82874,Controllers shall be provided with appropriate and adequate training in the use of the procedures for reduced runway separation minima.,authoritative_requirement,shall,rule,promote,supported,false,defensible,true,false,accepted,high,false,accepted,pass,pass,0,pass,pass,false,qwen3.6:35b-a3b,qwen3.6:35b-a3b,qwen2.5-coder:32b,qwen3.6:35b-a3b,qwen3.6:35b-a3b,qwen3.6:35b-a3b,24576,3,3,ollama-first-2026-04-28,25de32675884cb3976f22fb28206209e8e72a1db3a6e556bb46490935002b66c,d734d5291933bae15c654b4bbb2c90110fb66bfe6a3cd5cefadd8bb5a974b015,56b69ad27ea3962fdc492e67ea659e0b8a44eaa5352bc3b8f7c4da3124506e7b,1bee78b2e4bc34b3e12fbfdf37f7d0b203fe61917a9f69e67f44e5970998730a,fe5e953572395cceb7f50820650d8bcce531a63d141e83f5e2bce3b21549a534,4c4b709a7a9431b6e6ed604c2e1087aa038624b61fdee9c443713d253c2ecf57,9b7bde1f038dfb0f1d69577cd1f168bd40ff0ea0c5755b6e8b04a4deb0f77e63,,,,,,,,
promote_2026-04-28T19-43-49Z_a0a1,2026-04-28T19:43:49Z,icao4444-extracted,reduced_runway_7_11,icao4444_reduced_runway_family,icao4444_reduced_runway_family,icao4444-extracted::reduced_runway_7_11::e80337a5d18417a7,req_daylight_application,e2a76820949311814f8c35dd33c02e472de759ffe0f6d3f256b0828940707ae5,Reduced runway separation minima shall only be applied during the hours of daylight from 30 minutes after local sunrise to 30 minutes before local sunset.,authoritative_requirement,shall,rule,promote,supported,false,defensible,true,false,accepted,high,false,accepted,pass,pass,0,pass,pass,false,qwen3.6:35b-a3b,qwen3.6:35b-a3b,qwen2.5-coder:32b,qwen3.6:35b-a3b,qwen3.6:35b-a3b,qwen3.6:35b-a3b,24576,3,3,ollama-first-2026-04-28,25de32675884cb3976f22fb28206209e8e72a1db3a6e556bb46490935002b66c,d734d5291933bae15c654b4bbb2c90110fb66bfe6a3cd5cefadd8bb5a974b015,56b69ad27ea3962fdc492e67ea659e0b8a44eaa5352bc3b8f7c4da3124506e7b,1bee78b2e4bc34b3e12fbfdf37f7d0b203fe61917a9f69e67f44e5970998730a,fe5e953572395cceb7f50820650d8bcce531a63d141e83f5e2bce3b21549a534,4c4b709a7a9431b6e6ed604c2e1087aa038624b61fdee9c443713d253c2ecf57,9b7bde1f038dfb0f1d69577cd1f168bd40ff0ea0c5755b6e8b04a4deb0f77e63,,,,,,,,
promote_2026-04-28T19-43-49Z_a0a1,2026-04-28T19:43:49Z,icao4444-extracted,reduced_runway_7_11,icao4444_reduced_runway_family,icao4444_reduced_runway_family,icao4444-extracted::reduced_runway_7_11::c43ffaf1e23f64ed,def_aircraft_category_1,63402c25bcd4a99ea6189505fbb9a8c82777ef120c40de4d1cebb136f68823b8,Category 1 aircraft are defined as single-engine propeller aircraft with a maximum certificated take-off mass of 2 000 kg or less.,authoritative_requirement,shall,definition,promote,supported,true,defensible,true,false,accepted,high,false,accepted,pass,pass,0,pass,pass,false,qwen3.6:35b-a3b,qwen3.6:35b-a3b,qwen2.5-coder:32b,qwen3.6:35b-a3b,qwen3.6:35b-a3b,qwen3.6:35b-a3b,24576,3,3,ollama-first-2026-04-28,25de32675884cb3976f22fb28206209e8e72a1db3a6e556bb46490935002b66c,d734d5291933bae15c654b4bbb2c90110fb66bfe6a3cd5cefadd8bb5a974b015,56b69ad27ea3962fdc492e67ea659e0b8a44eaa5352bc3b8f7c4da3124506e7b,1bee78b2e4bc34b3e12fbfdf37f7d0b203fe61917a9f69e67f44e5970998730a,fe5e953572395cceb7f50820650d8bcce531a63d141e83f5e2bce3b21549a534,4c4b709a7a9431b6e6ed604c2e1087aa038624b61fdee9c443713d253c2ecf57,9b7bde1f038dfb0f1d69577cd1f168bd40ff0ea0c5755b6e8b04a4deb0f77e63,,,,,,,,
promote_2026-04-28T19-43-49Z_a0a1,2026-04-28T19:43:49Z,icao4444-extracted,reduced_runway_7_11,icao4444_reduced_runway_family,icao4444_reduced_runway_family,icao4444-extracted::reduced_runway_7_11::ab9c766811a8897c,def_aircraft_category_2,85ff6b621f5bfc648b43aba836d8b83b53b4f1cfb61595b68ccd40e1427043a6,"Category 2 aircraft are defined as single-engine propeller aircraft with a maximum certificated take-off mass of more than 2 000 kg but less than 7 000 kg, and twin-engine propeller aircraft with a maximum certificated take-off mass of less",authoritative_requirement,shall,definition,promote,supported,true,defensible,true,false,accepted,high,false,accepted,pass,pass,0,pass,pass,false,qwen3.6:35b-a3b,qwen3.6:35b-a3b,qwen2.5-coder:32b,qwen3.6:35b-a3b,qwen3.6:35b-a3b,qwen3.6:35b-a3b,24576,3,3,ollama-first-2026-04-28,25de32675884cb3976f22fb28206209e8e72a1db3a6e556bb46490935002b66c,d734d5291933bae15c654b4bbb2c90110fb66bfe6a3cd5cefadd8bb5a974b015,56b69ad27ea3962fdc492e67ea659e0b8a44eaa5352bc3b8f7c4da3124506e7b,1bee78b2e4bc34b3e12fbfdf37f7d0b203fe61917a9f69e67f44e5970998730a,fe5e953572395cceb7f50820650d8bcce531a63d141e83f5e2bce3b21549a534,4c4b709a7a9431b6e6ed604c2e1087aa038624b61fdee9c443713d253c2ecf57,9b7bde1f038dfb0f1d69577cd1f168bd40ff0ea0c5755b6e8b04a4deb0f77e63,,,,,,,,
promote_2026-04-28T19-43-49Z_a0a1,2026-04-28T19:43:49Z,icao4444-extracted,reduced_runway_7_11,icao4444_reduced_runway_family,icao4444_reduced_runway_family,icao4444-extracted::reduced_runway_7_11::d629c54ace94f5f7,def_aircraft_category_3,59f56371deb59fe3c70b04670587a1adfc35a9254a4b71ba1b8ea150c865ccec,Category 3 aircraft are defined as all other aircraft not classified as Category 1 or Category 2.,authoritative_requirement,shall,definition,promote,supported,true,defensible,true,false,accepted,high,false,accepted,pass,pass,0,pass,pass,false,qwen3.6:35b-a3b,qwen3.6:35b-a3b,qwen2.5-coder:32b,qwen3.6:35b-a3b,qwen3.6:35b-a3b,qwen3.6:35b-a3b,24576,3,3,ollama-first-2026-04-28,25de32675884cb3976f22fb28206209e8e72a1db3a6e556bb46490935002b66c,d734d5291933bae15c654b4bbb2c90110fb66bfe6a3cd5cefadd8bb5a974b015,56b69ad27ea3962fdc492e67ea659e0b8a44eaa5352bc3b8f7c4da3124506e7b,1bee78b2e4bc34b3e12fbfdf37f7d0b203fe61917a9f69e67f44e5970998730a,fe5e953572395cceb7f50820650d8bcce531a63d141e83f5e2bce3b21549a534,4c4b709a7a9431b6e6ed604c2e1087aa038624b61fdee9c443713d253c2ecf57,9b7bde1f038dfb0f1d69577cd1f168bd40ff0ea0c5755b6e8b04a4deb0f77e63,,,,,,,,
promote_2026-04-28T19-43-49Z_a0a1,2026-04-28T19:43:49Z,icao4444-extracted,reduced_runway_7_11,icao4444_reduced_runway_family,icao4444_reduced_runway_family,icao4444-extracted::reduced_runway_7_11::44ca3cee6e25d071,req_departing_landing_exclusion,325c0d595b8f55ec3492e48c09bdf638dfb17950380bb394f13f57d1089c4b49,Reduced runway separation minima shall not apply between a departing aircraft and a preceding landing aircraft.,authoritative_requirement,shall,rule,promote,supported,false,defensible,true,false,accepted,high,false,accepted,pass,pass,0,pass,pass,false,qwen3.6:35b-a3b,qwen3.6:35b-a3b,qwen2.5-coder:32b,qwen3.6:35b-a3b,qwen3.6:35b-a3b,qwen3.6:35b-a3b,24576,3,3,ollama-first-2026-04-28,25de32675884cb3976f22fb28206209e8e72a1db3a6e556bb46490935002b66c,d734d5291933bae15c654b4bbb2c90110fb66bfe6a3cd5cefadd8bb5a974b015,56b69ad27ea3962fdc492e67ea659e0b8a44eaa5352bc3b8f7c4da3124506e7b,1bee78b2e4bc34b3e12fbfdf37f7d0b203fe61917a9f69e67f44e5970998730a,fe5e953572395cceb7f50820650d8bcce531a63d141e83f5e2bce3b21549a534,4c4b709a7a9431b6e6ed604c2e1087aa038624b61fdee9c443713d253c2ecf57,9b7bde1f038dfb0f1d69577cd1f168bd40ff0ea0c5755b6e8b04a4deb0f77e63,,,,,,,,
promote_2026-04-28T19-43-49Z_a0a1,2026-04-28T19:43:49Z,icao4444-extracted,reduced_runway_7_11,icao4444_reduced_runway_family,icao4444_reduced_runway_family,icao4444-extracted::reduced_runway_7_11::55b938c3b83c1785,req_wake_turbulence_separation,b462ff795cd280f4adf92958ac58c44f23b1825527694e921c5545fc26cd9d21,Wake turbulence separation minima shall be applied when using reduced runway separation minima.,authoritative_requirement,shall,rule,promote,supported,false,defensible,true,false,accepted,high,false,accepted,pass,pass,0,pass,pass,false,qwen3.6:35b-a3b,qwen3.6:35b-a3b,qwen2.5-coder:32b,qwen3.6:35b-a3b,qwen3.6:35b-a3b,qwen3.6:35b-a3b,24576,3,3,ollama-first-2026-04-28,25de32675884cb3976f22fb28206209e8e72a1db3a6e556bb46490935002b66c,d734d5291933bae15c654b4bbb2c90110fb66bfe6a3cd5cefadd8bb5a974b015,56b69ad27ea3962fdc492e67ea659e0b8a44eaa5352bc3b8f7c4da3124506e7b,1bee78b2e4bc34b3e12fbfdf37f7d0b203fe61917a9f69e67f44e5970998730a,fe5e953572395cceb7f50820650d8bcce531a63d141e83f5e2bce3b21549a534,4c4b709a7a9431b6e6ed604c2e1087aa038624b61fdee9c443713d253c2ecf57,9b7bde1f038dfb0f1d69577cd1f168bd40ff0ea0c5755b6e8b04a4deb0f77e63,,,,,,,,
promote_2026-04-28T19-43-49Z_a0a1,2026-04-28T19:43:49Z,icao4444-extracted,reduced_runway_7_11,icao4444_reduced_runway_family,icao4444_reduced_runway_family,icao4444-extracted::reduced_runway_7_11::2bddded35160825c,req_visibility_ceiling,2994e117c60b79bbed770e6009941323b48eae1ecf8fc2a06bac1272d32c8429,Visibility shall be at least 5 km and ceiling shall not be lower than 300 m (1 000 ft) when applying reduced runway separation minima.,authoritative_requirement,shall,rule,promote,supported,false,defensible,true,false,accepted,high,false,accepted,pass,pass,0,pass,pass,false,qwen3.6:35b-a3b,qwen3.6:35b-a3b,qwen2.5-coder:32b,qwen3.6:35b-a3b,qwen3.6:35b-a3b,qwen3.6:35b-a3b,24576,3,3,ollama-first-2026-04-28,25de32675884cb3976f22fb28206209e8e72a1db3a6e556bb46490935002b66c,d734d5291933bae15c654b4bbb2c90110fb66bfe6a3cd5cefadd8bb5a974b015,56b69ad27ea3962fdc492e67ea659e0b8a44eaa5352bc3b8f7c4da3124506e7b,1bee78b2e4bc34b3e12fbfdf37f7d0b203fe61917a9f69e67f44e5970998730a,fe5e953572395cceb7f50820650d8bcce531a63d141e83f5e2bce3b21549a534,4c4b709a7a9431b6e6ed604c2e1087aa038624b61fdee9c443713d253c2ecf57,9b7bde1f038dfb0f1d69577cd1f168bd40ff0ea0c5755b6e8b04a4deb0f77e63,,,,,,,,
promote_2026-04-28T19-43-49Z_a0a1,2026-04-28T19:43:49Z,icao4444-extracted,reduced_runway_7_11,icao4444_reduced_runway_family,icao4444_reduced_runway_family,icao4444-extracted::reduced_runway_7_11::3c1c89936209ff2f,req_tailwind_limit,7c02f078414791737bd21ac5618cccec737074f0398a3c90672da32b65688926,The tailwind component shall not exceed 5 kt when applying reduced runway separation minima.,authoritative_requirement,shall,rule,promote,supported,false,defensible,true,false,accepted,high,false,accepted,pass,pass,0,pass,pass,false,qwen3.6:35b-a3b,qwen3.6:35b-a3b,qwen2.5-coder:32b,qwen3.6:35b-a3b,qwen3.6:35b-a3b,qwen3.6:35b-a3b,24576,3,3,ollama-first-2026-04-28,25de32675884cb3976f22fb28206209e8e72a1db3a6e556bb46490935002b66c,d734d5291933bae15c654b4bbb2c90110fb66bfe6a3cd5cefadd8bb5a974b015,56b69ad27ea3962fdc492e67ea659e0b8a44eaa5352bc3b8f7c4da3124506e7b,1bee78b2e4bc34b3e12fbfdf37f7d0b203fe61917a9f69e67f44e5970998730a,fe5e953572395cceb7f50820650d8bcce531a63d141e83f5e2bce3b21549a534,4c4b709a7a9431b6e6ed604c2e1087aa038624b61fdee9c443713d253c2ecf57,9b7bde1f038dfb0f1d69577cd1f168bd40ff0ea0c5755b6e8b04a4deb0f77e63,,,,,,,,
promote_2026-04-28T19-43-49Z_a0a1,2026-04-28T19:43:49Z,icao4444-extracted,reduced_runway_7_11,icao4444_reduced_runway_family,icao4444_reduced_runway_family,icao4444-extracted::reduced_runway_7_11::116fad1ed40d1fe8,req_distance_assistance,f71d2e5e87825a5b38255b0247ecb1c13440403377d0ef80bbea969782ed6a33,"There shall be available means, such as suitable landmarks, to assist the controller in assessing the distances between aircraft. If a surface surveillance system is utilized, approval for operational use must include a safety assessment en",authoritative_requirement,shall,rule,promote,supported,false,defensible,true,false,accepted,high,false,accepted,pass,pass,0,pass,pass,false,qwen3.6:35b-a3b,qwen3.6:35b-a3b,qwen2.5-coder:32b,qwen3.6:35b-a3b,qwen3.6:35b-a3b,qwen3.6:35b-a3b,24576,3,3,ollama-first-2026-04-28,25de32675884cb3976f22fb28206209e8e72a1db3a6e556bb46490935002b66c,d734d5291933bae15c654b4bbb2c90110fb66bfe6a3cd5cefadd8bb5a974b015,56b69ad27ea3962fdc492e67ea659e0b8a44eaa5352bc3b8f7c4da3124506e7b,1bee78b2e4bc34b3e12fbfdf37f7d0b203fe61917a9f69e67f44e5970998730a,fe5e953572395cceb7f50820650d8bcce531a63d141e83f5e2bce3b21549a534,4c4b709a7a9431b6e6ed604c2e1087aa038624b61fdee9c443713d253c2ecf57,9b7bde1f038dfb0f1d69577cd1f168bd40ff0ea0c5755b6e8b04a4deb0f77e63,,,,,,,,
promote_2026-04-28T19-43-49Z_a0a1,2026-04-28T19:43:49Z,icao4444-extracted,reduced_runway_7_11,icao4444_reduced_runway_family,icao4444_reduced_runway_family,icao4444-extracted::reduced_runway_7_11::6b0262350c8ef4b3,req_separation_continuity,e95c7927199719f6b54503ecc4f956464de144f897b8c6c3e5ed53d2733c26bc,Minimum separation continues to exist between two departing aircraft immediately after take-off of the second aircraft when applying reduced runway separation minima.,authoritative_requirement,shall,rule,promote,supported,true,defensible,true,false,accepted,high,false,accepted,pass,pass,0,pass,pass,false,qwen3.6:35b-a3b,qwen3.6:35b-a3b,qwen2.5-coder:32b,qwen3.6:35b-a3b,qwen3.6:35b-a3b,qwen3.6:35b-a3b,24576,3,3,ollama-first-2026-04-28,25de32675884cb3976f22fb28206209e8e72a1db3a6e556bb46490935002b66c,d734d5291933bae15c654b4bbb2c90110fb66bfe6a3cd5cefadd8bb5a974b015,56b69ad27ea3962fdc492e67ea659e0b8a44eaa5352bc3b8f7c4da3124506e7b,1bee78b2e4bc34b3e12fbfdf37f7d0b203fe61917a9f69e67f44e5970998730a,fe5e953572395cceb7f50820650d8bcce531a63d141e83f5e2bce3b21549a534,4c4b709a7a9431b6e6ed604c2e1087aa038624b61fdee9c443713d253c2ecf57,9b7bde1f038dfb0f1d69577cd1f168bd40ff0ea0c5755b6e8b04a4deb0f77e63,,,,,,,,
promote_2026-04-28T19-43-49Z_a0a1,2026-04-28T19:43:49Z,icao4444-extracted,reduced_runway_7_11,icao4444_reduced_runway_family,icao4444_reduced_runway_family,icao4444-extracted::reduced_runway_7_11::ee9d8b3a766e4cdd,req_traffic_info,c89b2dd7c9d0f6e6303a22987147a2124999a9f926acd049cd88439f0898d830,Traffic information shall be provided to the flight crew of the succeeding aircraft concerned when applying reduced runway separation minima.,authoritative_requirement,shall,rule,promote,supported,false,defensible,true,false,accepted,high,false,accepted,pass,pass,0,pass,pass,false,qwen3.6:35b-a3b,qwen3.6:35b-a3b,qwen2.5-coder:32b,qwen3.6:35b-a3b,qwen3.6:35b-a3b,qwen3.6:35b-a3b,24576,3,3,ollama-first-2026-04-28,25de32675884cb3976f22fb28206209e8e72a1db3a6e556bb46490935002b66c,d734d5291933bae15c654b4bbb2c90110fb66bfe6a3cd5cefadd8bb5a974b015,56b69ad27ea3962fdc492e67ea659e0b8a44eaa5352bc3b8f7c4da3124506e7b,1bee78b2e4bc34b3e12fbfdf37f7d0b203fe61917a9f69e67f44e5970998730a,fe5e953572395cceb7f50820650d8bcce531a63d141e83f5e2bce3b21549a534,4c4b709a7a9431b6e6ed604c2e1087aa038624b61fdee9c443713d253c2ecf57,9b7bde1f038dfb0f1d69577cd1f168bd40ff0ea0c5755b6e8b04a4deb0f77e63,,,,,,,,
promote_2026-04-28T19-43-49Z_a0a1,2026-04-28T19:43:49Z,icao4444-extracted,reduced_runway_7_11,icao4444_reduced_runway_family,icao4444_reduced_runway_family,icao4444-extracted::reduced_runway_7_11::4d94eb6a6e022f33,req_braking_action,71ee7358321189512dcfabbe53ccc75182ed00f3cb40a4822c272b8e23a162f2,"The braking action shall not be adversely affected by runway contaminants such as ice, slush, snow and water when applying reduced runway separation minima.",authoritative_requirement,shall,rule,promote,supported,false,defensible,true,false,accepted,high,false,accepted,pass,pass,0,pass,pass,false,qwen3.6:35b-a3b,qwen3.6:35b-a3b,qwen2.5-coder:32b,qwen3.6:35b-a3b,qwen3.6:35b-a3b,qwen3.6:35b-a3b,24576,3,3,ollama-first-2026-04-28,25de32675884cb3976f22fb28206209e8e72a1db3a6e556bb46490935002b66c,d734d5291933bae15c654b4bbb2c90110fb66bfe6a3cd5cefadd8bb5a974b015,56b69ad27ea3962fdc492e67ea659e0b8a44eaa5352bc3b8f7c4da3124506e7b,1bee78b2e4bc34b3e12fbfdf37f7d0b203fe61917a9f69e67f44e5970998730a,fe5e953572395cceb7f50820650d8bcce531a63d141e83f5e2bce3b21549a534,4c4b709a7a9431b6e6ed604c2e1087aa038624b61fdee9c443713d253c2ecf57,9b7bde1f038dfb0f1d69577cd1f168bd40ff0ea0c5755b6e8b04a4deb0f77e63,,,,,,,,
promote_2026-04-28T19-43-49Z_a0a1,2026-04-28T19:43:49Z,icao4444-extracted,reduced_runway_7_11,icao4444_reduced_runway_family,icao4444_reduced_runway_family,icao4444-extracted::reduced_runway_7_11::f6d6fb89eb3b7d98,req_runway_specific_minima,3e49d18071b2f3f8079aa6e52003314dd378f857a96c06667dfd3a49ba45e33e,Reduced runway separation minima which may be applied at an aerodrome shall be determined for each separate runway.,authoritative_requirement,shall,rule,promote,supported,false,defensible,true,false,accepted,high,false,accepted,pass,pass,0,pass,pass,false,qwen3.6:35b-a3b,qwen3.6:35b-a3b,qwen2.5-coder:32b,qwen3.6:35b-a3b,qwen3.6:35b-a3b,qwen3.6:35b-a3b,24576,3,3,ollama-first-2026-04-28,25de32675884cb3976f22fb28206209e8e72a1db3a6e556bb46490935002b66c,d734d5291933bae15c654b4bbb2c90110fb66bfe6a3cd5cefadd8bb5a974b015,56b69ad27ea3962fdc492e67ea659e0b8a44eaa5352bc3b8f7c4da3124506e7b,1bee78b2e4bc34b3e12fbfdf37f7d0b203fe61917a9f69e67f44e5970998730a,fe5e953572395cceb7f50820650d8bcce531a63d141e83f5e2bce3b21549a534,4c4b709a7a9431b6e6ed604c2e1087aa038624b61fdee9c443713d253c2ecf57,9b7bde1f038dfb0f1d69577cd1f168bd40ff0ea0c5755b6e8b04a4deb0f77e63,,,,,,,,
promote_2026-04-28T19-43-49Z_a0a1,2026-04-28T19:43:49Z,icao4444-extracted,speed_control_4_6_1,icao4444_speed_control_family,icao4444_speed_control_family,icao4444-extracted::speed_control_4_6_1::176a288266601004,speed_control_persistence,d75840269046b9077c3718dd0b96d69230d09556cdb5e47cab4bd54064deba76,Speed control instructions shall remain in effect unless explicitly cancelled or amended by the controller.,authoritative_requirement,shall,rule,promote,supported,false,defensible,true,false,accepted,high,false,accepted,pass,pass,0,pass,pass,false,qwen3.6:35b-a3b,qwen3.6:35b-a3b,qwen2.5-coder:32b,qwen3.6:35b-a3b,qwen3.6:35b-a3b,qwen3.6:35b-a3b,24576,3,3,ollama-first-2026-04-28,25de32675884cb3976f22fb28206209e8e72a1db3a6e556bb46490935002b66c,d734d5291933bae15c654b4bbb2c90110fb66bfe6a3cd5cefadd8bb5a974b015,56b69ad27ea3962fdc492e67ea659e0b8a44eaa5352bc3b8f7c4da3124506e7b,1bee78b2e4bc34b3e12fbfdf37f7d0b203fe61917a9f69e67f44e5970998730a,fe5e953572395cceb7f50820650d8bcce531a63d141e83f5e2bce3b21549a534,4c4b709a7a9431b6e6ed604c2e1087aa038624b61fdee9c443713d253c2ecf57,9b7bde1f038dfb0f1d69577cd1f168bd40ff0ea0c5755b6e8b04a4deb0f77e63,,,,,,,,
promote_2026-04-28T19-43-49Z_a0a1,2026-04-28T19:43:49Z,icao4444-extracted,speed_control_4_6_1,icao4444_speed_control_family,icao4444_speed_control_family,icao4444-extracted::speed_control_4_6_1::fa5211e176cbcd72,speed_control_holding_exclusion,72884e63ff1fd345f82e81723b8025fa8bee574cf6e95e843f1f21a36f5708cb,Speed control shall not be applied to aircraft entering or established in a holding pattern.,authoritative_requirement,shall,rule,promote,supported,false,defensible,true,false,accepted,high,false,accepted,pass,pass,0,pass,pass,false,qwen3.6:35b-a3b,qwen3.6:35b-a3b,qwen2.5-coder:32b,qwen3.6:35b-a3b,qwen3.6:35b-a3b,qwen3.6:35b-a3b,24576,3,3,ollama-first-2026-04-28,25de32675884cb3976f22fb28206209e8e72a1db3a6e556bb46490935002b66c,d734d5291933bae15c654b4bbb2c90110fb66bfe6a3cd5cefadd8bb5a974b015,56b69ad27ea3962fdc492e67ea659e0b8a44eaa5352bc3b8f7c4da3124506e7b,1bee78b2e4bc34b3e12fbfdf37f7d0b203fe61917a9f69e67f44e5970998730a,fe5e953572395cceb7f50820650d8bcce531a63d141e83f5e2bce3b21549a534,4c4b709a7a9431b6e6ed604c2e1087aa038624b61fdee9c443713d253c2ecf57,9b7bde1f038dfb0f1d69577cd1f168bd40ff0ea0c5755b6e8b04a4deb0f77e63,,,,,,,,
promote_2026-04-28T19-43-49Z_a0a1,2026-04-28T19:43:49Z,icao4444-extracted,speed_control_4_6_1,icao4444_speed_control_family,icao4444_speed_control_family,icao4444-extracted::speed_control_4_6_1::097ff62e3ae3b53d,crew_inform_inability,53d655ae37440e26cd49a394d610568d6efbd9ebe073ca057255be5b49e8cbea,The flight crew shall inform the ATC unit concerned if at any time they are unable to comply with a speed instruction.,authoritative_requirement,shall,rule,promote,supported,false,defensible,true,false,accepted,high,false,accepted,pass,pass,0,pass,pass,false,qwen3.6:35b-a3b,qwen3.6:35b-a3b,qwen2.5-coder:32b,qwen3.6:35b-a3b,qwen3.6:35b-a3b,qwen3.6:35b-a3b,24576,3,3,ollama-first-2026-04-28,25de32675884cb3976f22fb28206209e8e72a1db3a6e556bb46490935002b66c,d734d5291933bae15c654b4bbb2c90110fb66bfe6a3cd5cefadd8bb5a974b015,56b69ad27ea3962fdc492e67ea659e0b8a44eaa5352bc3b8f7c4da3124506e7b,1bee78b2e4bc34b3e12fbfdf37f7d0b203fe61917a9f69e67f44e5970998730a,fe5e953572395cceb7f50820650d8bcce531a63d141e83f5e2bce3b21549a534,4c4b709a7a9431b6e6ed604c2e1087aa038624b61fdee9c443713d253c2ecf57,9b7bde1f038dfb0f1d69577cd1f168bd40ff0ea0c5755b6e8b04a4deb0f77e63,,,,,,,,
promote_2026-04-28T19-43-49Z_a0a1,2026-04-28T19:43:49Z,icao4444-extracted,speed_control_4_6_1,icao4444_speed_control_family,icao4444_speed_control_family,icao4444-extracted::speed_control_4_6_1::104c727d8774e3db,controller_alternative_method,010d3df813b9b419cc5edca5c430fbdfcff0749efb2ba589bee518da1942cec6,"In such cases, the controller shall apply an alternative method to achieve the desired spacing between the aircraft concerned.",authoritative_requirement,shall,rule,promote,supported,false,defensible,true,false,accepted,high,false,accepted,pass,pass,0,pass,pass,false,qwen3.6:35b-a3b,qwen3.6:35b-a3b,qwen2.5-coder:32b,qwen3.6:35b-a3b,qwen3.6:35b-a3b,qwen3.6:35b-a3b,24576,3,3,ollama-first-2026-04-28,25de32675884cb3976f22fb28206209e8e72a1db3a6e556bb46490935002b66c,d734d5291933bae15c654b4bbb2c90110fb66bfe6a3cd5cefadd8bb5a974b015,56b69ad27ea3962fdc492e67ea659e0b8a44eaa5352bc3b8f7c4da3124506e7b,1bee78b2e4bc34b3e12fbfdf37f7d0b203fe61917a9f69e67f44e5970998730a,fe5e953572395cceb7f50820650d8bcce531a63d141e83f5e2bce3b21549a534,4c4b709a7a9431b6e6ed604c2e1087aa038624b61fdee9c443713d253c2ecf57,9b7bde1f038dfb0f1d69577cd1f168bd40ff0ea0c5755b6e8b04a4deb0f77e63,,,,,,,,
promote_2026-04-28T19-43-49Z_a0a1,2026-04-28T19:43:49Z,icao4444-extracted,speed_control_4_6_1,icao4444_speed_control_family,icao4444_speed_control_family,icao4444-extracted::speed_control_4_6_1::65180f5f7c642cba,advise_restriction_removal,b61179eeedff755a7e9dc96a6995c12047bfc554b0abcd416f15419a20813be3,Aircraft shall be advised when a speed control restriction is no longer required.,authoritative_requirement,shall,rule,promote,supported,false,defensible,true,false,accepted,high,false,accepted,pass,pass,0,pass,pass,false,qwen3.6:35b-a3b,qwen3.6:35b-a3b,qwen2.5-coder:32b,qwen3.6:35b-a3b,qwen3.6:35b-a3b,qwen3.6:35b-a3b,24576,3,3,ollama-first-2026-04-28,25de32675884cb3976f22fb28206209e8e72a1db3a6e556bb46490935002b66c,d734d5291933bae15c654b4bbb2c90110fb66bfe6a3cd5cefadd8bb5a974b015,56b69ad27ea3962fdc492e67ea659e0b8a44eaa5352bc3b8f7c4da3124506e7b,1bee78b2e4bc34b3e12fbfdf37f7d0b203fe61917a9f69e67f44e5970998730a,fe5e953572395cceb7f50820650d8bcce531a63d141e83f5e2bce3b21549a534,4c4b709a7a9431b6e6ed604c2e1087aa038624b61fdee9c443713d253c2ecf57,9b7bde1f038dfb0f1d69577cd1f168bd40ff0ea0c5755b6e8b04a4deb0f77e63,,,,,,,,
promote_2026-04-28T19-43-49Z_a0a1,2026-04-28T19:43:49Z,icao4444-extracted,speed_control_4_6_1,icao4444_speed_control_family,icao4444_speed_control_family,icao4444-extracted::speed_control_4_6_1::f968d421f3a2eeeb,adequate_notice_speed_control,47633b1fb27d9901042ade9706d9703dc2d70e0094eb916b540c7e1c4a17911d,Flight crews should be given adequate notice of planned speed control.,operational_guidance,should,best_practice,advisory_only,supported,false,defensible,true,false,advisory_only,high,false,pending,pass,pass,0,pass,pass,false,qwen3.6:35b-a3b,qwen3.6:35b-a3b,qwen2.5-coder:32b,qwen3.6:35b-a3b,qwen3.6:35b-a3b,qwen3.6:35b-a3b,24576,3,3,ollama-first-2026-04-28,25de32675884cb3976f22fb28206209e8e72a1db3a6e556bb46490935002b66c,d734d5291933bae15c654b4bbb2c90110fb66bfe6a3cd5cefadd8bb5a974b015,56b69ad27ea3962fdc492e67ea659e0b8a44eaa5352bc3b8f7c4da3124506e7b,1bee78b2e4bc34b3e12fbfdf37f7d0b203fe61917a9f69e67f44e5970998730a,fe5e953572395cceb7f50820650d8bcce531a63d141e83f5e2bce3b21549a534,4c4b709a7a9431b6e6ed604c2e1087aa038624b61fdee9c443713d253c2ecf57,9b7bde1f038dfb0f1d69577cd1f168bd40ff0ea0c5755b6e8b04a4deb0f77e63,,,,,,,,
promote_2026-04-28T19-43-49Z_a0a1,2026-04-28T19:43:49Z,icao4444-extracted,speed_control_4_6_1,icao4444_speed_control_family,icao4444_speed_control_family,icao4444-extracted::speed_control_4_6_1::b3884e25bbc4911b,speed_adjustment_limitation,749c199b8dce41e53e3f19abb6ce8405ff93b1b93844750a6401fd83d2436557,Speed adjustments should be limited to those necessary to establish and/or maintain a desired separation minimum or spacing.,operational_guidance,should,best_practice,advisory_only,supported,false,defensible,true,false,advisory_only,high,false,pending,pass,pass,0,pass,pass,false,qwen3.6:35b-a3b,qwen3.6:35b-a3b,qwen2.5-coder:32b,qwen3.6:35b-a3b,qwen3.6:35b-a3b,qwen3.6:35b-a3b,24576,3,3,ollama-first-2026-04-28,25de32675884cb3976f22fb28206209e8e72a1db3a6e556bb46490935002b66c,d734d5291933bae15c654b4bbb2c90110fb66bfe6a3cd5cefadd8bb5a974b015,56b69ad27ea3962fdc492e67ea659e0b8a44eaa5352bc3b8f7c4da3124506e7b,1bee78b2e4bc34b3e12fbfdf37f7d0b203fe61917a9f69e67f44e5970998730a,fe5e953572395cceb7f50820650d8bcce531a63d141e83f5e2bce3b21549a534,4c4b709a7a9431b6e6ed604c2e1087aa038624b61fdee9c443713d253c2ecf57,9b7bde1f038dfb0f1d69577cd1f168bd40ff0ea0c5755b6e8b04a4deb0f77e63,,,,,,,,
promote_2026-04-28T19-43-49Z_a0a1,2026-04-28T19:43:49Z,icao4444-extracted,speed_control_4_6_1,icao4444_speed_control_family,icao4444_speed_control_family,icao4444-extracted::speed_control_4_6_1::aa64c02ac355565b,avoid_frequent_speed_changes,231450824ffcfa03d690089a491a6e843c92bdacf995f27b322ff3854549e66a,"Instructions involving frequent changes of speed, including alternate speed increases and decreases, should be avoided.",operational_guidance,should,best_practice,advisory_only,supported,false,defensible,true,false,advisory_only,high,false,pending,pass,pass,0,pass,pass,false,qwen3.6:35b-a3b,qwen3.6:35b-a3b,qwen2.5-coder:32b,qwen3.6:35b-a3b,qwen3.6:35b-a3b,qwen3.6:35b-a3b,24576,3,3,ollama-first-2026-04-28,25de32675884cb3976f22fb28206209e8e72a1db3a6e556bb46490935002b66c,d734d5291933bae15c654b4bbb2c90110fb66bfe6a3cd5cefadd8bb5a974b015,56b69ad27ea3962fdc492e67ea659e0b8a44eaa5352bc3b8f7c4da3124506e7b,1bee78b2e4bc34b3e12fbfdf37f7d0b203fe61917a9f69e67f44e5970998730a,fe5e953572395cceb7f50820650d8bcce531a63d141e83f5e2bce3b21549a534,4c4b709a7a9431b6e6ed604c2e1087aa038624b61fdee9c443713d253c2ecf57,9b7bde1f038dfb0f1d69577cd1f168bd40ff0ea0c5755b6e8b04a4deb0f77e63,,,,,,,,
promote_2026-04-28T19-43-49Z_a0a1,2026-04-28T19:43:49Z,icao4444-extracted,speed_control_4_6_1,icao4444_speed_control_family,icao4444_speed_control_family,icao4444-extracted::speed_control_4_6_1::5b64dff0f7a93bf6,speed_units_high_level,61af856c52f2654608a0bc95505d678c2204f9a84845743ad4743a1a8095e966,"At levels at or above 7 600 m (FL 250), speed adjustments should be expressed in multiples of 0.01 Mach.",operational_guidance,should,phraseology_rule,advisory_only,supported,true,defensible,true,false,advisory_only,high,false,pending,pass,pass,0,pass,pass,false,qwen3.6:35b-a3b,qwen3.6:35b-a3b,qwen2.5-coder:32b,qwen3.6:35b-a3b,qwen3.6:35b-a3b,qwen3.6:35b-a3b,24576,3,3,ollama-first-2026-04-28,25de32675884cb3976f22fb28206209e8e72a1db3a6e556bb46490935002b66c,d734d5291933bae15c654b4bbb2c90110fb66bfe6a3cd5cefadd8bb5a974b015,56b69ad27ea3962fdc492e67ea659e0b8a44eaa5352bc3b8f7c4da3124506e7b,1bee78b2e4bc34b3e12fbfdf37f7d0b203fe61917a9f69e67f44e5970998730a,fe5e953572395cceb7f50820650d8bcce531a63d141e83f5e2bce3b21549a534,4c4b709a7a9431b6e6ed604c2e1087aa038624b61fdee9c443713d253c2ecf57,9b7bde1f038dfb0f1d69577cd1f168bd40ff0ea0c5755b6e8b04a4deb0f77e63,,,,,,,,
promote_2026-04-28T19-43-49Z_a0a1,2026-04-28T19:43:49Z,icao4444-extracted,speed_control_4_6_1,icao4444_speed_control_family,icao4444_speed_control_family,icao4444-extracted::speed_control_4_6_1::c65796e5a870f2b6,speed_units_low_level,15eb3da7e83dc93a3a6be46dc194cc4c5216def4c4e9a9e182e730c615cf2c1a,"At levels below 7 600 m (FL 250), speed adjustments should be expressed in multiples of 20 km/h (10 kt) based on indicated airspeed (IAS).",operational_guidance,should,phraseology_rule,advisory_only,supported,false,defensible,true,false,advisory_only,high,false,pending,pass,pass,0,pass,pass,false,qwen3.6:35b-a3b,qwen3.6:35b-a3b,qwen2.5-coder:32b,qwen3.6:35b-a3b,qwen3.6:35b-a3b,qwen3.6:35b-a3b,24576,3,3,ollama-first-2026-04-28,25de32675884cb3976f22fb28206209e8e72a1db3a6e556bb46490935002b66c,d734d5291933bae15c654b4bbb2c90110fb66bfe6a3cd5cefadd8bb5a974b015,56b69ad27ea3962fdc492e67ea659e0b8a44eaa5352bc3b8f7c4da3124506e7b,1bee78b2e4bc34b3e12fbfdf37f7d0b203fe61917a9f69e67f44e5970998730a,fe5e953572395cceb7f50820650d8bcce531a63d141e83f5e2bce3b21549a534,4c4b709a7a9431b6e6ed604c2e1087aa038624b61fdee9c443713d253c2ecf57,9b7bde1f038dfb0f1d69577cd1f168bd40ff0ea0c5755b6e8b04a4deb0f77e63,,,,,,,,
promote_2026-04-28T19-43-49Z_a0a1,2026-04-28T19:43:49Z,icao4444-extracted,speed_control_4_6_1,icao4444_speed_control_family,icao4444_speed_control_family,icao4444-extracted::speed_control_4_6_1::9e7501b932c88a64,note_fuel_impact,71e76be39a75f03ca3db188a26bf1d0c5852ee216decae9aedffab492a695e44,Application of speed control over a long period of time may affect aircraft fuel reserves.,background_support,note,definition,support_only,supported,false,defensible,true,false,advisory_only,high,false,pending,pass,pass,0,pass,pass,false,qwen3.6:35b-a3b,qwen3.6:35b-a3b,qwen2.5-coder:32b,qwen3.6:35b-a3b,qwen3.6:35b-a3b,qwen3.6:35b-a3b,24576,3,3,ollama-first-2026-04-28,25de32675884cb3976f22fb28206209e8e72a1db3a6e556bb46490935002b66c,d734d5291933bae15c654b4bbb2c90110fb66bfe6a3cd5cefadd8bb5a974b015,56b69ad27ea3962fdc492e67ea659e0b8a44eaa5352bc3b8f7c4da3124506e7b,1bee78b2e4bc34b3e12fbfdf37f7d0b203fe61917a9f69e67f44e5970998730a,fe5e953572395cceb7f50820650d8bcce531a63d141e83f5e2bce3b21549a534,4c4b709a7a9431b6e6ed604c2e1087aa038624b61fdee9c443713d253c2ecf57,9b7bde1f038dfb0f1d69577cd1f168bd40ff0ea0c5755b6e8b04a4deb0f77e63,,,,,,,,
promote_2026-04-28T19-43-49Z_a0a1,2026-04-28T19:43:49Z,icao4444-extracted,speed_control_4_6_1,icao4444_speed_control_family,icao4444_speed_control_family,icao4444-extracted::speed_control_4_6_1::e9f810be22ca5add,note_mach_separation_ref,aca88509dcfc34fcf444bdc34dbb679e3d6f10fe1e5bacc59ed27e1547c8ab32,"Provisions concerning longitudinal separation using the Mach number technique are contained in Chapter 5, Separation Methods and Minima.",background_support,note,definition,support_only,supported,false,defensible,true,false,advisory_only,high,false,pending,pass,pass,0,pass,pass,false,qwen3.6:35b-a3b,qwen3.6:35b-a3b,qwen2.5-coder:32b,qwen3.6:35b-a3b,qwen3.6:35b-a3b,qwen3.6:35b-a3b,24576,3,3,ollama-first-2026-04-28,25de32675884cb3976f22fb28206209e8e72a1db3a6e556bb46490935002b66c,d734d5291933bae15c654b4bbb2c90110fb66bfe6a3cd5cefadd8bb5a974b015,56b69ad27ea3962fdc492e67ea659e0b8a44eaa5352bc3b8f7c4da3124506e7b,1bee78b2e4bc34b3e12fbfdf37f7d0b203fe61917a9f69e67f44e5970998730a,fe5e953572395cceb7f50820650d8bcce531a63d141e83f5e2bce3b21549a534,4c4b709a7a9431b6e6ed604c2e1087aa038624b61fdee9c443713d253c2ecf57,9b7bde1f038dfb0f1d69577cd1f168bd40ff0ea0c5755b6e8b04a4deb0f77e63,,,,,,,,
promote_2026-04-28T19-43-49Z_a0a1,2026-04-28T19:43:49Z,icao4444-extracted,speed_control_4_6_1,icao4444_speed_control_family,icao4444_speed_control_family,icao4444-extracted::speed_control_4_6_1::1217a29793be2295,note_cancellation_limitation,82332c9c9d519c7a60128202036c6b7ac6cee3d42600e461b3dce486115ad5dc,Cancellation of any speed control instruction does not relieve the flight crew of compliance with speed limitations associated with airspace classifications as specified in Annex 11.,operational_guidance,note,rule,advisory_only,supported,false,defensible,true,false,advisory_only,high,false,pending,pass,pass,0,pass,pass,false,qwen3.6:35b-a3b,qwen3.6:35b-a3b,qwen2.5-coder:32b,qwen3.6:35b-a3b,qwen3.6:35b-a3b,qwen3.6:35b-a3b,24576,3,3,ollama-first-2026-04-28,25de32675884cb3976f22fb28206209e8e72a1db3a6e556bb46490935002b66c,d734d5291933bae15c654b4bbb2c90110fb66bfe6a3cd5cefadd8bb5a974b015,56b69ad27ea3962fdc492e67ea659e0b8a44eaa5352bc3b8f7c4da3124506e7b,1bee78b2e4bc34b3e12fbfdf37f7d0b203fe61917a9f69e67f44e5970998730a,fe5e953572395cceb7f50820650d8bcce531a63d141e83f5e2bce3b21549a534,4c4b709a7a9431b6e6ed604c2e1087aa038624b61fdee9c443713d253c2ecf57,9b7bde1f038dfb0f1d69577cd1f168bd40ff0ea0c5755b6e8b04a4deb0f77e63,,,,,,,,
promote_2026-04-28T19-43-49Z_a0a1,2026-04-28T19:43:49Z,icao4444-extracted,speed_control_4_6_1,icao4444_speed_control_family,icao4444_speed_control_family,icao4444-extracted::speed_control_4_6_1::2cf081bdd1bb2283,note_mach_conversion,8f3626e79fa9efdda24e66d5460c0fbb5735fc31fd3dea6cfd5182b2576d4b5c,Mach 0.01 equals approximately 11 km/h (6 kt) IAS at higher flight levels.,background_support,note,definition,support_only,supported,false,defensible,true,false,advisory_only,high,false,pending,pass,pass,0,pass,pass,false,qwen3.6:35b-a3b,qwen3.6:35b-a3b,qwen2.5-coder:32b,qwen3.6:35b-a3b,qwen3.6:35b-a3b,qwen3.6:35b-a3b,24576,3,3,ollama-first-2026-04-28,25de32675884cb3976f22fb28206209e8e72a1db3a6e556bb46490935002b66c,d734d5291933bae15c654b4bbb2c90110fb66bfe6a3cd5cefadd8bb5a974b015,56b69ad27ea3962fdc492e67ea659e0b8a44eaa5352bc3b8f7c4da3124506e7b,1bee78b2e4bc34b3e12fbfdf37f7d0b203fe61917a9f69e67f44e5970998730a,fe5e953572395cceb7f50820650d8bcce531a63d141e83f5e2bce3b21549a534,4c4b709a7a9431b6e6ed604c2e1087aa038624b61fdee9c443713d253c2ecf57,9b7bde1f038dfb0f1d69577cd1f168bd40ff0ea0c5755b6e8b04a4deb0f77e63,,,,,,,,
promote_2026-04-28T19-43-49Z_a0a1,2026-04-28T19:43:49Z,icao4444-extracted,speed_control_4_6_1,icao4444_speed_control_family,icao4444_speed_control_family,icao4444-extracted::speed_control_4_6_1::8357e703f52d70a6,note_heavy_aircraft_limitation,8372a2a6d49b4ea0e3b9f50e59db827ddc0a1640c37e77fb1069294d391b8e32,"When an aircraft is heavily loaded and at a high level, its ability to change speed may, in cases, be very limited.",background_support,note,definition,support_only,supported,false,defensible,true,false,advisory_only,high,false,pending,pass,pass,0,pass,pass,false,qwen3.6:35b-a3b,qwen3.6:35b-a3b,qwen2.5-coder:32b,qwen3.6:35b-a3b,qwen3.6:35b-a3b,qwen3.6:35b-a3b,24576,3,3,ollama-first-2026-04-28,25de32675884cb3976f22fb28206209e8e72a1db3a6e556bb46490935002b66c,d734d5291933bae15c654b4bbb2c90110fb66bfe6a3cd5cefadd8bb5a974b015,56b69ad27ea3962fdc492e67ea659e0b8a44eaa5352bc3b8f7c4da3124506e7b,1bee78b2e4bc34b3e12fbfdf37f7d0b203fe61917a9f69e67f44e5970998730a,fe5e953572395cceb7f50820650d8bcce531a63d141e83f5e2bce3b21549a534,4c4b709a7a9431b6e6ed604c2e1087aa038624b61fdee9c443713d253c2ecf57,9b7bde1f038dfb0f1d69577cd1f168bd40ff0ea0c5755b6e8b04a4deb0f77e63,,,,,,,,
promote_2026-04-28T19-43-49Z_a0a1,2026-04-28T19:43:49Z,icao4444-extracted,transfer_4_3_2_1,icao4444_transfer_family,icao4444_transfer_family,icao4444-extracted::transfer_4_3_2_1::9e13513d0ea84502,ctrl_division_general,04b01f7e6c7e342e7edb573a4aeb08d5ea39c13c5cec5e8532f9fee54c48c215,"Except for flights which are provided aerodrome control service only, the control of arriving and departing controlled flights shall be divided between units providing aerodrome control service and units providing approach control service.",authoritative_requirement,shall,rule,promote,underspecified,false,defensible,false,false,needs_bundle,high,false,pending,pass,pass,0,pass,pass,false,qwen3.6:35b-a3b,qwen3.6:35b-a3b,qwen2.5-coder:32b,qwen3.6:35b-a3b,qwen3.6:35b-a3b,qwen3.6:35b-a3b,24576,3,3,ollama-first-2026-04-28,25de32675884cb3976f22fb28206209e8e72a1db3a6e556bb46490935002b66c,d734d5291933bae15c654b4bbb2c90110fb66bfe6a3cd5cefadd8bb5a974b015,56b69ad27ea3962fdc492e67ea659e0b8a44eaa5352bc3b8f7c4da3124506e7b,1bee78b2e4bc34b3e12fbfdf37f7d0b203fe61917a9f69e67f44e5970998730a,fe5e953572395cceb7f50820650d8bcce531a63d141e83f5e2bce3b21549a534,4c4b709a7a9431b6e6ed604c2e1087aa038624b61fdee9c443713d253c2ecf57,9b7bde1f038dfb0f1d69577cd1f168bd40ff0ea0c5755b6e8b04a4deb0f77e63,,,,,,,,
promote_2026-04-28T19-43-49Z_a0a1,2026-04-28T19:43:49Z,icao4444-extracted,transfer_4_3_2_1,icao4444_transfer_family,icao4444_transfer_family,icao4444-extracted::transfer_4_3_2_1::e87aa82016b9b93b,transfer_arrival_vmc,27db6d8ba5b2ca4ff188e2a31f3143862f4745dfd1c4b1157f76ac6122d91e4d,Control of an arriving aircraft shall be transferred from the unit providing approach control service to the unit providing aerodrome control service when the aircraft is in the vicinity of the aerodrome and it is considered that approach a,authoritative_requirement,shall,rule,promote,underspecified,false,defensible,true,true,needs_bundle,high,false,pending,fail,fail,1,pass,pass,false,qwen3.6:35b-a3b,qwen3.6:35b-a3b,qwen2.5-coder:32b,qwen3.6:35b-a3b,qwen3.6:35b-a3b,qwen3.6:35b-a3b,24576,3,3,ollama-first-2026-04-28,25de32675884cb3976f22fb28206209e8e72a1db3a6e556bb46490935002b66c,d734d5291933bae15c654b4bbb2c90110fb66bfe6a3cd5cefadd8bb5a974b015,56b69ad27ea3962fdc492e67ea659e0b8a44eaa5352bc3b8f7c4da3124506e7b,1bee78b2e4bc34b3e12fbfdf37f7d0b203fe61917a9f69e67f44e5970998730a,fe5e953572395cceb7f50820650d8bcce531a63d141e83f5e2bce3b21549a534,4c4b709a7a9431b6e6ed604c2e1087aa038624b61fdee9c443713d253c2ecf57,9b7bde1f038dfb0f1d69577cd1f168bd40ff0ea0c5755b6e8b04a4deb0f77e63,,,,,,,,
promote_2026-04-28T19-43-49Z_a0a1,2026-04-28T19:43:49Z,icao4444-extracted,transfer_4_3_2_1,icao4444_transfer_family,icao4444_transfer_family,icao4444-extracted::transfer_4_3_2_1::2670284e94e0eeb0,transfer_arrival_point_level,7734820802fb7fee62483aad98cf5befb31a9b5252b969a7fc28af92c0001666,"Control of an arriving aircraft shall be transferred from the unit providing approach control service to the unit providing aerodrome control service when the aircraft is at a prescribed point or level, as specified in letters of agreement ",authoritative_requirement,shall,rule,promote,supported,true,defensible,true,false,accepted,high,false,pending,fail,fail,1,pass,pass,false,qwen3.6:35b-a3b,qwen3.6:35b-a3b,qwen2.5-coder:32b,qwen3.6:35b-a3b,qwen3.6:35b-a3b,qwen3.6:35b-a3b,24576,3,3,ollama-first-2026-04-28,25de32675884cb3976f22fb28206209e8e72a1db3a6e556bb46490935002b66c,d734d5291933bae15c654b4bbb2c90110fb66bfe6a3cd5cefadd8bb5a974b015,56b69ad27ea3962fdc492e67ea659e0b8a44eaa5352bc3b8f7c4da3124506e7b,1bee78b2e4bc34b3e12fbfdf37f7d0b203fe61917a9f69e67f44e5970998730a,fe5e953572395cceb7f50820650d8bcce531a63d141e83f5e2bce3b21549a534,4c4b709a7a9431b6e6ed604c2e1087aa038624b61fdee9c443713d253c2ecf57,9b7bde1f038dfb0f1d69577cd1f168bd40ff0ea0c5755b6e8b04a4deb0f77e63,,,,,,,,
promote_2026-04-28T19-43-49Z_a0a1,2026-04-28T19:43:49Z,icao4444-extracted,transfer_4_3_2_1,icao4444_transfer_family,icao4444_transfer_family,icao4444-extracted::transfer_4_3_2_1::ab2e105064064445,transfer_arrival_landed,fe6c138a7836d33e526cd7a9706a834feeffc9871a9cc80354cc66bacb9307ac,"Control of an arriving aircraft shall be transferred from the unit providing approach control service to the unit providing aerodrome control service when the aircraft has landed, as specified in letters of agreement or ATS unit instruction",authoritative_requirement,shall,rule,promote,supported,true,defensible,true,false,accepted,high,false,pending,fail,fail,1,pass,pass,false,qwen3.6:35b-a3b,qwen3.6:35b-a3b,qwen2.5-coder:32b,qwen3.6:35b-a3b,qwen3.6:35b-a3b,qwen3.6:35b-a3b,24576,3,3,ollama-first-2026-04-28,25de32675884cb3976f22fb28206209e8e72a1db3a6e556bb46490935002b66c,d734d5291933bae15c654b4bbb2c90110fb66bfe6a3cd5cefadd8bb5a974b015,56b69ad27ea3962fdc492e67ea659e0b8a44eaa5352bc3b8f7c4da3124506e7b,1bee78b2e4bc34b3e12fbfdf37f7d0b203fe61917a9f69e67f44e5970998730a,fe5e953572395cceb7f50820650d8bcce531a63d141e83f5e2bce3b21549a534,4c4b709a7a9431b6e6ed604c2e1087aa038624b61fdee9c443713d253c2ecf57,9b7bde1f038dfb0f1d69577cd1f168bd40ff0ea0c5755b6e8b04a4deb0f77e63,,,,,,,,
promote_2026-04-28T19-43-49Z_a0a1,2026-04-28T19:43:49Z,icao4444-extracted,transfer_4_3_2_1,icao4444_transfer_family,icao4444_transfer_family,icao4444-extracted::transfer_4_3_2_1::04fa5058092e4265,transfer_comm_timely,d86ee44c413ab1ef1fa6e3523bfbeed16095161c953422595c3b4ac59b97af24,"Transfer of communications to the aerodrome controller should be effected at such a point, level or time that clearance to land or alternative instructions, as well as information on essential local traffic, can be issued in a timely manner",operational_guidance,should,best_practice,advisory_only,supported,false,defensible,true,false,advisory_only,high,false,pending,pass,pass,0,pass,pass,false,qwen3.6:35b-a3b,qwen3.6:35b-a3b,qwen2.5-coder:32b,qwen3.6:35b-a3b,qwen3.6:35b-a3b,qwen3.6:35b-a3b,24576,3,3,ollama-first-2026-04-28,25de32675884cb3976f22fb28206209e8e72a1db3a6e556bb46490935002b66c,d734d5291933bae15c654b4bbb2c90110fb66bfe6a3cd5cefadd8bb5a974b015,56b69ad27ea3962fdc492e67ea659e0b8a44eaa5352bc3b8f7c4da3124506e7b,1bee78b2e4bc34b3e12fbfdf37f7d0b203fe61917a9f69e67f44e5970998730a,fe5e953572395cceb7f50820650d8bcce531a63d141e83f5e2bce3b21549a534,4c4b709a7a9431b6e6ed604c2e1087aa038624b61fdee9c443713d253c2ecf57,9b7bde1f038dfb0f1d69577cd1f168bd40ff0ea0c5755b6e8b04a4deb0f77e63,,,,,,,,
promote_2026-04-28T19-43-49Z_a0a1,2026-04-28T19:43:49Z,icao4444-extracted,transfer_4_3_2_1,icao4444_transfer_family,icao4444_transfer_family,icao4444-extracted::transfer_4_3_2_1::2198f6235c44d5d7,transfer_departure_vmc,ede0d02eb4ad869b12d87677093f05c0527a8abb5ed3ceb0ef09053d57808653,"Control of a departing aircraft shall be transferred from the unit providing aerodrome control service to the unit providing approach control service when visual meteorological conditions prevail in the vicinity of the aerodrome, as specifi",authoritative_requirement,shall,rule,promote,authority_too_high,false,defensible,false,false,needs_bundle,high,false,pending,fail,fail,1,pass,pass,false,qwen3.6:35b-a3b,qwen3.6:35b-a3b,qwen2.5-coder:32b,qwen3.6:35b-a3b,qwen3.6:35b-a3b,qwen3.6:35b-a3b,24576,3,3,ollama-first-2026-04-28,25de32675884cb3976f22fb28206209e8e72a1db3a6e556bb46490935002b66c,d734d5291933bae15c654b4bbb2c90110fb66bfe6a3cd5cefadd8bb5a974b015,56b69ad27ea3962fdc492e67ea659e0b8a44eaa5352bc3b8f7c4da3124506e7b,1bee78b2e4bc34b3e12fbfdf37f7d0b203fe61917a9f69e67f44e5970998730a,fe5e953572395cceb7f50820650d8bcce531a63d141e83f5e2bce3b21549a534,4c4b709a7a9431b6e6ed604c2e1087aa038624b61fdee9c443713d253c2ecf57,9b7bde1f038dfb0f1d69577cd1f168bd40ff0ea0c5755b6e8b04a4deb0f77e63,,,,,,,,
promote_2026-04-28T19-43-49Z_a0a1,2026-04-28T19:43:49Z,icao4444-extracted,transfer_4_3_2_1,icao4444_transfer_family,icao4444_transfer_family,icao4444-extracted::transfer_4_3_2_1::98068c7af46e0390,transfer_departure_imc,5c588c203c8321f877bee321dee249e14a87f3844f5e970e2a57658ee9fabf90,"Control of a departing aircraft shall be transferred from the unit providing aerodrome control service to the unit providing approach control service when instrument meteorological conditions prevail at the aerodrome, as specified in letter",authoritative_requirement,shall,rule,promote,underspecified,false,defensible,false,false,needs_bundle,high,false,pending,fail,fail,1,pass,pass,false,qwen3.6:35b-a3b,qwen3.6:35b-a3b,qwen2.5-coder:32b,qwen3.6:35b-a3b,qwen3.6:35b-a3b,qwen3.6:35b-a3b,24576,3,3,ollama-first-2026-04-28,25de32675884cb3976f22fb28206209e8e72a1db3a6e556bb46490935002b66c,d734d5291933bae15c654b4bbb2c90110fb66bfe6a3cd5cefadd8bb5a974b015,56b69ad27ea3962fdc492e67ea659e0b8a44eaa5352bc3b8f7c4da3124506e7b,1bee78b2e4bc34b3e12fbfdf37f7d0b203fe61917a9f69e67f44e5970998730a,fe5e953572395cceb7f50820650d8bcce531a63d141e83f5e2bce3b21549a534,4c4b709a7a9431b6e6ed604c2e1087aa038624b61fdee9c443713d253c2ecf57,9b7bde1f038dfb0f1d69577cd1f168bd40ff0ea0c5755b6e8b04a4deb0f77e63,,,,,,,,
promote_2026-04-28T19-43-49Z_a0a1,2026-04-28T19:43:49Z,icao4444-extracted,transfer_4_3_2_1,icao4444_transfer_family,icao4444_transfer_family,icao4444-extracted::transfer_4_3_2_1::f0cb8347ee5a5ea9,direct_transfer_note,c303eabbe8268f1e7238dcede4773e6d9b192e81896fc617a24d9512d3db190b,"Control of certain flights may be transferred directly from an ACC to an aerodrome control tower and vice versa, by prior arrangement between the units concerned for the relevant part of approach control service to be provided by the ACC or",background_support,note,definition,support_only,supported,false,defensible,true,false,advisory_only,high,false,pending,pass,pass,0,pass,pass,false,qwen3.6:35b-a3b,qwen3.6:35b-a3b,qwen2.5-coder:32b,qwen3.6:35b-a3b,qwen3.6:35b-a3b,qwen3.6:35b-a3b,24576,3,3,ollama-first-2026-04-28,25de32675884cb3976f22fb28206209e8e72a1db3a6e556bb46490935002b66c,d734d5291933bae15c654b4bbb2c90110fb66bfe6a3cd5cefadd8bb5a974b015,56b69ad27ea3962fdc492e67ea659e0b8a44eaa5352bc3b8f7c4da3124506e7b,1bee78b2e4bc34b3e12fbfdf37f7d0b203fe61917a9f69e67f44e5970998730a,fe5e953572395cceb7f50820650d8bcce531a63d141e83f5e2bce3b21549a534,4c4b709a7a9431b6e6ed604c2e1087aa038624b61fdee9c443713d253c2ecf57,9b7bde1f038dfb0f1d69577cd1f168bd40ff0ea0c5755b6e8b04a4deb0f77e63,,,,,,,,
promote_2026-04-28T19-43-49Z_a0a1,2026-04-28T19:43:49Z,icao4444-extracted,wake_turbulence_5_8,icao4444_wake_turbulence_family,icao4444_wake_turbulence_family,icao4444-extracted::wake_turbulence_5_8::d2c228df10630ee8,wake_exempt_vfr,8fef18591dd75660ec507b9b7147e4297ea9d3c3d46c52d20f149155d556f9ad,The ATC unit concerned shall not be required to apply wake turbulence separation for arriving VFR flights landing on the same runway as a preceding landing HEAVY or MEDIUM aircraft.,authoritative_requirement,shall,rule,promote,supported,false,defensible,true,false,accepted,high,false,accepted,pass,pass,0,pass,pass,false,qwen3.6:35b-a3b,qwen3.6:35b-a3b,qwen2.5-coder:32b,qwen3.6:35b-a3b,qwen3.6:35b-a3b,qwen3.6:35b-a3b,24576,3,3,ollama-first-2026-04-28,25de32675884cb3976f22fb28206209e8e72a1db3a6e556bb46490935002b66c,d734d5291933bae15c654b4bbb2c90110fb66bfe6a3cd5cefadd8bb5a974b015,56b69ad27ea3962fdc492e67ea659e0b8a44eaa5352bc3b8f7c4da3124506e7b,1bee78b2e4bc34b3e12fbfdf37f7d0b203fe61917a9f69e67f44e5970998730a,fe5e953572395cceb7f50820650d8bcce531a63d141e83f5e2bce3b21549a534,4c4b709a7a9431b6e6ed604c2e1087aa038624b61fdee9c443713d253c2ecf57,9b7bde1f038dfb0f1d69577cd1f168bd40ff0ea0c5755b6e8b04a4deb0f77e63,,,,,,,,
promote_2026-04-28T19-43-49Z_a0a1,2026-04-28T19:43:49Z,icao4444-extracted,wake_turbulence_5_8,icao4444_wake_turbulence_family,icao4444_wake_turbulence_family,icao4444-extracted::wake_turbulence_5_8::8d48784411b94845,wake_exempt_visual_ifr,510b1b8904699d8b3143de434d05c36e5b30c69d0b1756d0e7d11c457367c7c0,The ATC unit concerned shall not be required to apply wake turbulence separation between arriving IFR flights executing visual approach when the aircraft has reported the preceding aircraft in sight and has been instructed to follow and mai,authoritative_requirement,shall,rule,promote,supported,true,defensible,true,false,accepted,high,false,accepted,pass,pass,0,pass,pass,false,qwen3.6:35b-a3b,qwen3.6:35b-a3b,qwen2.5-coder:32b,qwen3.6:35b-a3b,qwen3.6:35b-a3b,qwen3.6:35b-a3b,24576,3,3,ollama-first-2026-04-28,25de32675884cb3976f22fb28206209e8e72a1db3a6e556bb46490935002b66c,d734d5291933bae15c654b4bbb2c90110fb66bfe6a3cd5cefadd8bb5a974b015,56b69ad27ea3962fdc492e67ea659e0b8a44eaa5352bc3b8f7c4da3124506e7b,1bee78b2e4bc34b3e12fbfdf37f7d0b203fe61917a9f69e67f44e5970998730a,fe5e953572395cceb7f50820650d8bcce531a63d141e83f5e2bce3b21549a534,4c4b709a7a9431b6e6ed604c2e1087aa038624b61fdee9c443713d253c2ecf57,9b7bde1f038dfb0f1d69577cd1f168bd40ff0ea0c5755b6e8b04a4deb0f77e63,,,,,,,,
promote_2026-04-28T19-43-49Z_a0a1,2026-04-28T19:43:49Z,icao4444-extracted,wake_turbulence_5_8,icao4444_wake_turbulence_family,icao4444_wake_turbulence_family,icao4444-extracted::wake_turbulence_5_8::aa549e12f422eed0,wake_caution_issuance,d81fcfd07e105b63bf00aed1d2f962c491763f5a246823afc4bf196b094046a8,"The ATC unit shall, in respect of the flights specified in 5.8.1.1 a) and b), as well as when otherwise deemed necessary, issue a caution of possible wake turbulence.",authoritative_requirement,shall,rule,promote,supported,false,defensible,true,false,accepted,high,false,accepted,pass,pass,0,pass,pass,false,qwen3.6:35b-a3b,qwen3.6:35b-a3b,qwen2.5-coder:32b,qwen3.6:35b-a3b,qwen3.6:35b-a3b,qwen3.6:35b-a3b,24576,3,3,ollama-first-2026-04-28,25de32675884cb3976f22fb28206209e8e72a1db3a6e556bb46490935002b66c,d734d5291933bae15c654b4bbb2c90110fb66bfe6a3cd5cefadd8bb5a974b015,56b69ad27ea3962fdc492e67ea659e0b8a44eaa5352bc3b8f7c4da3124506e7b,1bee78b2e4bc34b3e12fbfdf37f7d0b203fe61917a9f69e67f44e5970998730a,fe5e953572395cceb7f50820650d8bcce531a63d141e83f5e2bce3b21549a534,4c4b709a7a9431b6e6ed604c2e1087aa038624b61fdee9c443713d253c2ecf57,9b7bde1f038dfb0f1d69577cd1f168bd40ff0ea0c5755b6e8b04a4deb0f77e63,,,,,,,,
promote_2026-04-28T19-43-49Z_a0a1,2026-04-28T19:43:49Z,icao4444-extracted,wake_turbulence_5_8,icao4444_wake_turbulence_family,icao4444_wake_turbulence_family,icao4444-extracted::wake_turbulence_5_8::8ad4ccfb077dbf04,wake_pilot_spacing_responsibility,1b8e9f83efbd09a61d89a23736c8db42135f2c9127d7f3db1023350eef5d5232,"The pilot-in-command of the aircraft concerned shall be responsible for ensuring that the spacing from a preceding aircraft of a heavier wake turbulence category is acceptable. If it is determined that additional spacing is required, the fl",authoritative_requirement,shall,rule,promote,supported,false,defensible,true,false,accepted,high,false,accepted,pass,pass,0,pass,pass,false,qwen3.6:35b-a3b,qwen3.6:35b-a3b,qwen2.5-coder:32b,qwen3.6:35b-a3b,qwen3.6:35b-a3b,qwen3.6:35b-a3b,24576,3,3,ollama-first-2026-04-28,25de32675884cb3976f22fb28206209e8e72a1db3a6e556bb46490935002b66c,d734d5291933bae15c654b4bbb2c90110fb66bfe6a3cd5cefadd8bb5a974b015,56b69ad27ea3962fdc492e67ea659e0b8a44eaa5352bc3b8f7c4da3124506e7b,1bee78b2e4bc34b3e12fbfdf37f7d0b203fe61917a9f69e67f44e5970998730a,fe5e953572395cceb7f50820650d8bcce531a63d141e83f5e2bce3b21549a534,4c4b709a7a9431b6e6ed604c2e1087aa038624b61fdee9c443713d253c2ecf57,9b7bde1f038dfb0f1d69577cd1f168bd40ff0ea0c5755b6e8b04a4deb0f77e63,,,,,,,,
promote_2026-04-28T19-43-49Z_a0a1,2026-04-28T19:43:49Z,icao4444-extracted,wake_turbulence_5_8,icao4444_wake_turbulence_family,icao4444_wake_turbulence_family,icao4444-extracted::wake_turbulence_5_8::68ace43862437dfb,wake_min_medium_behind_heavy,e4a9e24f510afcde0ad17a424b980cc22a0e4677817e12116a7b88e084f9ba71,A separation minimum of 2 minutes shall be applied to a MEDIUM aircraft landing behind a HEAVY aircraft.,authoritative_requirement,shall,rule,promote,supported,true,defensible,true,false,accepted,high,false,accepted,pass,pass,0,pass,pass,false,qwen3.6:35b-a3b,qwen3.6:35b-a3b,qwen2.5-coder:32b,qwen3.6:35b-a3b,qwen3.6:35b-a3b,qwen3.6:35b-a3b,24576,3,3,ollama-first-2026-04-28,25de32675884cb3976f22fb28206209e8e72a1db3a6e556bb46490935002b66c,d734d5291933bae15c654b4bbb2c90110fb66bfe6a3cd5cefadd8bb5a974b015,56b69ad27ea3962fdc492e67ea659e0b8a44eaa5352bc3b8f7c4da3124506e7b,1bee78b2e4bc34b3e12fbfdf37f7d0b203fe61917a9f69e67f44e5970998730a,fe5e953572395cceb7f50820650d8bcce531a63d141e83f5e2bce3b21549a534,4c4b709a7a9431b6e6ed604c2e1087aa038624b61fdee9c443713d253c2ecf57,9b7bde1f038dfb0f1d69577cd1f168bd40ff0ea0c5755b6e8b04a4deb0f77e63,,,,,,,,
promote_2026-04-28T19-43-49Z_a0a1,2026-04-28T19:43:49Z,icao4444-extracted,wake_turbulence_5_8,icao4444_wake_turbulence_family,icao4444_wake_turbulence_family,icao4444-extracted::wake_turbulence_5_8::eb48ff5054e3f496,wake_min_light_behind_heavy_medium,26341684427bdf6d46796664cadd16553810f1738321961358b5551667d947c5,A separation minimum of 3 minutes shall be applied to a LIGHT aircraft landing behind a HEAVY or MEDIUM aircraft.,authoritative_requirement,shall,rule,promote,supported,true,defensible,true,false,accepted,high,false,accepted,pass,pass,0,pass,pass,false,qwen3.6:35b-a3b,qwen3.6:35b-a3b,qwen2.5-coder:32b,qwen3.6:35b-a3b,qwen3.6:35b-a3b,qwen3.6:35b-a3b,24576,3,3,ollama-first-2026-04-28,25de32675884cb3976f22fb28206209e8e72a1db3a6e556bb46490935002b66c,d734d5291933bae15c654b4bbb2c90110fb66bfe6a3cd5cefadd8bb5a974b015,56b69ad27ea3962fdc492e67ea659e0b8a44eaa5352bc3b8f7c4da3124506e7b,1bee78b2e4bc34b3e12fbfdf37f7d0b203fe61917a9f69e67f44e5970998730a,fe5e953572395cceb7f50820650d8bcce531a63d141e83f5e2bce3b21549a534,4c4b709a7a9431b6e6ed604c2e1087aa038624b61fdee9c443713d253c2ecf57,9b7bde1f038dfb0f1d69577cd1f168bd40ff0ea0c5755b6e8b04a4deb0f77e63,,,,,,,,
promote_2026-04-28T19-43-49Z_a0a1,2026-04-28T19:43:49Z,icao4444-extracted,wake_turbulence_5_8,icao4444_wake_turbulence_family,icao4444_wake_turbulence_family,icao4444-extracted::wake_turbulence_5_8::1e2b1b978aee05fa,wake_dep_2min_same_runway,13e824da82ee8ab6a4f83318df949cbbac42f8602a3be27dd4f4722b46ad4a29,A minimum separation of 2 minutes shall be applied between a LIGHT or MEDIUM aircraft taking off behind a HEAVY aircraft or a LIGHT aircraft taking off behind a MEDIUM aircraft when the aircraft are using the same runway.,authoritative_requirement,shall,rule,promote,supported,true,defensible,true,false,accepted,high,false,pending,fail,fail,1,pass,pass,false,qwen3.6:35b-a3b,qwen3.6:35b-a3b,qwen2.5-coder:32b,qwen3.6:35b-a3b,qwen3.6:35b-a3b,qwen3.6:35b-a3b,24576,3,3,ollama-first-2026-04-28,25de32675884cb3976f22fb28206209e8e72a1db3a6e556bb46490935002b66c,d734d5291933bae15c654b4bbb2c90110fb66bfe6a3cd5cefadd8bb5a974b015,56b69ad27ea3962fdc492e67ea659e0b8a44eaa5352bc3b8f7c4da3124506e7b,1bee78b2e4bc34b3e12fbfdf37f7d0b203fe61917a9f69e67f44e5970998730a,fe5e953572395cceb7f50820650d8bcce531a63d141e83f5e2bce3b21549a534,4c4b709a7a9431b6e6ed604c2e1087aa038624b61fdee9c443713d253c2ecf57,9b7bde1f038dfb0f1d69577cd1f168bd40ff0ea0c5755b6e8b04a4deb0f77e63,,,,,,,,
promote_2026-04-28T19-43-49Z_a0a1,2026-04-28T19:43:49Z,icao4444-extracted,wake_turbulence_5_8,icao4444_wake_turbulence_family,icao4444_wake_turbulence_family,icao4444-extracted::wake_turbulence_5_8::a8cd7d9145e0e339,wake_dep_2min_parallel_close,356d02ef444f1cac7c228e48c4f30b6395eef37d06b284669ac5f8ec65c76040,A minimum separation of 2 minutes shall be applied between a LIGHT or MEDIUM aircraft taking off behind a HEAVY aircraft or a LIGHT aircraft taking off behind a MEDIUM aircraft when the aircraft are using parallel runways separated by less ,authoritative_requirement,shall,rule,promote,underspecified,false,defensible,true,true,needs_bundle,high,false,pending,fail,fail,1,pass,pass,false,qwen3.6:35b-a3b,qwen3.6:35b-a3b,qwen2.5-coder:32b,qwen3.6:35b-a3b,qwen3.6:35b-a3b,qwen3.6:35b-a3b,24576,3,3,ollama-first-2026-04-28,25de32675884cb3976f22fb28206209e8e72a1db3a6e556bb46490935002b66c,d734d5291933bae15c654b4bbb2c90110fb66bfe6a3cd5cefadd8bb5a974b015,56b69ad27ea3962fdc492e67ea659e0b8a44eaa5352bc3b8f7c4da3124506e7b,1bee78b2e4bc34b3e12fbfdf37f7d0b203fe61917a9f69e67f44e5970998730a,fe5e953572395cceb7f50820650d8bcce531a63d141e83f5e2bce3b21549a534,4c4b709a7a9431b6e6ed604c2e1087aa038624b61fdee9c443713d253c2ecf57,9b7bde1f038dfb0f1d69577cd1f168bd40ff0ea0c5755b6e8b04a4deb0f77e63,,,,,,,,
promote_2026-04-28T19-43-49Z_a0a1,2026-04-28T19:43:49Z,icao4444-extracted,wake_turbulence_5_8,icao4444_wake_turbulence_family,icao4444_wake_turbulence_family,icao4444-extracted::wake_turbulence_5_8::b2209483e71c53c3,wake_dep_2min_crossing,3bd07fdd647b2addb868f36ea4a33682f421b2eaaf902b75e8e99e2de9d6f1c4,A minimum separation of 2 minutes shall be applied between a LIGHT or MEDIUM aircraft taking off behind a HEAVY aircraft or a LIGHT aircraft taking off behind a MEDIUM aircraft when the aircraft are using crossing runways if the projected f,authoritative_requirement,shall,rule,promote,supported,true,defensible,true,false,accepted,high,false,pending,fail,fail,1,pass,pass,false,qwen3.6:35b-a3b,qwen3.6:35b-a3b,qwen2.5-coder:32b,qwen3.6:35b-a3b,qwen3.6:35b-a3b,qwen3.6:35b-a3b,24576,3,3,ollama-first-2026-04-28,25de32675884cb3976f22fb28206209e8e72a1db3a6e556bb46490935002b66c,d734d5291933bae15c654b4bbb2c90110fb66bfe6a3cd5cefadd8bb5a974b015,56b69ad27ea3962fdc492e67ea659e0b8a44eaa5352bc3b8f7c4da3124506e7b,1bee78b2e4bc34b3e12fbfdf37f7d0b203fe61917a9f69e67f44e5970998730a,fe5e953572395cceb7f50820650d8bcce531a63d141e83f5e2bce3b21549a534,4c4b709a7a9431b6e6ed604c2e1087aa038624b61fdee9c443713d253c2ecf57,9b7bde1f038dfb0f1d69577cd1f168bd40ff0ea0c5755b6e8b04a4deb0f77e63,,,,,,,,
promote_2026-04-28T19-43-49Z_a0a1,2026-04-28T19:43:49Z,icao4444-extracted,wake_turbulence_5_8,icao4444_wake_turbulence_family,icao4444_wake_turbulence_family,icao4444-extracted::wake_turbulence_5_8::e0fd9fa3eda729ad,wake_dep_2min_parallel_far_crossing,362679c1b2d47d0a8e9f65c1d6973fbbcd0748c02ec84ae136b3f1bd21fdc744,A minimum separation of 2 minutes shall be applied between a LIGHT or MEDIUM aircraft taking off behind a HEAVY aircraft or a LIGHT aircraft taking off behind a MEDIUM aircraft when the aircraft are using parallel runways separated by 760 m,authoritative_requirement,shall,rule,promote,supported,true,defensible,true,false,accepted,high,false,pending,fail,fail,1,pass,pass,false,qwen3.6:35b-a3b,qwen3.6:35b-a3b,qwen2.5-coder:32b,qwen3.6:35b-a3b,qwen3.6:35b-a3b,qwen3.6:35b-a3b,24576,3,3,ollama-first-2026-04-28,25de32675884cb3976f22fb28206209e8e72a1db3a6e556bb46490935002b66c,d734d5291933bae15c654b4bbb2c90110fb66bfe6a3cd5cefadd8bb5a974b015,56b69ad27ea3962fdc492e67ea659e0b8a44eaa5352bc3b8f7c4da3124506e7b,1bee78b2e4bc34b3e12fbfdf37f7d0b203fe61917a9f69e67f44e5970998730a,fe5e953572395cceb7f50820650d8bcce531a63d141e83f5e2bce3b21549a534,4c4b709a7a9431b6e6ed604c2e1087aa038624b61fdee9c443713d253c2ecf57,9b7bde1f038dfb0f1d69577cd1f168bd40ff0ea0c5755b6e8b04a4deb0f77e63,,,,,,,,
promote_2026-04-28T19-43-49Z_a0a1,2026-04-28T19:43:49Z,icao4444-extracted,wake_turbulence_5_8,icao4444_wake_turbulence_family,icao4444_wake_turbulence_family,icao4444-extracted::wake_turbulence_5_8::341594e5786999a5,wake_dep_3min_intermediate,7f796128c7911bcce6cf4878e2f1311a5b4d91dde8f649380083d66a3ddaa749,A separation minimum of 3 minutes shall be applied between a LIGHT or MEDIUM aircraft when taking off behind a HEAVY aircraft or a LIGHT aircraft when taking off behind a MEDIUM aircraft from an intermediate part of the same runway.,authoritative_requirement,shall,rule,promote,underspecified,false,defensible,false,false,needs_bundle,high,false,pending,fail,fail,1,pass,pass,false,qwen3.6:35b-a3b,qwen3.6:35b-a3b,qwen2.5-coder:32b,qwen3.6:35b-a3b,qwen3.6:35b-a3b,qwen3.6:35b-a3b,24576,3,3,ollama-first-2026-04-28,25de32675884cb3976f22fb28206209e8e72a1db3a6e556bb46490935002b66c,d734d5291933bae15c654b4bbb2c90110fb66bfe6a3cd5cefadd8bb5a974b015,56b69ad27ea3962fdc492e67ea659e0b8a44eaa5352bc3b8f7c4da3124506e7b,1bee78b2e4bc34b3e12fbfdf37f7d0b203fe61917a9f69e67f44e5970998730a,fe5e953572395cceb7f50820650d8bcce531a63d141e83f5e2bce3b21549a534,4c4b709a7a9431b6e6ed604c2e1087aa038624b61fdee9c443713d253c2ecf57,9b7bde1f038dfb0f1d69577cd1f168bd40ff0ea0c5755b6e8b04a4deb0f77e63,,,,,,,,
promote_2026-04-28T19-43-49Z_a0a1,2026-04-28T19:43:49Z,icao4444-extracted,wake_turbulence_5_8,icao4444_wake_turbulence_family,icao4444_wake_turbulence_family,icao4444-extracted::wake_turbulence_5_8::a9c15fac90c928a2,wake_dep_3min_parallel_intermediate,b68aae8c3e050260137263cf6ca1e5114422af9cceebbcffb96b193731485481,A separation minimum of 3 minutes shall be applied between a LIGHT or MEDIUM aircraft when taking off behind a HEAVY aircraft or a LIGHT aircraft when taking off behind a MEDIUM aircraft from an intermediate part of a parallel runway separa,authoritative_requirement,shall,rule,promote,underspecified,false,defensible,false,false,needs_bundle,high,false,pending,fail,fail,1,pass,pass,false,qwen3.6:35b-a3b,qwen3.6:35b-a3b,qwen2.5-coder:32b,qwen3.6:35b-a3b,qwen3.6:35b-a3b,qwen3.6:35b-a3b,24576,3,3,ollama-first-2026-04-28,25de32675884cb3976f22fb28206209e8e72a1db3a6e556bb46490935002b66c,d734d5291933bae15c654b4bbb2c90110fb66bfe6a3cd5cefadd8bb5a974b015,56b69ad27ea3962fdc492e67ea659e0b8a44eaa5352bc3b8f7c4da3124506e7b,1bee78b2e4bc34b3e12fbfdf37f7d0b203fe61917a9f69e67f44e5970998730a,fe5e953572395cceb7f50820650d8bcce531a63d141e83f5e2bce3b21549a534,4c4b709a7a9431b6e6ed604c2e1087aa038624b61fdee9c443713d253c2ecf57,9b7bde1f038dfb0f1d69577cd1f168bd40ff0ea0c5755b6e8b04a4deb0f77e63,,,,,,,,
promote_2026-04-28T19-43-49Z_a0a1,2026-04-28T19:43:49Z,icao4444-extracted,wake_turbulence_5_8,icao4444_wake_turbulence_family,icao4444_wake_turbulence_family,icao4444-extracted::wake_turbulence_5_8::1cd7ca788ad94b3f,wake_displaced_2min_departing,02291fb54d77821d5ac4a2af83c8a0024ea5f4167473f9c9f40aa15ef18963df,A separation minimum of 2 minutes shall be applied between a LIGHT or MEDIUM aircraft and a HEAVY aircraft and between a LIGHT aircraft and a MEDIUM aircraft when operating on a runway with a displaced landing threshold when a departing LIG,authoritative_requirement,shall,rule,promote,underspecified,false,defensible,false,false,needs_bundle,high,false,pending,fail,fail,1,pass,pass,false,qwen3.6:35b-a3b,qwen3.6:35b-a3b,qwen2.5-coder:32b,qwen3.6:35b-a3b,qwen3.6:35b-a3b,qwen3.6:35b-a3b,24576,3,3,ollama-first-2026-04-28,25de32675884cb3976f22fb28206209e8e72a1db3a6e556bb46490935002b66c,d734d5291933bae15c654b4bbb2c90110fb66bfe6a3cd5cefadd8bb5a974b015,56b69ad27ea3962fdc492e67ea659e0b8a44eaa5352bc3b8f7c4da3124506e7b,1bee78b2e4bc34b3e12fbfdf37f7d0b203fe61917a9f69e67f44e5970998730a,fe5e953572395cceb7f50820650d8bcce531a63d141e83f5e2bce3b21549a534,4c4b709a7a9431b6e6ed604c2e1087aa038624b61fdee9c443713d253c2ecf57,9b7bde1f038dfb0f1d69577cd1f168bd40ff0ea0c5755b6e8b04a4deb0f77e63,,,,,,,,
promote_2026-04-28T19-43-49Z_a0a1,2026-04-28T19:43:49Z,icao4444-extracted,wake_turbulence_5_8,icao4444_wake_turbulence_family,icao4444_wake_turbulence_family,icao4444-extracted::wake_turbulence_5_8::ad5ab8aad62283e3,wake_displaced_2min_arriving,40160fff556141191e2834ac3425fe148ee085389b91a0cf7dba8492ab6d64cc,A separation minimum of 2 minutes shall be applied between a LIGHT or MEDIUM aircraft and a HEAVY aircraft and between a LIGHT aircraft and a MEDIUM aircraft when operating on a runway with a displaced landing threshold when an arriving LIG,authoritative_requirement,shall,rule,promote,unsupported_by_source,false,defensible,false,false,needs_bundle,high,false,pending,fail,fail,1,pass,pass,false,qwen3.6:35b-a3b,qwen3.6:35b-a3b,qwen2.5-coder:32b,qwen3.6:35b-a3b,qwen3.6:35b-a3b,qwen3.6:35b-a3b,24576,3,3,ollama-first-2026-04-28,25de32675884cb3976f22fb28206209e8e72a1db3a6e556bb46490935002b66c,d734d5291933bae15c654b4bbb2c90110fb66bfe6a3cd5cefadd8bb5a974b015,56b69ad27ea3962fdc492e67ea659e0b8a44eaa5352bc3b8f7c4da3124506e7b,1bee78b2e4bc34b3e12fbfdf37f7d0b203fe61917a9f69e67f44e5970998730a,fe5e953572395cceb7f50820650d8bcce531a63d141e83f5e2bce3b21549a534,4c4b709a7a9431b6e6ed604c2e1087aa038624b61fdee9c443713d253c2ecf57,9b7bde1f038dfb0f1d69577cd1f168bd40ff0ea0c5755b6e8b04a4deb0f77e63,,,,,,,,
promote_2026-04-28T19-43-49Z_a0a1,2026-04-28T19:43:49Z,icao9432-extracted,communications_2_8_1_en,icao9432_communications_family,icao9432_communications_family,icao9432-extracted::communications_2_8_1_en::a685cef087951878,req_2.8.1.1_full_callsign,1b69fc79fdde61e905979c00864eaefd80b7d203911776af0f89a9a25ec093f2,"When establishing communications, an aircraft should use the full call sign of both the aircraft and the aeronautical station.",operational_guidance,should,phraseology_rule,advisory_only,supported,false,defensible,true,false,advisory_only,high,false,pending,pass,pass,0,pass,pass,false,qwen3.6:35b-a3b,qwen3.6:35b-a3b,qwen2.5-coder:32b,qwen3.6:35b-a3b,qwen3.6:35b-a3b,qwen3.6:35b-a3b,24576,3,3,ollama-first-2026-04-28,25de32675884cb3976f22fb28206209e8e72a1db3a6e556bb46490935002b66c,d734d5291933bae15c654b4bbb2c90110fb66bfe6a3cd5cefadd8bb5a974b015,56b69ad27ea3962fdc492e67ea659e0b8a44eaa5352bc3b8f7c4da3124506e7b,1bee78b2e4bc34b3e12fbfdf37f7d0b203fe61917a9f69e67f44e5970998730a,fe5e953572395cceb7f50820650d8bcce531a63d141e83f5e2bce3b21549a534,4c4b709a7a9431b6e6ed604c2e1087aa038624b61fdee9c443713d253c2ecf57,9b7bde1f038dfb0f1d69577cd1f168bd40ff0ea0c5755b6e8b04a4deb0f77e63,,,,,,,,
promote_2026-04-28T19-43-49Z_a0a1,2026-04-28T19:43:49Z,icao9432-extracted,communications_2_8_1_en,icao9432_communications_family,icao9432_communications_family,icao9432-extracted::communications_2_8_1_en::b7acdc88125f1510,req_2.8.1.2_ground_broadcast,039fc86d04a010522bc041ce03d503eff58ab87490b9360fdfe3d78c0572f96e,"When a ground station wishes to broadcast information, the message should be prefaced by the call ""ALL STATIONS"".",operational_guidance,should,phraseology_rule,advisory_only,supported,false,defensible,true,false,advisory_only,high,false,pending,pass,pass,0,pass,pass,false,qwen3.6:35b-a3b,qwen3.6:35b-a3b,qwen2.5-coder:32b,qwen3.6:35b-a3b,qwen3.6:35b-a3b,qwen3.6:35b-a3b,24576,3,3,ollama-first-2026-04-28,25de32675884cb3976f22fb28206209e8e72a1db3a6e556bb46490935002b66c,d734d5291933bae15c654b4bbb2c90110fb66bfe6a3cd5cefadd8bb5a974b015,56b69ad27ea3962fdc492e67ea659e0b8a44eaa5352bc3b8f7c4da3124506e7b,1bee78b2e4bc34b3e12fbfdf37f7d0b203fe61917a9f69e67f44e5970998730a,fe5e953572395cceb7f50820650d8bcce531a63d141e83f5e2bce3b21549a534,4c4b709a7a9431b6e6ed604c2e1087aa038624b61fdee9c443713d253c2ecf57,9b7bde1f038dfb0f1d69577cd1f168bd40ff0ea0c5755b6e8b04a4deb0f77e63,,,,,,,,
promote_2026-04-28T19-43-49Z_a0a1,2026-04-28T19:43:49Z,icao9432-extracted,communications_2_8_1_en,icao9432_communications_family,icao9432_communications_family,icao9432-extracted::communications_2_8_1_en::5efac97fddfd54ca,req_2.8.1.3_aircraft_broadcast,b5e9149538460bf062b2475f8f6b4854b8649437c8e7ff068971bc71ce2b9a83,"When an aircraft wishes to broadcast information to aircraft in its vicinity, the message should be prefaced by the call ""ALL STATIONS"".",operational_guidance,should,phraseology_rule,advisory_only,supported,false,defensible,true,false,advisory_only,high,false,pending,pass,pass,0,pass,pass,false,qwen3.6:35b-a3b,qwen3.6:35b-a3b,qwen2.5-coder:32b,qwen3.6:35b-a3b,qwen3.6:35b-a3b,qwen3.6:35b-a3b,24576,3,3,ollama-first-2026-04-28,25de32675884cb3976f22fb28206209e8e72a1db3a6e556bb46490935002b66c,d734d5291933bae15c654b4bbb2c90110fb66bfe6a3cd5cefadd8bb5a974b015,56b69ad27ea3962fdc492e67ea659e0b8a44eaa5352bc3b8f7c4da3124506e7b,1bee78b2e4bc34b3e12fbfdf37f7d0b203fe61917a9f69e67f44e5970998730a,fe5e953572395cceb7f50820650d8bcce531a63d141e83f5e2bce3b21549a534,4c4b709a7a9431b6e6ed604c2e1087aa038624b61fdee9c443713d253c2ecf57,9b7bde1f038dfb0f1d69577cd1f168bd40ff0ea0c5755b6e8b04a4deb0f77e63,,,,,,,,
promote_2026-04-28T19-43-49Z_a0a1,2026-04-28T19:43:49Z,icao9432-extracted,communications_2_8_1_en,icao9432_communications_family,icao9432_communications_family,icao9432-extracted::communications_2_8_1_en::8b0487b183cd02cf,req_2.8.1.3_no_reply,80c86024e7681dfb8f845ecfd0b77e04340caf00ac3fd5621a5b31e1cec55b0c,No reply is expected to such general calls unless individual stations are subsequently called upon to acknowledge receipt.,operational_guidance,note,best_practice,advisory_only,supported,false,defensible,true,false,advisory_only,high,false,pending,pass,pass,0,pass,pass,false,qwen3.6:35b-a3b,qwen3.6:35b-a3b,qwen2.5-coder:32b,qwen3.6:35b-a3b,qwen3.6:35b-a3b,qwen3.6:35b-a3b,24576,3,3,ollama-first-2026-04-28,25de32675884cb3976f22fb28206209e8e72a1db3a6e556bb46490935002b66c,d734d5291933bae15c654b4bbb2c90110fb66bfe6a3cd5cefadd8bb5a974b015,56b69ad27ea3962fdc492e67ea659e0b8a44eaa5352bc3b8f7c4da3124506e7b,1bee78b2e4bc34b3e12fbfdf37f7d0b203fe61917a9f69e67f44e5970998730a,fe5e953572395cceb7f50820650d8bcce531a63d141e83f5e2bce3b21549a534,4c4b709a7a9431b6e6ed604c2e1087aa038624b61fdee9c443713d253c2ecf57,9b7bde1f038dfb0f1d69577cd1f168bd40ff0ea0c5755b6e8b04a4deb0f77e63,,,,,,,,
promote_2026-04-28T19-43-49Z_a0a1,2026-04-28T19:43:49Z,icao9432-extracted,communications_2_8_1_en,icao9432_communications_family,icao9432_communications_family,icao9432-extracted::communications_2_8_1_en::0a964f42b6100596,req_2.8.1.4_repetition,62c508a6e3b676435f9a772caf48751f67e8f2857f11844cc37d07c0d3361029,"If there is doubt that a message has been correctly received, a repetition of the messages shall be requested either in full or in part.",operational_guidance,shall,rule,advisory_only,supported,true,defensible,true,false,advisory_only,high,false,pending,pass,pass,0,pass,pass,false,qwen3.6:35b-a3b,qwen3.6:35b-a3b,qwen2.5-coder:32b,qwen3.6:35b-a3b,qwen3.6:35b-a3b,qwen3.6:35b-a3b,24576,3,3,ollama-first-2026-04-28,25de32675884cb3976f22fb28206209e8e72a1db3a6e556bb46490935002b66c,d734d5291933bae15c654b4bbb2c90110fb66bfe6a3cd5cefadd8bb5a974b015,56b69ad27ea3962fdc492e67ea659e0b8a44eaa5352bc3b8f7c4da3124506e7b,1bee78b2e4bc34b3e12fbfdf37f7d0b203fe61917a9f69e67f44e5970998730a,fe5e953572395cceb7f50820650d8bcce531a63d141e83f5e2bce3b21549a534,4c4b709a7a9431b6e6ed604c2e1087aa038624b61fdee9c443713d253c2ecf57,9b7bde1f038dfb0f1d69577cd1f168bd40ff0ea0c5755b6e8b04a4deb0f77e63,,,,,,,,
promote_2026-04-28T19-43-49Z_a0a1,2026-04-28T19:43:49Z,icao9432-extracted,readback_2_8_3_en,icao9432_readback_family,icao9432_readback_family,icao9432-extracted::readback_2_8_3_en::58594a8ee6243296,readback_mandatory_route_clearances,99aa8c31269fd4b5b5f5b7ad90b1336bfa1ab8953b5d948b913bd1f04e45a75c,ATC route clearances shall always be read back.,authoritative_requirement,shall,rule,promote,supported,true,defensible,true,false,accepted,high,false,accepted,pass,pass,0,pass,pass,false,qwen3.6:35b-a3b,qwen3.6:35b-a3b,qwen2.5-coder:32b,qwen3.6:35b-a3b,qwen3.6:35b-a3b,qwen3.6:35b-a3b,24576,3,3,ollama-first-2026-04-28,25de32675884cb3976f22fb28206209e8e72a1db3a6e556bb46490935002b66c,d734d5291933bae15c654b4bbb2c90110fb66bfe6a3cd5cefadd8bb5a974b015,56b69ad27ea3962fdc492e67ea659e0b8a44eaa5352bc3b8f7c4da3124506e7b,1bee78b2e4bc34b3e12fbfdf37f7d0b203fe61917a9f69e67f44e5970998730a,fe5e953572395cceb7f50820650d8bcce531a63d141e83f5e2bce3b21549a534,4c4b709a7a9431b6e6ed604c2e1087aa038624b61fdee9c443713d253c2ecf57,9b7bde1f038dfb0f1d69577cd1f168bd40ff0ea0c5755b6e8b04a4deb0f77e63,,,,,,,,
promote_2026-04-28T19-43-49Z_a0a1,2026-04-28T19:43:49Z,icao9432-extracted,readback_2_8_3_en,icao9432_readback_family,icao9432_readback_family,icao9432-extracted::readback_2_8_3_en::15940532b37f8528,readback_mandatory_runway_ops,59a954bff43d95567fd3c6ec6181346d3e080b2001810e8a10469ef99ec802ec,"Clearances and instructions to enter, land on, take off from, hold short of, cross and backtrack on any runway shall always be read back.",authoritative_requirement,shall,rule,promote,supported,true,defensible,true,false,accepted,high,false,accepted,pass,pass,0,pass,pass,false,qwen3.6:35b-a3b,qwen3.6:35b-a3b,qwen2.5-coder:32b,qwen3.6:35b-a3b,qwen3.6:35b-a3b,qwen3.6:35b-a3b,24576,3,3,ollama-first-2026-04-28,25de32675884cb3976f22fb28206209e8e72a1db3a6e556bb46490935002b66c,d734d5291933bae15c654b4bbb2c90110fb66bfe6a3cd5cefadd8bb5a974b015,56b69ad27ea3962fdc492e67ea659e0b8a44eaa5352bc3b8f7c4da3124506e7b,1bee78b2e4bc34b3e12fbfdf37f7d0b203fe61917a9f69e67f44e5970998730a,fe5e953572395cceb7f50820650d8bcce531a63d141e83f5e2bce3b21549a534,4c4b709a7a9431b6e6ed604c2e1087aa038624b61fdee9c443713d253c2ecf57,9b7bde1f038dfb0f1d69577cd1f168bd40ff0ea0c5755b6e8b04a4deb0f77e63,,,,,,,,
promote_2026-04-28T19-43-49Z_a0a1,2026-04-28T19:43:49Z,icao9432-extracted,readback_2_8_3_en,icao9432_readback_family,icao9432_readback_family,icao9432-extracted::readback_2_8_3_en::25c245bc4728ed60,readback_mandatory_tactical_params,969cb469ed2da292c3fca1b460c8c246bf77085e392b694e00be6fa70aa2c776,"Runway-in-use, altimeter settings, SSR codes, level instructions, heading and speed instructions, and transition levels shall always be read back.",authoritative_requirement,shall,rule,promote,supported,true,defensible,true,false,accepted,high,false,accepted,pass,pass,0,pass,pass,false,qwen3.6:35b-a3b,qwen3.6:35b-a3b,qwen2.5-coder:32b,qwen3.6:35b-a3b,qwen3.6:35b-a3b,qwen3.6:35b-a3b,24576,3,3,ollama-first-2026-04-28,25de32675884cb3976f22fb28206209e8e72a1db3a6e556bb46490935002b66c,d734d5291933bae15c654b4bbb2c90110fb66bfe6a3cd5cefadd8bb5a974b015,56b69ad27ea3962fdc492e67ea659e0b8a44eaa5352bc3b8f7c4da3124506e7b,1bee78b2e4bc34b3e12fbfdf37f7d0b203fe61917a9f69e67f44e5970998730a,fe5e953572395cceb7f50820650d8bcce531a63d141e83f5e2bce3b21549a534,4c4b709a7a9431b6e6ed604c2e1087aa038624b61fdee9c443713d253c2ecf57,9b7bde1f038dfb0f1d69577cd1f168bd40ff0ea0c5755b6e8b04a4deb0f77e63,,,,,,,,
promote_2026-04-28T19-43-49Z_a0a1,2026-04-28T19:43:49Z,icao9432-extracted,readback_2_8_3_en,icao9432_readback_family,icao9432_readback_family,icao9432-extracted::readback_2_8_3_en::4b6ece953649da07,readback_other_clearances_acknowledgement,5cf9d01fdcd65ebfac0e84bc14f414a6ff3dbdf06de3cd9a65078ddd6ffba006,"Other clearances or instructions, including conditional clearances, shall be read back or acknowledged in a manner to clearly indicate that they have been understood and will be complied with.",authoritative_requirement,shall,rule,promote,supported,false,defensible,true,false,accepted,high,false,accepted,pass,pass,0,pass,pass,false,qwen3.6:35b-a3b,qwen3.6:35b-a3b,qwen2.5-coder:32b,qwen3.6:35b-a3b,qwen3.6:35b-a3b,qwen3.6:35b-a3b,24576,3,3,ollama-first-2026-04-28,25de32675884cb3976f22fb28206209e8e72a1db3a6e556bb46490935002b66c,d734d5291933bae15c654b4bbb2c90110fb66bfe6a3cd5cefadd8bb5a974b015,56b69ad27ea3962fdc492e67ea659e0b8a44eaa5352bc3b8f7c4da3124506e7b,1bee78b2e4bc34b3e12fbfdf37f7d0b203fe61917a9f69e67f44e5970998730a,fe5e953572395cceb7f50820650d8bcce531a63d141e83f5e2bce3b21549a534,4c4b709a7a9431b6e6ed604c2e1087aa038624b61fdee9c443713d253c2ecf57,9b7bde1f038dfb0f1d69577cd1f168bd40ff0ea0c5755b6e8b04a4deb0f77e63,,,,,,,,
promote_2026-04-28T19-43-49Z_a0a1,2026-04-28T19:43:49Z,icao9432-extracted,readback_2_8_3_en,icao9432_readback_family,icao9432_readback_family,icao9432-extracted::readback_2_8_3_en::ac9111d240cfd2c2,clearance_passing_guidance,966df6ccd60caccb3467812282e2a4252690d3e06beedf80a0bef9158fb8d8c5,"Controllers should pass a clearance slowly and clearly, avoid passing clearances during complicated taxiing, and on no occasion should a clearance be passed when the pilot is engaged in line up or take-off manoeuvres.",operational_guidance,should,best_practice,advisory_only,supported,false,defensible,true,false,advisory_only,high,false,pending,pass,pass,0,pass,pass,false,qwen3.6:35b-a3b,qwen3.6:35b-a3b,qwen2.5-coder:32b,qwen3.6:35b-a3b,qwen3.6:35b-a3b,qwen3.6:35b-a3b,24576,3,3,ollama-first-2026-04-28,25de32675884cb3976f22fb28206209e8e72a1db3a6e556bb46490935002b66c,d734d5291933bae15c654b4bbb2c90110fb66bfe6a3cd5cefadd8bb5a974b015,56b69ad27ea3962fdc492e67ea659e0b8a44eaa5352bc3b8f7c4da3124506e7b,1bee78b2e4bc34b3e12fbfdf37f7d0b203fe61917a9f69e67f44e5970998730a,fe5e953572395cceb7f50820650d8bcce531a63d141e83f5e2bce3b21549a534,4c4b709a7a9431b6e6ed604c2e1087aa038624b61fdee9c443713d253c2ecf57,9b7bde1f038dfb0f1d69577cd1f168bd40ff0ea0c5755b6e8b04a4deb0f77e63,,,,,,,,
promote_2026-04-28T19-43-49Z_a0a1,2026-04-28T19:43:49Z,icao9432-extracted,readback_2_8_3_en,icao9432_readback_family,icao9432_readback_family,icao9432-extracted::readback_2_8_3_en::f06dfa1cefd2d649,takeoff_clearance_phraseology,f88bc1e13a8f89c7a8c306dd9ccba6d15f73b1e39f22c2d820ce5446ef8745bc,"The words 'TAKE OFF' are used only when an aircraft is cleared for take-off, or when canceling a take-off clearance; at other times, the word 'DEPARTURE' or 'AIRBORNE' is used.",authoritative_requirement,shall,phraseology_rule,promote,supported,true,defensible,true,false,accepted,high,false,accepted,pass,pass,0,pass,pass,false,qwen3.6:35b-a3b,qwen3.6:35b-a3b,qwen2.5-coder:32b,qwen3.6:35b-a3b,qwen3.6:35b-a3b,qwen3.6:35b-a3b,24576,3,3,ollama-first-2026-04-28,25de32675884cb3976f22fb28206209e8e72a1db3a6e556bb46490935002b66c,d734d5291933bae15c654b4bbb2c90110fb66bfe6a3cd5cefadd8bb5a974b015,56b69ad27ea3962fdc492e67ea659e0b8a44eaa5352bc3b8f7c4da3124506e7b,1bee78b2e4bc34b3e12fbfdf37f7d0b203fe61917a9f69e67f44e5970998730a,fe5e953572395cceb7f50820650d8bcce531a63d141e83f5e2bce3b21549a534,4c4b709a7a9431b6e6ed604c2e1087aa038624b61fdee9c443713d253c2ecf57,9b7bde1f038dfb0f1d69577cd1f168bd40ff0ea0c5755b6e8b04a4deb0f77e63,,,,,,,,
promote_2026-04-28T19-43-49Z_a0a1,2026-04-28T19:43:49Z,icao9432-extracted,taxi_4_4_en,icao9432_taxi_family,icao9432_taxi_family,icao9432-extracted::taxi_4_4_en::b9e7fc3605fe616e,req_taxi_clearance_limit_mandatory,4690fefa5b40855c4357bd10b23ca81574521f4ed3fd092e2986b8ba1d5772ed,"A taxi instruction issued by a controller must always contain a clearance limit, which is the point at which the aircraft must stop until further permission to proceed is given.",operational_guidance,shall,rule,promote,supported,true,defensible,true,false,accepted,high,false,accepted,pass,pass,0,pass,pass,false,qwen3.6:35b-a3b,qwen3.6:35b-a3b,qwen2.5-coder:32b,qwen3.6:35b-a3b,qwen3.6:35b-a3b,qwen3.6:35b-a3b,24576,3,3,ollama-first-2026-04-28,25de32675884cb3976f22fb28206209e8e72a1db3a6e556bb46490935002b66c,d734d5291933bae15c654b4bbb2c90110fb66bfe6a3cd5cefadd8bb5a974b015,56b69ad27ea3962fdc492e67ea659e0b8a44eaa5352bc3b8f7c4da3124506e7b,1bee78b2e4bc34b3e12fbfdf37f7d0b203fe61917a9f69e67f44e5970998730a,fe5e953572395cceb7f50820650d8bcce531a63d141e83f5e2bce3b21549a534,4c4b709a7a9431b6e6ed604c2e1087aa038624b61fdee9c443713d253c2ecf57,9b7bde1f038dfb0f1d69577cd1f168bd40ff0ea0c5755b6e8b04a4deb0f77e63,,,,,,,,
promote_2026-04-28T19-43-49Z_a0a1,2026-04-28T19:43:49Z,icao9432-extracted,taxi_4_4_en,icao9432_taxi_family,icao9432_taxi_family,icao9432-extracted::taxi_4_4_en::417f64324f7495bf,req_clearance_limit_default_departing,ccfcd2e8fcd930c70d0df8560cb08ffe96a5f368e79785c3d77507c4bf29c625,"For departing aircraft, the clearance limit will normally be the taxi-holding point of the runway in use.",operational_guidance,should,best_practice,advisory_only,supported,true,defensible,true,false,advisory_only,high,false,pending,pass,pass,0,pass,pass,false,qwen3.6:35b-a3b,qwen3.6:35b-a3b,qwen2.5-coder:32b,qwen3.6:35b-a3b,qwen3.6:35b-a3b,qwen3.6:35b-a3b,24576,3,3,ollama-first-2026-04-28,25de32675884cb3976f22fb28206209e8e72a1db3a6e556bb46490935002b66c,d734d5291933bae15c654b4bbb2c90110fb66bfe6a3cd5cefadd8bb5a974b015,56b69ad27ea3962fdc492e67ea659e0b8a44eaa5352bc3b8f7c4da3124506e7b,1bee78b2e4bc34b3e12fbfdf37f7d0b203fe61917a9f69e67f44e5970998730a,fe5e953572395cceb7f50820650d8bcce531a63d141e83f5e2bce3b21549a534,4c4b709a7a9431b6e6ed604c2e1087aa038624b61fdee9c443713d253c2ecf57,9b7bde1f038dfb0f1d69577cd1f168bd40ff0ea0c5755b6e8b04a4deb0f77e63,,,,,,,,
promote_2026-04-28T19-43-49Z_a0a1,2026-04-28T19:43:49Z,icao9432-extracted,taxi_4_4_en,icao9432_taxi_family,icao9432_taxi_family,icao9432-extracted::taxi_4_4_en::03985c8e2cf3f473,req_clearance_limit_traffic_dependent,76e5bfab67103f826febc0d08a91556da90c36bfe198c6dbc84a6ee204907ec8,The clearance limit for departing aircraft may be any other position on the aerodrome depending on prevailing traffic circumstances.,operational_guidance,may,rule,advisory_only,supported,false,defensible,true,false,advisory_only,high,false,pending,pass,pass,0,pass,pass,false,qwen3.6:35b-a3b,qwen3.6:35b-a3b,qwen2.5-coder:32b,qwen3.6:35b-a3b,qwen3.6:35b-a3b,qwen3.6:35b-a3b,24576,3,3,ollama-first-2026-04-28,25de32675884cb3976f22fb28206209e8e72a1db3a6e556bb46490935002b66c,d734d5291933bae15c654b4bbb2c90110fb66bfe6a3cd5cefadd8bb5a974b015,56b69ad27ea3962fdc492e67ea659e0b8a44eaa5352bc3b8f7c4da3124506e7b,1bee78b2e4bc34b3e12fbfdf37f7d0b203fe61917a9f69e67f44e5970998730a,fe5e953572395cceb7f50820650d8bcce531a63d141e83f5e2bce3b21549a534,4c4b709a7a9431b6e6ed604c2e1087aa038624b61fdee9c443713d253c2ecf57,9b7bde1f038dfb0f1d69577cd1f168bd40ff0ea0c5755b6e8b04a4deb0f77e63,,,,,,,,
promote_2026-04-28T19-43-49Z_a0a1,2026-04-28T19:43:49Z,icao9432-extracted,taxi_4_4_en,icao9432_taxi_family,icao9432_taxi_family,icao9432-extracted::taxi_4_4_en::1367907005a34ad1,req_taxi_limit_beyond_runway_must_specify,63b438c3e6c924c75b7a344a20bd685f59291dcff29fce6a066d277f43fb7460,"When a taxi clearance contains a taxi limit beyond a runway, it shall contain an explicit clearance to cross, or an instruction to hold short of that runway.",operational_guidance,shall,rule,promote,supported,false,defensible,true,false,accepted,high,false,accepted,pass,pass,0,pass,pass,false,qwen3.6:35b-a3b,qwen3.6:35b-a3b,qwen2.5-coder:32b,qwen3.6:35b-a3b,qwen3.6:35b-a3b,qwen3.6:35b-a3b,24576,3,3,ollama-first-2026-04-28,25de32675884cb3976f22fb28206209e8e72a1db3a6e556bb46490935002b66c,d734d5291933bae15c654b4bbb2c90110fb66bfe6a3cd5cefadd8bb5a974b015,56b69ad27ea3962fdc492e67ea659e0b8a44eaa5352bc3b8f7c4da3124506e7b,1bee78b2e4bc34b3e12fbfdf37f7d0b203fe61917a9f69e67f44e5970998730a,fe5e953572395cceb7f50820650d8bcce531a63d141e83f5e2bce3b21549a534,4c4b709a7a9431b6e6ed604c2e1087aa038624b61fdee9c443713d253c2ecf57,9b7bde1f038dfb0f1d69577cd1f168bd40ff0ea0c5755b6e8b04a4deb0f77e63,,,,,,,,
promote_2026-04-28T19-43-49Z_a0a1,2026-04-28T19:43:49Z,icao9432-extracted,taxi_4_4_en,icao9432_taxi_family,icao9432_taxi_family,icao9432-extracted::taxi_4_4_en::53f33b6da4f2be58,req_atis_acknowledgement_exemption,90e895efe1b49482dabf0ec20674de06facdadf12c02aabb22f99ed49101e81e,"Where an aircraft acknowledges receipt of the ATIS broadcast, the controller does not need to pass departure information to the pilot when giving taxiing instructions.",operational_guidance,may,workflow_constraint,promote,supported,true,defensible,true,false,accepted,high,false,accepted,pass,pass,0,pass,pass,false,qwen3.6:35b-a3b,qwen3.6:35b-a3b,qwen2.5-coder:32b,qwen3.6:35b-a3b,qwen3.6:35b-a3b,qwen3.6:35b-a3b,24576,3,3,ollama-first-2026-04-28,25de32675884cb3976f22fb28206209e8e72a1db3a6e556bb46490935002b66c,d734d5291933bae15c654b4bbb2c90110fb66bfe6a3cd5cefadd8bb5a974b015,56b69ad27ea3962fdc492e67ea659e0b8a44eaa5352bc3b8f7c4da3124506e7b,1bee78b2e4bc34b3e12fbfdf37f7d0b203fe61917a9f69e67f44e5970998730a,fe5e953572395cceb7f50820650d8bcce531a63d141e83f5e2bce3b21549a534,4c4b709a7a9431b6e6ed604c2e1087aa038624b61fdee9c443713d253c2ecf57,9b7bde1f038dfb0f1d69577cd1f168bd40ff0ea0c5755b6e8b04a4deb0f77e63,,,,,,,,
promote_2026-04-28T19-43-49Z_a0a1,2026-04-28T19:43:49Z,icao9432-extracted,taxi_4_4_en,icao9432_taxi_family,icao9432_taxi_family,icao9432-extracted::taxi_4_4_en::eadf2541fcd51825,def_runway_vacated,603c01e5a0b1c9a526670d96b74eae2df7b20d1c2de1449fcecfa76094ac5d78,The runway is considered vacated when the entire aircraft is beyond the relevant runway-holding position.,operational_guidance,note,definition,support_only,supported,false,defensible,true,false,advisory_only,high,false,pending,pass,pass,0,pass,pass,false,qwen3.6:35b-a3b,qwen3.6:35b-a3b,qwen2.5-coder:32b,qwen3.6:35b-a3b,qwen3.6:35b-a3b,qwen3.6:35b-a3b,24576,3,3,ollama-first-2026-04-28,25de32675884cb3976f22fb28206209e8e72a1db3a6e556bb46490935002b66c,d734d5291933bae15c654b4bbb2c90110fb66bfe6a3cd5cefadd8bb5a974b015,56b69ad27ea3962fdc492e67ea659e0b8a44eaa5352bc3b8f7c4da3124506e7b,1bee78b2e4bc34b3e12fbfdf37f7d0b203fe61917a9f69e67f44e5970998730a,fe5e953572395cceb7f50820650d8bcce531a63d141e83f5e2bce3b21549a534,4c4b709a7a9431b6e6ed604c2e1087aa038624b61fdee9c443713d253c2ecf57,9b7bde1f038dfb0f1d69577cd1f168bd40ff0ea0c5755b6e8b04a4deb0f77e63,,,,,,,,
promote_2026-04-28T19-43-49Z_a0a1,2026-04-28T19:43:49Z,icao9432-extracted,taxi_4_4_en,icao9432_taxi_family,icao9432_taxi_family,icao9432-extracted::taxi_4_4_en::462452af8743c2e1,req_pushback_phraseology_standard,9a1b328d3c2c658fb839a4a1d421dac19adc748fc16ff7c6d86e7a83545b06d3,The phraseology listed in section 4.3.2 should be used by the pilot and ground staff during pushback coordination.,operational_guidance,should,phraseology_rule,advisory_only,supported,false,defensible,true,false,advisory_only,high,false,pending,pass,pass,0,pass,pass,false,qwen3.6:35b-a3b,qwen3.6:35b-a3b,qwen2.5-coder:32b,qwen3.6:35b-a3b,qwen3.6:35b-a3b,qwen3.6:35b-a3b,24576,3,3,ollama-first-2026-04-28,25de32675884cb3976f22fb28206209e8e72a1db3a6e556bb46490935002b66c,d734d5291933bae15c654b4bbb2c90110fb66bfe6a3cd5cefadd8bb5a974b015,56b69ad27ea3962fdc492e67ea659e0b8a44eaa5352bc3b8f7c4da3124506e7b,1bee78b2e4bc34b3e12fbfdf37f7d0b203fe61917a9f69e67f44e5970998730a,fe5e953572395cceb7f50820650d8bcce531a63d141e83f5e2bce3b21549a534,4c4b709a7a9431b6e6ed604c2e1087aa038624b61fdee9c443713d253c2ecf57,9b7bde1f038dfb0f1d69577cd1f168bd40ff0ea0c5755b6e8b04a4deb0f77e63,,,,,,,,
promote_2026-04-28T19-43-49Z_a0a1,2026-04-28T19:43:49Z,icao9432-extracted,taxi_4_4_en,icao9432_taxi_family,icao9432_taxi_family,icao9432-extracted::taxi_4_4_en::453f27d271407f98,req_pushback_completion_signal,24bda83d13926e7a258bebea7c791f8a1197a783e6c4867bae36349fcda9bf1d,"After completion of pushback, ground staff shall provide a visual signal to the pilot indicating no objections to commencing taxiing.",operational_guidance,shall,workflow_constraint,promote,supported,true,defensible,true,false,accepted,medium,true,accepted,pass,pass,0,pass,pass,false,qwen3.6:35b-a3b,qwen3.6:35b-a3b,qwen2.5-coder:32b,qwen3.6:35b-a3b,qwen3.6:35b-a3b,qwen3.6:35b-a3b,24576,3,3,ollama-first-2026-04-28,25de32675884cb3976f22fb28206209e8e72a1db3a6e556bb46490935002b66c,d734d5291933bae15c654b4bbb2c90110fb66bfe6a3cd5cefadd8bb5a974b015,56b69ad27ea3962fdc492e67ea659e0b8a44eaa5352bc3b8f7c4da3124506e7b,1bee78b2e4bc34b3e12fbfdf37f7d0b203fe61917a9f69e67f44e5970998730a,fe5e953572395cceb7f50820650d8bcce531a63d141e83f5e2bce3b21549a534,4c4b709a7a9431b6e6ed604c2e1087aa038624b61fdee9c443713d253c2ecf57,9b7bde1f038dfb0f1d69577cd1f168bd40ff0ea0c5755b6e8b04a4deb0f77e63,,,,,,,,
promote_2026-04-28T19-43-49Z_a0a1,2026-04-28T19:43:49Z,icao9432-extracted,taxi_4_4_en,icao9432_taxi_family,icao9432_taxi_family,icao9432-extracted::taxi_4_4_en::9b3186528c0a6e32,req_pushback_interruption_phraseology,1a376a6ef7ad23fc4dccb0bab06bca3a46146231c95f074d51cf028ec58a014c,"If the pilot intends to interrupt the pushback maneuver, they should use the expression 'przerwij wypychanie'.",operational_guidance,should,phraseology_rule,advisory_only,supported,false,defensible,true,false,advisory_only,high,false,pending,pass,pass,0,pass,pass,false,qwen3.6:35b-a3b,qwen3.6:35b-a3b,qwen2.5-coder:32b,qwen3.6:35b-a3b,qwen3.6:35b-a3b,qwen3.6:35b-a3b,24576,3,3,ollama-first-2026-04-28,25de32675884cb3976f22fb28206209e8e72a1db3a6e556bb46490935002b66c,d734d5291933bae15c654b4bbb2c90110fb66bfe6a3cd5cefadd8bb5a974b015,56b69ad27ea3962fdc492e67ea659e0b8a44eaa5352bc3b8f7c4da3124506e7b,1bee78b2e4bc34b3e12fbfdf37f7d0b203fe61917a9f69e67f44e5970998730a,fe5e953572395cceb7f50820650d8bcce531a63d141e83f5e2bce3b21549a534,4c4b709a7a9431b6e6ed604c2e1087aa038624b61fdee9c443713d253c2ecf57,9b7bde1f038dfb0f1d69577cd1f168bd40ff0ea0c5755b6e8b04a4deb0f77e63,,,,,,,,
promote_2026-04-28T19-43-49Z_a0a1,2026-04-28T19:43:49Z,safetysense22-extracted,readbacks,safetysense22_readback_family,safetysense22_readback_family,safetysense22-extracted::readbacks::9b6c62502e773767,readback_scope_rule,f498db53a3c24cbcba21a6f7e6a4c6da0b9de23f92da993a6077e0111509be53,The following items must be read back in their entirety if addressed to you in a transmission from an ATSU:,best_practice,must,rule,promote,underspecified,false,defensible,false,false,needs_bundle,high,false,pending,pass,pass,0,pass,pass,false,qwen3.6:35b-a3b,qwen3.6:35b-a3b,qwen2.5-coder:32b,qwen3.6:35b-a3b,qwen3.6:35b-a3b,qwen3.6:35b-a3b,24576,3,3,ollama-first-2026-04-28,25de32675884cb3976f22fb28206209e8e72a1db3a6e556bb46490935002b66c,d734d5291933bae15c654b4bbb2c90110fb66bfe6a3cd5cefadd8bb5a974b015,56b69ad27ea3962fdc492e67ea659e0b8a44eaa5352bc3b8f7c4da3124506e7b,1bee78b2e4bc34b3e12fbfdf37f7d0b203fe61917a9f69e67f44e5970998730a,fe5e953572395cceb7f50820650d8bcce531a63d141e83f5e2bce3b21549a534,4c4b709a7a9431b6e6ed604c2e1087aa038624b61fdee9c443713d253c2ecf57,9b7bde1f038dfb0f1d69577cd1f168bd40ff0ea0c5755b6e8b04a4deb0f77e63,,,,,,,,
promote_2026-04-28T19-43-49Z_a0a1,2026-04-28T19:43:49Z,safetysense22-extracted,readbacks,safetysense22_readback_family,safetysense22_readback_family,safetysense22-extracted::readbacks::127ec87d0fe63b0a,readback_taxi,545c58779e92453895538dd27c5b07626e7921fafb084ae9e306964a3849f693,Taxi/towing instructions must be read back in their entirety.,best_practice,must,rule,promote,authority_too_high,false,defensible,true,false,accepted,high,false,accepted,pass,pass,0,pass,pass,false,qwen3.6:35b-a3b,qwen3.6:35b-a3b,qwen2.5-coder:32b,qwen3.6:35b-a3b,qwen3.6:35b-a3b,qwen3.6:35b-a3b,24576,3,3,ollama-first-2026-04-28,25de32675884cb3976f22fb28206209e8e72a1db3a6e556bb46490935002b66c,d734d5291933bae15c654b4bbb2c90110fb66bfe6a3cd5cefadd8bb5a974b015,56b69ad27ea3962fdc492e67ea659e0b8a44eaa5352bc3b8f7c4da3124506e7b,1bee78b2e4bc34b3e12fbfdf37f7d0b203fe61917a9f69e67f44e5970998730a,fe5e953572395cceb7f50820650d8bcce531a63d141e83f5e2bce3b21549a534,4c4b709a7a9431b6e6ed604c2e1087aa038624b61fdee9c443713d253c2ecf57,9b7bde1f038dfb0f1d69577cd1f168bd40ff0ea0c5755b6e8b04a4deb0f77e63,,,,,,,,
promote_2026-04-28T19-43-49Z_a0a1,2026-04-28T19:43:49Z,safetysense22-extracted,readbacks,safetysense22_readback_family,safetysense22_readback_family,safetysense22-extracted::readbacks::e62c1dc0c3ecb6b4,readback_level,09c320ac33e9a24c2fd7649cac577fc11c468904c6d496527772da057592b6c5,Level instructions must be read back in their entirety.,best_practice,must,rule,promote,authority_too_high,false,defensible,true,false,accepted,high,false,accepted,pass,pass,0,pass,pass,false,qwen3.6:35b-a3b,qwen3.6:35b-a3b,qwen2.5-coder:32b,qwen3.6:35b-a3b,qwen3.6:35b-a3b,qwen3.6:35b-a3b,24576,3,3,ollama-first-2026-04-28,25de32675884cb3976f22fb28206209e8e72a1db3a6e556bb46490935002b66c,d734d5291933bae15c654b4bbb2c90110fb66bfe6a3cd5cefadd8bb5a974b015,56b69ad27ea3962fdc492e67ea659e0b8a44eaa5352bc3b8f7c4da3124506e7b,1bee78b2e4bc34b3e12fbfdf37f7d0b203fe61917a9f69e67f44e5970998730a,fe5e953572395cceb7f50820650d8bcce531a63d141e83f5e2bce3b21549a534,4c4b709a7a9431b6e6ed604c2e1087aa038624b61fdee9c443713d253c2ecf57,9b7bde1f038dfb0f1d69577cd1f168bd40ff0ea0c5755b6e8b04a4deb0f77e63,,,,,,,,
promote_2026-04-28T19-43-49Z_a0a1,2026-04-28T19:43:49Z,safetysense22-extracted,readbacks,safetysense22_readback_family,safetysense22_readback_family,safetysense22-extracted::readbacks::e79039676de3426b,readback_heading,87a760d027155f8f08282bdd95c2fc3acfaaaec285560e8f9c0e039ca1d70d32,Heading instructions must be read back in their entirety.,best_practice,must,rule,promote,authority_too_high,false,defensible,true,false,accepted,high,false,accepted,pass,pass,0,pass,pass,false,qwen3.6:35b-a3b,qwen3.6:35b-a3b,qwen2.5-coder:32b,qwen3.6:35b-a3b,qwen3.6:35b-a3b,qwen3.6:35b-a3b,24576,3,3,ollama-first-2026-04-28,25de32675884cb3976f22fb28206209e8e72a1db3a6e556bb46490935002b66c,d734d5291933bae15c654b4bbb2c90110fb66bfe6a3cd5cefadd8bb5a974b015,56b69ad27ea3962fdc492e67ea659e0b8a44eaa5352bc3b8f7c4da3124506e7b,1bee78b2e4bc34b3e12fbfdf37f7d0b203fe61917a9f69e67f44e5970998730a,fe5e953572395cceb7f50820650d8bcce531a63d141e83f5e2bce3b21549a534,4c4b709a7a9431b6e6ed604c2e1087aa038624b61fdee9c443713d253c2ecf57,9b7bde1f038dfb0f1d69577cd1f168bd40ff0ea0c5755b6e8b04a4deb0f77e63,,,,,,,,
promote_2026-04-28T19-43-49Z_a0a1,2026-04-28T19:43:49Z,safetysense22-extracted,readbacks,safetysense22_readback_family,safetysense22_readback_family,safetysense22-extracted::readbacks::6529d352623271b5,readback_speed,906d7450ec6fc9818fe0a03544e8d1d56ce8e18d842335f8550fa434447f5ca9,Speed instructions must be read back in their entirety.,best_practice,must,rule,promote,authority_too_high,false,defensible,true,false,accepted,high,false,accepted,pass,pass,0,pass,pass,false,qwen3.6:35b-a3b,qwen3.6:35b-a3b,qwen2.5-coder:32b,qwen3.6:35b-a3b,qwen3.6:35b-a3b,qwen3.6:35b-a3b,24576,3,3,ollama-first-2026-04-28,25de32675884cb3976f22fb28206209e8e72a1db3a6e556bb46490935002b66c,d734d5291933bae15c654b4bbb2c90110fb66bfe6a3cd5cefadd8bb5a974b015,56b69ad27ea3962fdc492e67ea659e0b8a44eaa5352bc3b8f7c4da3124506e7b,1bee78b2e4bc34b3e12fbfdf37f7d0b203fe61917a9f69e67f44e5970998730a,fe5e953572395cceb7f50820650d8bcce531a63d141e83f5e2bce3b21549a534,4c4b709a7a9431b6e6ed604c2e1087aa038624b61fdee9c443713d253c2ecf57,9b7bde1f038dfb0f1d69577cd1f168bd40ff0ea0c5755b6e8b04a4deb0f77e63,,,,,,,,
promote_2026-04-28T19-43-49Z_a0a1,2026-04-28T19:43:49Z,safetysense22-extracted,readbacks,safetysense22_readback_family,safetysense22_readback_family,safetysense22-extracted::readbacks::9c85ad75286271fb,readback_airway,bd489f1f9cf4ba4a808cf5e5c8ea48487629bdc1c110473454f18923dfc419c8,Airway or enroute clearances must be read back in their entirety.,best_practice,must,rule,promote,authority_too_high,false,defensible,true,false,accepted,high,false,accepted,pass,pass,0,pass,pass,false,qwen3.6:35b-a3b,qwen3.6:35b-a3b,qwen2.5-coder:32b,qwen3.6:35b-a3b,qwen3.6:35b-a3b,qwen3.6:35b-a3b,24576,3,3,ollama-first-2026-04-28,25de32675884cb3976f22fb28206209e8e72a1db3a6e556bb46490935002b66c,d734d5291933bae15c654b4bbb2c90110fb66bfe6a3cd5cefadd8bb5a974b015,56b69ad27ea3962fdc492e67ea659e0b8a44eaa5352bc3b8f7c4da3124506e7b,1bee78b2e4bc34b3e12fbfdf37f7d0b203fe61917a9f69e67f44e5970998730a,fe5e953572395cceb7f50820650d8bcce531a63d141e83f5e2bce3b21549a534,4c4b709a7a9431b6e6ed604c2e1087aa038624b61fdee9c443713d253c2ecf57,9b7bde1f038dfb0f1d69577cd1f168bd40ff0ea0c5755b6e8b04a4deb0f77e63,,,,,,,,
promote_2026-04-28T19-43-49Z_a0a1,2026-04-28T19:43:49Z,safetysense22-extracted,readbacks,safetysense22_readback_family,safetysense22_readback_family,safetysense22-extracted::readbacks::48323d8e204141cc,readback_approach,5a2864b926fda2bc1c5e8cbfc596ba8c624f777b267a713a5a04d0b5ff5837df,Approach clearances must be read back in their entirety.,best_practice,must,rule,promote,authority_too_high,false,defensible,true,false,accepted,high,false,accepted,pass,pass,0,pass,pass,false,qwen3.6:35b-a3b,qwen3.6:35b-a3b,qwen2.5-coder:32b,qwen3.6:35b-a3b,qwen3.6:35b-a3b,qwen3.6:35b-a3b,24576,3,3,ollama-first-2026-04-28,25de32675884cb3976f22fb28206209e8e72a1db3a6e556bb46490935002b66c,d734d5291933bae15c654b4bbb2c90110fb66bfe6a3cd5cefadd8bb5a974b015,56b69ad27ea3962fdc492e67ea659e0b8a44eaa5352bc3b8f7c4da3124506e7b,1bee78b2e4bc34b3e12fbfdf37f7d0b203fe61917a9f69e67f44e5970998730a,fe5e953572395cceb7f50820650d8bcce531a63d141e83f5e2bce3b21549a534,4c4b709a7a9431b6e6ed604c2e1087aa038624b61fdee9c443713d253c2ecf57,9b7bde1f038dfb0f1d69577cd1f168bd40ff0ea0c5755b6e8b04a4deb0f77e63,,,,,,,,
promote_2026-04-28T19-43-49Z_a0a1,2026-04-28T19:43:49Z,safetysense22-extracted,readbacks,safetysense22_readback_family,safetysense22_readback_family,safetysense22-extracted::readbacks::04e2d8692698e8b8,readback_runway_in_use,dc4bad1814cff29eda7ace8923f33d3382887af1f78a43a744928adb6fb63f72,Runway-in-use information must be read back in their entirety.,best_practice,must,rule,promote,authority_too_high,false,defensible,true,false,accepted,high,false,accepted,pass,pass,0,pass,pass,false,qwen3.6:35b-a3b,qwen3.6:35b-a3b,qwen2.5-coder:32b,qwen3.6:35b-a3b,qwen3.6:35b-a3b,qwen3.6:35b-a3b,24576,3,3,ollama-first-2026-04-28,25de32675884cb3976f22fb28206209e8e72a1db3a6e556bb46490935002b66c,d734d5291933bae15c654b4bbb2c90110fb66bfe6a3cd5cefadd8bb5a974b015,56b69ad27ea3962fdc492e67ea659e0b8a44eaa5352bc3b8f7c4da3124506e7b,1bee78b2e4bc34b3e12fbfdf37f7d0b203fe61917a9f69e67f44e5970998730a,fe5e953572395cceb7f50820650d8bcce531a63d141e83f5e2bce3b21549a534,4c4b709a7a9431b6e6ed604c2e1087aa038624b61fdee9c443713d253c2ecf57,9b7bde1f038dfb0f1d69577cd1f168bd40ff0ea0c5755b6e8b04a4deb0f77e63,,,,,,,,
promote_2026-04-28T19-43-49Z_a0a1,2026-04-28T19:43:49Z,safetysense22-extracted,readbacks,safetysense22_readback_family,safetysense22_readback_family,safetysense22-extracted::readbacks::f27a13c0b4e74d60,readback_takeoff_land,dbd224bb14386820614d3a36deb0c8102346bbdf435263aa0443897daaa3476c,Clearance to take off or land must be read back in their entirety.,best_practice,must,rule,promote,authority_too_high,false,defensible,true,false,accepted,high,false,accepted,pass,pass,0,pass,pass,false,qwen3.6:35b-a3b,qwen3.6:35b-a3b,qwen2.5-coder:32b,qwen3.6:35b-a3b,qwen3.6:35b-a3b,qwen3.6:35b-a3b,24576,3,3,ollama-first-2026-04-28,25de32675884cb3976f22fb28206209e8e72a1db3a6e556bb46490935002b66c,d734d5291933bae15c654b4bbb2c90110fb66bfe6a3cd5cefadd8bb5a974b015,56b69ad27ea3962fdc492e67ea659e0b8a44eaa5352bc3b8f7c4da3124506e7b,1bee78b2e4bc34b3e12fbfdf37f7d0b203fe61917a9f69e67f44e5970998730a,fe5e953572395cceb7f50820650d8bcce531a63d141e83f5e2bce3b21549a534,4c4b709a7a9431b6e6ed604c2e1087aa038624b61fdee9c443713d253c2ecf57,9b7bde1f038dfb0f1d69577cd1f168bd40ff0ea0c5755b6e8b04a4deb0f77e63,,,,,,,,
promote_2026-04-28T19-43-49Z_a0a1,2026-04-28T19:43:49Z,safetysense22-extracted,readbacks,safetysense22_readback_family,safetysense22_readback_family,safetysense22-extracted::readbacks::c85770d0b047a61c,readback_runway_active,acfc638b00f29070e636e3072f93174e5e2b97d35bc2d4db1a0d73550a963bae,"Clearance to enter, backtrack, cross, or hold short of an active runway must be read back in their entirety.",best_practice,must,rule,promote,authority_too_high,false,defensible,true,false,accepted,high,false,accepted,pass,pass,0,pass,pass,false,qwen3.6:35b-a3b,qwen3.6:35b-a3b,qwen2.5-coder:32b,qwen3.6:35b-a3b,qwen3.6:35b-a3b,qwen3.6:35b-a3b,24576,3,3,ollama-first-2026-04-28,25de32675884cb3976f22fb28206209e8e72a1db3a6e556bb46490935002b66c,d734d5291933bae15c654b4bbb2c90110fb66bfe6a3cd5cefadd8bb5a974b015,56b69ad27ea3962fdc492e67ea659e0b8a44eaa5352bc3b8f7c4da3124506e7b,1bee78b2e4bc34b3e12fbfdf37f7d0b203fe61917a9f69e67f44e5970998730a,fe5e953572395cceb7f50820650d8bcce531a63d141e83f5e2bce3b21549a534,4c4b709a7a9431b6e6ed604c2e1087aa038624b61fdee9c443713d253c2ecf57,9b7bde1f038dfb0f1d69577cd1f168bd40ff0ea0c5755b6e8b04a4deb0f77e63,,,,,,,,
promote_2026-04-28T19-43-49Z_a0a1,2026-04-28T19:43:49Z,safetysense22-extracted,readbacks,safetysense22_readback_family,safetysense22_readback_family,safetysense22-extracted::readbacks::64df1f4e44225744,readback_transponder,79eaa4e0b15cf2b7e66b0578d940e1e17fb89506e0d6b9dd2cc42aa52196952e,Transponder instructions (squawk codes and Ident) must be read back in their entirety.,best_practice,must,rule,promote,authority_too_high,false,defensible,true,false,accepted,high,false,accepted,pass,pass,0,pass,pass,false,qwen3.6:35b-a3b,qwen3.6:35b-a3b,qwen2.5-coder:32b,qwen3.6:35b-a3b,qwen3.6:35b-a3b,qwen3.6:35b-a3b,24576,3,3,ollama-first-2026-04-28,25de32675884cb3976f22fb28206209e8e72a1db3a6e556bb46490935002b66c,d734d5291933bae15c654b4bbb2c90110fb66bfe6a3cd5cefadd8bb5a974b015,56b69ad27ea3962fdc492e67ea659e0b8a44eaa5352bc3b8f7c4da3124506e7b,1bee78b2e4bc34b3e12fbfdf37f7d0b203fe61917a9f69e67f44e5970998730a,fe5e953572395cceb7f50820650d8bcce531a63d141e83f5e2bce3b21549a534,4c4b709a7a9431b6e6ed604c2e1087aa038624b61fdee9c443713d253c2ecf57,9b7bde1f038dfb0f1d69577cd1f168bd40ff0ea0c5755b6e8b04a4deb0f77e63,,,,,,,,
promote_2026-04-28T19-43-49Z_a0a1,2026-04-28T19:43:49Z,safetysense22-extracted,readbacks,safetysense22_readback_family,safetysense22_readback_family,safetysense22-extracted::readbacks::81eb315e591b0dde,readback_altimeter,94f925cad2517ceb33df61d689b7ce34920ecab94817f36f56fc65f08a4a7475,Altimeter settings (including units when the setting is below 1000 hectopascals) must be read back in their entirety.,best_practice,must,rule,promote,authority_too_high,false,defensible,true,false,accepted,high,false,accepted,pass,pass,0,pass,pass,false,qwen3.6:35b-a3b,qwen3.6:35b-a3b,qwen2.5-coder:32b,qwen3.6:35b-a3b,qwen3.6:35b-a3b,qwen3.6:35b-a3b,24576,3,3,ollama-first-2026-04-28,25de32675884cb3976f22fb28206209e8e72a1db3a6e556bb46490935002b66c,d734d5291933bae15c654b4bbb2c90110fb66bfe6a3cd5cefadd8bb5a974b015,56b69ad27ea3962fdc492e67ea659e0b8a44eaa5352bc3b8f7c4da3124506e7b,1bee78b2e4bc34b3e12fbfdf37f7d0b203fe61917a9f69e67f44e5970998730a,fe5e953572395cceb7f50820650d8bcce531a63d141e83f5e2bce3b21549a534,4c4b709a7a9431b6e6ed604c2e1087aa038624b61fdee9c443713d253c2ecf57,9b7bde1f038dfb0f1d69577cd1f168bd40ff0ea0c5755b6e8b04a4deb0f77e63,,,,,,,,
promote_2026-04-28T19-43-49Z_a0a1,2026-04-28T19:43:49Z,safetysense22-extracted,readbacks,safetysense22_readback_family,safetysense22_readback_family,safetysense22-extracted::readbacks::bda9d5cb7bd1e39b,readback_vdf,22e2f4778bc57fb6b7430aea5974af79cabc94f45a4e83700bf67868c8b5fef7,VDF information must be read back in their entirety.,best_practice,must,rule,promote,authority_too_high,false,defensible,true,false,accepted,high,false,accepted,pass,pass,0,pass,pass,false,qwen3.6:35b-a3b,qwen3.6:35b-a3b,qwen2.5-coder:32b,qwen3.6:35b-a3b,qwen3.6:35b-a3b,qwen3.6:35b-a3b,24576,3,3,ollama-first-2026-04-28,25de32675884cb3976f22fb28206209e8e72a1db3a6e556bb46490935002b66c,d734d5291933bae15c654b4bbb2c90110fb66bfe6a3cd5cefadd8bb5a974b015,56b69ad27ea3962fdc492e67ea659e0b8a44eaa5352bc3b8f7c4da3124506e7b,1bee78b2e4bc34b3e12fbfdf37f7d0b203fe61917a9f69e67f44e5970998730a,fe5e953572395cceb7f50820650d8bcce531a63d141e83f5e2bce3b21549a534,4c4b709a7a9431b6e6ed604c2e1087aa038624b61fdee9c443713d253c2ecf57,9b7bde1f038dfb0f1d69577cd1f168bd40ff0ea0c5755b6e8b04a4deb0f77e63,,,,,,,,
promote_2026-04-28T19-43-49Z_a0a1,2026-04-28T19:43:49Z,safetysense22-extracted,readbacks,safetysense22_readback_family,safetysense22_readback_family,safetysense22-extracted::readbacks::2a0618ee5d6eee7b,readback_frequency,f642cb0a10f246a476b6b684c11cab490cde5659ad77c937dc8b0939d09f9817,Frequency changes must be read back in their entirety.,best_practice,must,rule,promote,authority_too_high,false,defensible,true,false,accepted,high,false,accepted,pass,pass,0,pass,pass,false,qwen3.6:35b-a3b,qwen3.6:35b-a3b,qwen2.5-coder:32b,qwen3.6:35b-a3b,qwen3.6:35b-a3b,qwen3.6:35b-a3b,24576,3,3,ollama-first-2026-04-28,25de32675884cb3976f22fb28206209e8e72a1db3a6e556bb46490935002b66c,d734d5291933bae15c654b4bbb2c90110fb66bfe6a3cd5cefadd8bb5a974b015,56b69ad27ea3962fdc492e67ea659e0b8a44eaa5352bc3b8f7c4da3124506e7b,1bee78b2e4bc34b3e12fbfdf37f7d0b203fe61917a9f69e67f44e5970998730a,fe5e953572395cceb7f50820650d8bcce531a63d141e83f5e2bce3b21549a534,4c4b709a7a9431b6e6ed604c2e1087aa038624b61fdee9c443713d253c2ecf57,9b7bde1f038dfb0f1d69577cd1f168bd40ff0ea0c5755b6e8b04a4deb0f77e63,,,,,,,,
promote_2026-04-28T19-43-49Z_a0a1,2026-04-28T19:43:49Z,safetysense22-extracted,readbacks,safetysense22_readback_family,safetysense22_readback_family,safetysense22-extracted::readbacks::2a186bd654bbabca,readback_ats_service,9a425066c146d4d097e5d00f98e434747b70f20a7423924d72da8daf510d7be8,Type of ATS service must be read back in their entirety.,best_practice,must,rule,promote,authority_too_high,false,defensible,true,false,accepted,high,false,accepted,pass,pass,0,pass,pass,false,qwen3.6:35b-a3b,qwen3.6:35b-a3b,qwen2.5-coder:32b,qwen3.6:35b-a3b,qwen3.6:35b-a3b,qwen3.6:35b-a3b,24576,3,3,ollama-first-2026-04-28,25de32675884cb3976f22fb28206209e8e72a1db3a6e556bb46490935002b66c,d734d5291933bae15c654b4bbb2c90110fb66bfe6a3cd5cefadd8bb5a974b015,56b69ad27ea3962fdc492e67ea659e0b8a44eaa5352bc3b8f7c4da3124506e7b,1bee78b2e4bc34b3e12fbfdf37f7d0b203fe61917a9f69e67f44e5970998730a,fe5e953572395cceb7f50820650d8bcce531a63d141e83f5e2bce3b21549a534,4c4b709a7a9431b6e6ed604c2e1087aa038624b61fdee9c443713d253c2ecf57,9b7bde1f038dfb0f1d69577cd1f168bd40ff0ea0c5755b6e8b04a4deb0f77e63,,,,,,,,
promote_2026-04-28T19-43-49Z_a0a1,2026-04-28T19:43:49Z,safetysense22-extracted,readbacks,safetysense22_readback_family,safetysense22_readback_family,safetysense22-extracted::readbacks::fed6e4e71a3be099,readback_transition,cc4cf103d3aa38680e71af18ac99c62f76282c49929ec36738e90b00e7c19fe7,Transition Levels must be read back in their entirety.,best_practice,must,rule,promote,authority_too_high,false,defensible,true,false,accepted,high,false,accepted,pass,pass,0,pass,pass,false,qwen3.6:35b-a3b,qwen3.6:35b-a3b,qwen2.5-coder:32b,qwen3.6:35b-a3b,qwen3.6:35b-a3b,qwen3.6:35b-a3b,24576,3,3,ollama-first-2026-04-28,25de32675884cb3976f22fb28206209e8e72a1db3a6e556bb46490935002b66c,d734d5291933bae15c654b4bbb2c90110fb66bfe6a3cd5cefadd8bb5a974b015,56b69ad27ea3962fdc492e67ea659e0b8a44eaa5352bc3b8f7c4da3124506e7b,1bee78b2e4bc34b3e12fbfdf37f7d0b203fe61917a9f69e67f44e5970998730a,fe5e953572395cceb7f50820650d8bcce531a63d141e83f5e2bce3b21549a534,4c4b709a7a9431b6e6ed604c2e1087aa038624b61fdee9c443713d253c2ecf57,9b7bde1f038dfb0f1d69577cd1f168bd40ff0ea0c5755b6e8b04a4deb0f77e63,,,,,,,,
promote_2026-04-28T19-43-49Z_a0a1,2026-04-28T19:43:49Z,sera-923-2012-extracted,atc_service_8005,sera_atc_service_family,sera_atc_service_family,sera-923-2012-extracted::atc_service_8005::dfa51d1620508396,sera_8005_a_1_info,de5e954b6eaca8882dc8422302525fab9122966e02bade5432d7878f5f1d1cf6,"An air traffic control unit shall be provided with information on the intended movement of each aircraft, or variations therefrom, and with current information on the actual progress of each aircraft.",authoritative_requirement,shall,rule,promote,supported,false,defensible,true,false,accepted,high,false,accepted,pass,pass,0,pass,pass,false,qwen3.6:35b-a3b,qwen3.6:35b-a3b,qwen2.5-coder:32b,qwen3.6:35b-a3b,qwen3.6:35b-a3b,qwen3.6:35b-a3b,24576,3,3,ollama-first-2026-04-28,25de32675884cb3976f22fb28206209e8e72a1db3a6e556bb46490935002b66c,d734d5291933bae15c654b4bbb2c90110fb66bfe6a3cd5cefadd8bb5a974b015,56b69ad27ea3962fdc492e67ea659e0b8a44eaa5352bc3b8f7c4da3124506e7b,1bee78b2e4bc34b3e12fbfdf37f7d0b203fe61917a9f69e67f44e5970998730a,fe5e953572395cceb7f50820650d8bcce531a63d141e83f5e2bce3b21549a534,4c4b709a7a9431b6e6ed604c2e1087aa038624b61fdee9c443713d253c2ecf57,9b7bde1f038dfb0f1d69577cd1f168bd40ff0ea0c5755b6e8b04a4deb0f77e63,,,,,,,,
promote_2026-04-28T19-43-49Z_a0a1,2026-04-28T19:43:49Z,sera-923-2012-extracted,atc_service_8005,sera_atc_service_family,sera_atc_service_family,sera-923-2012-extracted::atc_service_8005::9010b3f9c184e2d9,sera_8005_a_2_positions,8f116f3e7ea5a16c21bd61d6f019200dd71d9ac645de651e8e47c9127f2d2b9f,"An air traffic control unit shall determine from the information received, the relative positions of known aircraft to each other.",authoritative_requirement,shall,rule,promote,supported,false,defensible,true,false,accepted,high,false,accepted,pass,pass,0,pass,pass,false,qwen3.6:35b-a3b,qwen3.6:35b-a3b,qwen2.5-coder:32b,qwen3.6:35b-a3b,qwen3.6:35b-a3b,qwen3.6:35b-a3b,24576,3,3,ollama-first-2026-04-28,25de32675884cb3976f22fb28206209e8e72a1db3a6e556bb46490935002b66c,d734d5291933bae15c654b4bbb2c90110fb66bfe6a3cd5cefadd8bb5a974b015,56b69ad27ea3962fdc492e67ea659e0b8a44eaa5352bc3b8f7c4da3124506e7b,1bee78b2e4bc34b3e12fbfdf37f7d0b203fe61917a9f69e67f44e5970998730a,fe5e953572395cceb7f50820650d8bcce531a63d141e83f5e2bce3b21549a534,4c4b709a7a9431b6e6ed604c2e1087aa038624b61fdee9c443713d253c2ecf57,9b7bde1f038dfb0f1d69577cd1f168bd40ff0ea0c5755b6e8b04a4deb0f77e63,,,,,,,,
promote_2026-04-28T19-43-49Z_a0a1,2026-04-28T19:43:49Z,sera-923-2012-extracted,atc_service_8005,sera_atc_service_family,sera_atc_service_family,sera-923-2012-extracted::atc_service_8005::58ad92bb312dae3a,sera_8005_a_3_clearances,43dcd8f6c1117fc469516ad1082159b33d6cab5f4a0850b190b3336230ddada5,An air traffic control unit shall issue clearances and information for the purpose of preventing collision between aircraft under its control and of expediting and maintaining an orderly flow of traffic.,authoritative_requirement,shall,rule,promote,supported,false,defensible,true,false,accepted,high,false,accepted,pass,pass,0,pass,pass,false,qwen3.6:35b-a3b,qwen3.6:35b-a3b,qwen2.5-coder:32b,qwen3.6:35b-a3b,qwen3.6:35b-a3b,qwen3.6:35b-a3b,24576,3,3,ollama-first-2026-04-28,25de32675884cb3976f22fb28206209e8e72a1db3a6e556bb46490935002b66c,d734d5291933bae15c654b4bbb2c90110fb66bfe6a3cd5cefadd8bb5a974b015,56b69ad27ea3962fdc492e67ea659e0b8a44eaa5352bc3b8f7c4da3124506e7b,1bee78b2e4bc34b3e12fbfdf37f7d0b203fe61917a9f69e67f44e5970998730a,fe5e953572395cceb7f50820650d8bcce531a63d141e83f5e2bce3b21549a534,4c4b709a7a9431b6e6ed604c2e1087aa038624b61fdee9c443713d253c2ecf57,9b7bde1f038dfb0f1d69577cd1f168bd40ff0ea0c5755b6e8b04a4deb0f77e63,,,,,,,,
promote_2026-04-28T19-43-49Z_a0a1,2026-04-28T19:43:49Z,sera-923-2012-extracted,atc_service_8005,sera_atc_service_family,sera_atc_service_family,sera-923-2012-extracted::atc_service_8005::b1cc921c69e37139,sera_8005_a_4_coord_conflict,bf86ab138235ec36dfd0cca7dfbc0003b385dffdfc7c76e9e2d97710fd9761a5,An air traffic control unit shall coordinate clearances with other units whenever an aircraft might otherwise conflict with traffic operated under the control of such other units.,authoritative_requirement,shall,rule,promote,unsupported_by_source,false,defensible,false,false,needs_bundle,high,false,pending,pass,pass,0,pass,pass,false,qwen3.6:35b-a3b,qwen3.6:35b-a3b,qwen2.5-coder:32b,qwen3.6:35b-a3b,qwen3.6:35b-a3b,qwen3.6:35b-a3b,24576,3,3,ollama-first-2026-04-28,25de32675884cb3976f22fb28206209e8e72a1db3a6e556bb46490935002b66c,d734d5291933bae15c654b4bbb2c90110fb66bfe6a3cd5cefadd8bb5a974b015,56b69ad27ea3962fdc492e67ea659e0b8a44eaa5352bc3b8f7c4da3124506e7b,1bee78b2e4bc34b3e12fbfdf37f7d0b203fe61917a9f69e67f44e5970998730a,fe5e953572395cceb7f50820650d8bcce531a63d141e83f5e2bce3b21549a534,4c4b709a7a9431b6e6ed604c2e1087aa038624b61fdee9c443713d253c2ecf57,9b7bde1f038dfb0f1d69577cd1f168bd40ff0ea0c5755b6e8b04a4deb0f77e63,,,,,,,,
promote_2026-04-28T19-43-49Z_a0a1,2026-04-28T19:43:49Z,sera-923-2012-extracted,atc_service_8005,sera_atc_service_family,sera_atc_service_family,sera-923-2012-extracted::atc_service_8005::5c2c8b53ac81d307,sera_8005_a_4_coord_transfer,b810b046493188cf22dd4e07d5600a5404df81f7efd2e05610db607557fb651f,An air traffic control unit shall coordinate clearances with other units before transferring control of an aircraft to such other units.,authoritative_requirement,shall,rule,promote,unsupported_by_source,false,defensible,false,false,needs_bundle,high,false,pending,pass,pass,0,pass,pass,false,qwen3.6:35b-a3b,qwen3.6:35b-a3b,qwen2.5-coder:32b,qwen3.6:35b-a3b,qwen3.6:35b-a3b,qwen3.6:35b-a3b,24576,3,3,ollama-first-2026-04-28,25de32675884cb3976f22fb28206209e8e72a1db3a6e556bb46490935002b66c,d734d5291933bae15c654b4bbb2c90110fb66bfe6a3cd5cefadd8bb5a974b015,56b69ad27ea3962fdc492e67ea659e0b8a44eaa5352bc3b8f7c4da3124506e7b,1bee78b2e4bc34b3e12fbfdf37f7d0b203fe61917a9f69e67f44e5970998730a,fe5e953572395cceb7f50820650d8bcce531a63d141e83f5e2bce3b21549a534,4c4b709a7a9431b6e6ed604c2e1087aa038624b61fdee9c443713d253c2ecf57,9b7bde1f038dfb0f1d69577cd1f168bd40ff0ea0c5755b6e8b04a4deb0f77e63,,,,,,,,
promote_2026-04-28T19-43-49Z_a0a1,2026-04-28T19:43:49Z,sera-923-2012-extracted,atc_service_8005,sera_atc_service_family,sera_atc_service_family,sera-923-2012-extracted::atc_service_8005::3abeb590b79bfb9a,sera_8005_b_sep_ab,ef514eba826cb97d1e933750dfd548689894dcb949254cc0adf1e6e32b923e4f,Clearances issued by air traffic control units shall provide separation between all flights in airspace Classes A and B.,authoritative_requirement,shall,rule,promote,supported,true,defensible,true,false,accepted,high,false,accepted,pass,pass,0,pass,pass,false,qwen3.6:35b-a3b,qwen3.6:35b-a3b,qwen2.5-coder:32b,qwen3.6:35b-a3b,qwen3.6:35b-a3b,qwen3.6:35b-a3b,24576,3,3,ollama-first-2026-04-28,25de32675884cb3976f22fb28206209e8e72a1db3a6e556bb46490935002b66c,d734d5291933bae15c654b4bbb2c90110fb66bfe6a3cd5cefadd8bb5a974b015,56b69ad27ea3962fdc492e67ea659e0b8a44eaa5352bc3b8f7c4da3124506e7b,1bee78b2e4bc34b3e12fbfdf37f7d0b203fe61917a9f69e67f44e5970998730a,fe5e953572395cceb7f50820650d8bcce531a63d141e83f5e2bce3b21549a534,4c4b709a7a9431b6e6ed604c2e1087aa038624b61fdee9c443713d253c2ecf57,9b7bde1f038dfb0f1d69577cd1f168bd40ff0ea0c5755b6e8b04a4deb0f77e63,,,,,,,,
promote_2026-04-28T19-43-49Z_a0a1,2026-04-28T19:43:49Z,sera-923-2012-extracted,atc_service_8005,sera_atc_service_family,sera_atc_service_family,sera-923-2012-extracted::atc_service_8005::a529e2b742faf51d,sera_8005_b_sep_ifr_cde,128536dcc2d28e5feecb999adfec3f5589a232ae7141ba7dc7ba77859e45c26e,"Clearances issued by air traffic control units shall provide separation between IFR flights in airspace Classes C, D and E.",authoritative_requirement,shall,rule,promote,supported,true,defensible,true,false,accepted,high,false,accepted,pass,pass,0,pass,pass,false,qwen3.6:35b-a3b,qwen3.6:35b-a3b,qwen2.5-coder:32b,qwen3.6:35b-a3b,qwen3.6:35b-a3b,qwen3.6:35b-a3b,24576,3,3,ollama-first-2026-04-28,25de32675884cb3976f22fb28206209e8e72a1db3a6e556bb46490935002b66c,d734d5291933bae15c654b4bbb2c90110fb66bfe6a3cd5cefadd8bb5a974b015,56b69ad27ea3962fdc492e67ea659e0b8a44eaa5352bc3b8f7c4da3124506e7b,1bee78b2e4bc34b3e12fbfdf37f7d0b203fe61917a9f69e67f44e5970998730a,fe5e953572395cceb7f50820650d8bcce531a63d141e83f5e2bce3b21549a534,4c4b709a7a9431b6e6ed604c2e1087aa038624b61fdee9c443713d253c2ecf57,9b7bde1f038dfb0f1d69577cd1f168bd40ff0ea0c5755b6e8b04a4deb0f77e63,,,,,,,,
promote_2026-04-28T19-43-49Z_a0a1,2026-04-28T19:43:49Z,sera-923-2012-extracted,atc_service_8005,sera_atc_service_family,sera_atc_service_family,sera-923-2012-extracted::atc_service_8005::17aaf72a5ad8da81,sera_8005_b_sep_ifr_vfr_c,24de73bfb6074449dfabb39db03aa491f9862e9883e182de26b800ec94247b16,Clearances issued by air traffic control units shall provide separation between IFR flights and VFR flights in airspace Class C.,authoritative_requirement,shall,rule,promote,supported,true,defensible,true,false,accepted,high,false,accepted,pass,pass,0,pass,pass,false,qwen3.6:35b-a3b,qwen3.6:35b-a3b,qwen2.5-coder:32b,qwen3.6:35b-a3b,qwen3.6:35b-a3b,qwen3.6:35b-a3b,24576,3,3,ollama-first-2026-04-28,25de32675884cb3976f22fb28206209e8e72a1db3a6e556bb46490935002b66c,d734d5291933bae15c654b4bbb2c90110fb66bfe6a3cd5cefadd8bb5a974b015,56b69ad27ea3962fdc492e67ea659e0b8a44eaa5352bc3b8f7c4da3124506e7b,1bee78b2e4bc34b3e12fbfdf37f7d0b203fe61917a9f69e67f44e5970998730a,fe5e953572395cceb7f50820650d8bcce531a63d141e83f5e2bce3b21549a534,4c4b709a7a9431b6e6ed604c2e1087aa038624b61fdee9c443713d253c2ecf57,9b7bde1f038dfb0f1d69577cd1f168bd40ff0ea0c5755b6e8b04a4deb0f77e63,,,,,,,,
promote_2026-04-28T19-43-49Z_a0a1,2026-04-28T19:43:49Z,sera-923-2012-extracted,atc_service_8005,sera_atc_service_family,sera_atc_service_family,sera-923-2012-extracted::atc_service_8005::7a52c3cef9128a5d,sera_8005_b_sep_ifr_svfr,ef8839cd36f91cbc119bd93b961fea9dd479cd4a11e57d2417b5f5afca7561bc,Clearances issued by air traffic control units shall provide separation between IFR flights and special VFR flights.,authoritative_requirement,shall,rule,promote,supported,true,defensible,true,false,accepted,high,false,accepted,pass,pass,0,pass,pass,false,qwen3.6:35b-a3b,qwen3.6:35b-a3b,qwen2.5-coder:32b,qwen3.6:35b-a3b,qwen3.6:35b-a3b,qwen3.6:35b-a3b,24576,3,3,ollama-first-2026-04-28,25de32675884cb3976f22fb28206209e8e72a1db3a6e556bb46490935002b66c,d734d5291933bae15c654b4bbb2c90110fb66bfe6a3cd5cefadd8bb5a974b015,56b69ad27ea3962fdc492e67ea659e0b8a44eaa5352bc3b8f7c4da3124506e7b,1bee78b2e4bc34b3e12fbfdf37f7d0b203fe61917a9f69e67f44e5970998730a,fe5e953572395cceb7f50820650d8bcce531a63d141e83f5e2bce3b21549a534,4c4b709a7a9431b6e6ed604c2e1087aa038624b61fdee9c443713d253c2ecf57,9b7bde1f038dfb0f1d69577cd1f168bd40ff0ea0c5755b6e8b04a4deb0f77e63,,,,,,,,
promote_2026-04-28T19-43-49Z_a0a1,2026-04-28T19:43:49Z,sera-923-2012-extracted,atc_service_8005,sera_atc_service_family,sera_atc_service_family,sera-923-2012-extracted::atc_service_8005::ac3e25632273442a,sera_8005_b_sep_svfr,4223ad9fb275bde0d2f3b15584f286f69d7f88745c2207ea2513f317fd9e8d81,Clearances issued by air traffic control units shall provide separation between special VFR flights unless otherwise prescribed by the competent authority.,authoritative_requirement,shall,rule,promote,supported,true,defensible,true,false,accepted,high,false,accepted,pass,pass,0,pass,pass,false,qwen3.6:35b-a3b,qwen3.6:35b-a3b,qwen2.5-coder:32b,qwen3.6:35b-a3b,qwen3.6:35b-a3b,qwen3.6:35b-a3b,24576,3,3,ollama-first-2026-04-28,25de32675884cb3976f22fb28206209e8e72a1db3a6e556bb46490935002b66c,d734d5291933bae15c654b4bbb2c90110fb66bfe6a3cd5cefadd8bb5a974b015,56b69ad27ea3962fdc492e67ea659e0b8a44eaa5352bc3b8f7c4da3124506e7b,1bee78b2e4bc34b3e12fbfdf37f7d0b203fe61917a9f69e67f44e5970998730a,fe5e953572395cceb7f50820650d8bcce531a63d141e83f5e2bce3b21549a534,4c4b709a7a9431b6e6ed604c2e1087aa038624b61fdee9c443713d253c2ecf57,9b7bde1f038dfb0f1d69577cd1f168bd40ff0ea0c5755b6e8b04a4deb0f77e63,,,,,,,,
promote_2026-04-28T19-43-49Z_a0a1,2026-04-28T19:43:49Z,sera-923-2012-extracted,atc_service_8005,sera_atc_service_family,sera_atc_service_family,sera-923-2012-extracted::atc_service_8005::2f46ccb194a81cff,sera_8005_b_except_own_sep,88b1d82877f23812f0e812bdeca346c64a3b10d41c0bcf13802439bb2e48abeb,"A flight may be cleared subject to maintaining own separation in respect of a specific portion of the flight below 3 050 m (10 000 ft) during climb or descent, during day in visual meteorological conditions, when requested by the pilot of a",authoritative_requirement,may,rule,promote,authority_too_high,false,defensible,true,false,accepted,high,false,pending,fail,pass,0,pass,fail,false,qwen3.6:35b-a3b,qwen3.6:35b-a3b,qwen2.5-coder:32b,qwen3.6:35b-a3b,qwen3.6:35b-a3b,qwen3.6:35b-a3b,24576,3,3,ollama-first-2026-04-28,25de32675884cb3976f22fb28206209e8e72a1db3a6e556bb46490935002b66c,d734d5291933bae15c654b4bbb2c90110fb66bfe6a3cd5cefadd8bb5a974b015,56b69ad27ea3962fdc492e67ea659e0b8a44eaa5352bc3b8f7c4da3124506e7b,1bee78b2e4bc34b3e12fbfdf37f7d0b203fe61917a9f69e67f44e5970998730a,fe5e953572395cceb7f50820650d8bcce531a63d141e83f5e2bce3b21549a534,4c4b709a7a9431b6e6ed604c2e1087aa038624b61fdee9c443713d253c2ecf57,9b7bde1f038dfb0f1d69577cd1f168bd40ff0ea0c5755b6e8b04a4deb0f77e63,,,,,,,,
promote_2026-04-28T19-43-49Z_a0a1,2026-04-28T19:43:49Z,sera-923-2012-extracted,atc_service_8005,sera_atc_service_family,sera_atc_service_family,sera-923-2012-extracted::atc_service_8005::5a949fbebdbde418,sera_8005_c_1_vert_sep,58c4b7ee7252802008f324145fc1d634d93caf1573854609edf5b4f90ae8032b,"Separation by an air traffic control unit shall be obtained by vertical separation, obtained by assigning different levels selected from the table of cruising levels in Appendix 3 to the Annex to this Regulation, except that the correlation",authoritative_requirement,shall,rule,promote,supported,true,defensible,true,false,accepted,high,false,accepted,pass,pass,0,pass,pass,false,qwen3.6:35b-a3b,qwen3.6:35b-a3b,qwen2.5-coder:32b,qwen3.6:35b-a3b,qwen3.6:35b-a3b,qwen3.6:35b-a3b,24576,3,3,ollama-first-2026-04-28,25de32675884cb3976f22fb28206209e8e72a1db3a6e556bb46490935002b66c,d734d5291933bae15c654b4bbb2c90110fb66bfe6a3cd5cefadd8bb5a974b015,56b69ad27ea3962fdc492e67ea659e0b8a44eaa5352bc3b8f7c4da3124506e7b,1bee78b2e4bc34b3e12fbfdf37f7d0b203fe61917a9f69e67f44e5970998730a,fe5e953572395cceb7f50820650d8bcce531a63d141e83f5e2bce3b21549a534,4c4b709a7a9431b6e6ed604c2e1087aa038624b61fdee9c443713d253c2ecf57,9b7bde1f038dfb0f1d69577cd1f168bd40ff0ea0c5755b6e8b04a4deb0f77e63,,,,,,,,
promote_2026-04-28T19-43-49Z_a0a1,2026-04-28T19:43:49Z,sera-923-2012-extracted,atc_service_8005,sera_atc_service_family,sera_atc_service_family,sera-923-2012-extracted::atc_service_8005::dd09fb0eb790d595,sera_8005_c_2_i_long,f9a90bea9619302ca681cdf82374dddd09c31a9b7a96534bf6a09049019b59ef,"Separation by an air traffic control unit shall be obtained by horizontal separation, specifically longitudinal separation, by maintaining an interval between aircraft operating along the same, converging or reciprocal tracks, expressed in ",authoritative_requirement,shall,rule,promote,supported,true,defensible,true,true,needs_bundle,high,false,pending,pass,pass,0,pass,pass,false,qwen3.6:35b-a3b,qwen3.6:35b-a3b,qwen2.5-coder:32b,qwen3.6:35b-a3b,qwen3.6:35b-a3b,qwen3.6:35b-a3b,24576,3,3,ollama-first-2026-04-28,25de32675884cb3976f22fb28206209e8e72a1db3a6e556bb46490935002b66c,d734d5291933bae15c654b4bbb2c90110fb66bfe6a3cd5cefadd8bb5a974b015,56b69ad27ea3962fdc492e67ea659e0b8a44eaa5352bc3b8f7c4da3124506e7b,1bee78b2e4bc34b3e12fbfdf37f7d0b203fe61917a9f69e67f44e5970998730a,fe5e953572395cceb7f50820650d8bcce531a63d141e83f5e2bce3b21549a534,4c4b709a7a9431b6e6ed604c2e1087aa038624b61fdee9c443713d253c2ecf57,9b7bde1f038dfb0f1d69577cd1f168bd40ff0ea0c5755b6e8b04a4deb0f77e63,,,,,,,,
promote_2026-04-28T19-43-49Z_a0a1,2026-04-28T19:43:49Z,sera-923-2012-extracted,atc_service_8005,sera_atc_service_family,sera_atc_service_family,sera-923-2012-extracted::atc_service_8005::24acd63e0249dc4c,sera_8005_c_2_ii_lat,4a7c03bfead2a744215551f80b4d36ebdc8ceb2b3faf2ce158866f047a7975e2,"Separation by an air traffic control unit shall be obtained by horizontal separation, specifically lateral separation, by maintaining aircraft on different routes or in different geographical areas.",authoritative_requirement,shall,rule,promote,supported,true,defensible,true,false,accepted,high,false,accepted,pass,pass,0,pass,pass,false,qwen3.6:35b-a3b,qwen3.6:35b-a3b,qwen2.5-coder:32b,qwen3.6:35b-a3b,qwen3.6:35b-a3b,qwen3.6:35b-a3b,24576,3,3,ollama-first-2026-04-28,25de32675884cb3976f22fb28206209e8e72a1db3a6e556bb46490935002b66c,d734d5291933bae15c654b4bbb2c90110fb66bfe6a3cd5cefadd8bb5a974b015,56b69ad27ea3962fdc492e67ea659e0b8a44eaa5352bc3b8f7c4da3124506e7b,1bee78b2e4bc34b3e12fbfdf37f7d0b203fe61917a9f69e67f44e5970998730a,fe5e953572395cceb7f50820650d8bcce531a63d141e83f5e2bce3b21549a534,4c4b709a7a9431b6e6ed604c2e1087aa038624b61fdee9c443713d253c2ecf57,9b7bde1f038dfb0f1d69577cd1f168bd40ff0ea0c5755b6e8b04a4deb0f77e63,,,,,,,,
promote_2026-04-28T19-43-49Z_a0a1,2026-04-28T19:43:49Z,sera-923-2012-extracted,clearances_8015_a_d,sera_clearances_family,sera_clearances_family,sera-923-2012-extracted::clearances_8015_a_d::e9bcbf63cef66c9f,sera_8015_a_clearance_basis,07a70fd98fa1150ab3400d0a5a46d7bfefa57efc02e6e606b27e719866e03756,Air traffic control clearances shall be based solely on the requirements for providing air traffic control service.,authoritative_requirement,shall,rule,promote,supported,false,defensible,true,false,accepted,high,false,accepted,pass,pass,0,pass,pass,false,qwen3.6:35b-a3b,qwen3.6:35b-a3b,qwen2.5-coder:32b,qwen3.6:35b-a3b,qwen3.6:35b-a3b,qwen3.6:35b-a3b,24576,3,3,ollama-first-2026-04-28,25de32675884cb3976f22fb28206209e8e72a1db3a6e556bb46490935002b66c,d734d5291933bae15c654b4bbb2c90110fb66bfe6a3cd5cefadd8bb5a974b015,56b69ad27ea3962fdc492e67ea659e0b8a44eaa5352bc3b8f7c4da3124506e7b,1bee78b2e4bc34b3e12fbfdf37f7d0b203fe61917a9f69e67f44e5970998730a,fe5e953572395cceb7f50820650d8bcce531a63d141e83f5e2bce3b21549a534,4c4b709a7a9431b6e6ed604c2e1087aa038624b61fdee9c443713d253c2ecf57,9b7bde1f038dfb0f1d69577cd1f168bd40ff0ea0c5755b6e8b04a4deb0f77e63,,,,,,,,
promote_2026-04-28T19-43-49Z_a0a1,2026-04-28T19:43:49Z,sera-923-2012-extracted,clearances_8015_a_d,sera_clearances_family,sera_clearances_family,sera-923-2012-extracted::clearances_8015_a_d::16c964d35f0be52b,sera_8015_b_1_pre_flight_clearance,380efe55fdda682e458ddbe02d548d88634d5f49fc33ff0596dc0d6977ad9a8d,"An air traffic control clearance shall be obtained prior to operating a controlled flight, or a portion of a flight as a controlled flight. Such clearance shall be requested through the submission of a flight plan to an air traffic control ",authoritative_requirement,shall,rule,promote,supported,false,defensible,true,false,accepted,high,false,accepted,pass,pass,0,pass,pass,false,qwen3.6:35b-a3b,qwen3.6:35b-a3b,qwen2.5-coder:32b,qwen3.6:35b-a3b,qwen3.6:35b-a3b,qwen3.6:35b-a3b,24576,3,3,ollama-first-2026-04-28,25de32675884cb3976f22fb28206209e8e72a1db3a6e556bb46490935002b66c,d734d5291933bae15c654b4bbb2c90110fb66bfe6a3cd5cefadd8bb5a974b015,56b69ad27ea3962fdc492e67ea659e0b8a44eaa5352bc3b8f7c4da3124506e7b,1bee78b2e4bc34b3e12fbfdf37f7d0b203fe61917a9f69e67f44e5970998730a,fe5e953572395cceb7f50820650d8bcce531a63d141e83f5e2bce3b21549a534,4c4b709a7a9431b6e6ed604c2e1087aa038624b61fdee9c443713d253c2ecf57,9b7bde1f038dfb0f1d69577cd1f168bd40ff0ea0c5755b6e8b04a4deb0f77e63,,,,,,,,
promote_2026-04-28T19-43-49Z_a0a1,2026-04-28T19:43:49Z,sera-923-2012-extracted,clearances_8015_a_d,sera_clearances_family,sera_clearances_family,sera-923-2012-extracted::clearances_8015_a_d::f5231a6d849f258b,sera_8015_b_2_dissatisfied_clearance,434127943710de34b4b6805805433d767d09c06a5daa75d8bf00f2b1a941fb1c,"The pilot-in-command of an aircraft shall inform ATC if an air traffic control clearance is not satisfactory. In such cases, ATC will issue an amended clearance, if practicable.",authoritative_requirement,shall,rule,promote,supported,false,defensible,true,false,accepted,high,false,accepted,pass,pass,0,pass,pass,false,qwen3.6:35b-a3b,qwen3.6:35b-a3b,qwen2.5-coder:32b,qwen3.6:35b-a3b,qwen3.6:35b-a3b,qwen3.6:35b-a3b,24576,3,3,ollama-first-2026-04-28,25de32675884cb3976f22fb28206209e8e72a1db3a6e556bb46490935002b66c,d734d5291933bae15c654b4bbb2c90110fb66bfe6a3cd5cefadd8bb5a974b015,56b69ad27ea3962fdc492e67ea659e0b8a44eaa5352bc3b8f7c4da3124506e7b,1bee78b2e4bc34b3e12fbfdf37f7d0b203fe61917a9f69e67f44e5970998730a,fe5e953572395cceb7f50820650d8bcce531a63d141e83f5e2bce3b21549a534,4c4b709a7a9431b6e6ed604c2e1087aa038624b61fdee9c443713d253c2ecf57,9b7bde1f038dfb0f1d69577cd1f168bd40ff0ea0c5755b6e8b04a4deb0f77e63,,,,,,,,
promote_2026-04-28T19-43-49Z_a0a1,2026-04-28T19:43:49Z,sera-923-2012-extracted,clearances_8015_a_d,sera_clearances_family,sera_clearances_family,sera-923-2012-extracted::clearances_8015_a_d::aafde492d71b4094,sera_8015_b_3_priority_report,506f2e5583f985e5a24fae5d3a925f59737830095f0da6d2aa4af8f9bb84b823,"Whenever an aircraft has requested a clearance involving priority, a report explaining the necessity for such priority shall be submitted, if requested by the appropriate air traffic control unit.",authoritative_requirement,shall,rule,promote,supported,false,defensible,true,false,accepted,high,false,accepted,pass,pass,0,pass,pass,false,qwen3.6:35b-a3b,qwen3.6:35b-a3b,qwen2.5-coder:32b,qwen3.6:35b-a3b,qwen3.6:35b-a3b,qwen3.6:35b-a3b,24576,3,3,ollama-first-2026-04-28,25de32675884cb3976f22fb28206209e8e72a1db3a6e556bb46490935002b66c,d734d5291933bae15c654b4bbb2c90110fb66bfe6a3cd5cefadd8bb5a974b015,56b69ad27ea3962fdc492e67ea659e0b8a44eaa5352bc3b8f7c4da3124506e7b,1bee78b2e4bc34b3e12fbfdf37f7d0b203fe61917a9f69e67f44e5970998730a,fe5e953572395cceb7f50820650d8bcce531a63d141e83f5e2bce3b21549a534,4c4b709a7a9431b6e6ed604c2e1087aa038624b61fdee9c443713d253c2ecf57,9b7bde1f038dfb0f1d69577cd1f168bd40ff0ea0c5755b6e8b04a4deb0f77e63,,,,,,,,
promote_2026-04-28T19-43-49Z_a0a1,2026-04-28T19:43:49Z,sera-923-2012-extracted,clearances_8015_a_d,sera_clearances_family,sera_clearances_family,sera-923-2012-extracted::clearances_8015_a_d::4b0a625825f970d7,sera_8015_b_4_revised_destination_notification,1d917ee5d29fd75643d1bd6478c6d5740a6e459b716d745689d6e3ce0403dd1b,"If, prior to departure, it is anticipated that, depending on fuel endurance and subject to reclearance in flight, a decision may be taken to proceed to a revised destination aerodrome, the appropriate air traffic control units shall be so n",authoritative_requirement,shall,rule,promote,supported,false,defensible,true,false,accepted,high,false,accepted,pass,pass,0,pass,pass,false,qwen3.6:35b-a3b,qwen3.6:35b-a3b,qwen2.5-coder:32b,qwen3.6:35b-a3b,qwen3.6:35b-a3b,qwen3.6:35b-a3b,24576,3,3,ollama-first-2026-04-28,25de32675884cb3976f22fb28206209e8e72a1db3a6e556bb46490935002b66c,d734d5291933bae15c654b4bbb2c90110fb66bfe6a3cd5cefadd8bb5a974b015,56b69ad27ea3962fdc492e67ea659e0b8a44eaa5352bc3b8f7c4da3124506e7b,1bee78b2e4bc34b3e12fbfdf37f7d0b203fe61917a9f69e67f44e5970998730a,fe5e953572395cceb7f50820650d8bcce531a63d141e83f5e2bce3b21549a534,4c4b709a7a9431b6e6ed604c2e1087aa038624b61fdee9c443713d253c2ecf57,9b7bde1f038dfb0f1d69577cd1f168bd40ff0ea0c5755b6e8b04a4deb0f77e63,,,,,,,,
promote_2026-04-28T19-43-49Z_a0a1,2026-04-28T19:43:49Z,sera-923-2012-extracted,clearances_8015_a_d,sera_clearances_family,sera_clearances_family,sera-923-2012-extracted::clearances_8015_a_d::cca5642c4573b49a,sera_8015_b_5_taxi_clearance,7c169171211196cf81cbed7924c8c5301cf569fa68295ac7c66cb830d01fcbc9,An aircraft operated on a controlled aerodrome shall not taxi on the manoeuvring area without clearance from the aerodrome control tower and shall comply with any instructions given by that unit.,authoritative_requirement,shall,rule,promote,supported,false,defensible,true,false,accepted,high,false,accepted,pass,pass,0,pass,pass,false,qwen3.6:35b-a3b,qwen3.6:35b-a3b,qwen2.5-coder:32b,qwen3.6:35b-a3b,qwen3.6:35b-a3b,qwen3.6:35b-a3b,24576,3,3,ollama-first-2026-04-28,25de32675884cb3976f22fb28206209e8e72a1db3a6e556bb46490935002b66c,d734d5291933bae15c654b4bbb2c90110fb66bfe6a3cd5cefadd8bb5a974b015,56b69ad27ea3962fdc492e67ea659e0b8a44eaa5352bc3b8f7c4da3124506e7b,1bee78b2e4bc34b3e12fbfdf37f7d0b203fe61917a9f69e67f44e5970998730a,fe5e953572395cceb7f50820650d8bcce531a63d141e83f5e2bce3b21549a534,4c4b709a7a9431b6e6ed604c2e1087aa038624b61fdee9c443713d253c2ecf57,9b7bde1f038dfb0f1d69577cd1f168bd40ff0ea0c5755b6e8b04a4deb0f77e63,,,,,,,,
promote_2026-04-28T19-43-49Z_a0a1,2026-04-28T19:43:49Z,sera-923-2012-extracted,clearances_8015_a_d,sera_clearances_family,sera_clearances_family,sera-923-2012-extracted::clearances_8015_a_d::71d49568f9d6b39a,sera_8015_c_1_transonic_acceleration,0529ffbb93ade7e1842fb37b42aa9c88417832f9bcd3eada7f82e8aab9383bd5,The air traffic control clearance relating to the transonic acceleration phase of a supersonic flight shall extend at least to the end of that phase.,authoritative_requirement,shall,rule,promote,supported,false,defensible,true,false,accepted,high,false,accepted,pass,pass,0,pass,pass,false,qwen3.6:35b-a3b,qwen3.6:35b-a3b,qwen2.5-coder:32b,qwen3.6:35b-a3b,qwen3.6:35b-a3b,qwen3.6:35b-a3b,24576,3,3,ollama-first-2026-04-28,25de32675884cb3976f22fb28206209e8e72a1db3a6e556bb46490935002b66c,d734d5291933bae15c654b4bbb2c90110fb66bfe6a3cd5cefadd8bb5a974b015,56b69ad27ea3962fdc492e67ea659e0b8a44eaa5352bc3b8f7c4da3124506e7b,1bee78b2e4bc34b3e12fbfdf37f7d0b203fe61917a9f69e67f44e5970998730a,fe5e953572395cceb7f50820650d8bcce531a63d141e83f5e2bce3b21549a534,4c4b709a7a9431b6e6ed604c2e1087aa038624b61fdee9c443713d253c2ecf57,9b7bde1f038dfb0f1d69577cd1f168bd40ff0ea0c5755b6e8b04a4deb0f77e63,,,,,,,,
promote_2026-04-28T19-43-49Z_a0a1,2026-04-28T19:43:49Z,sera-923-2012-extracted,clearances_8015_a_d,sera_clearances_family,sera_clearances_family,sera-923-2012-extracted::clearances_8015_a_d::56ad086ca9f11071,sera_8015_c_2_transonic_deceleration,3ec06dfa67f8356d8d9eba046802727bda4d8b6cc6f6fa82292bdb39fb7baaf4,The air traffic control clearance relating to the deceleration and descent of an aircraft from supersonic cruise to subsonic flight shall seek to provide for uninterrupted descent at least during the transonic phase.,authoritative_requirement,shall,rule,promote,supported,false,defensible,true,false,accepted,high,false,accepted,pass,pass,0,pass,pass,false,qwen3.6:35b-a3b,qwen3.6:35b-a3b,qwen2.5-coder:32b,qwen3.6:35b-a3b,qwen3.6:35b-a3b,qwen3.6:35b-a3b,24576,3,3,ollama-first-2026-04-28,25de32675884cb3976f22fb28206209e8e72a1db3a6e556bb46490935002b66c,d734d5291933bae15c654b4bbb2c90110fb66bfe6a3cd5cefadd8bb5a974b015,56b69ad27ea3962fdc492e67ea659e0b8a44eaa5352bc3b8f7c4da3124506e7b,1bee78b2e4bc34b3e12fbfdf37f7d0b203fe61917a9f69e67f44e5970998730a,fe5e953572395cceb7f50820650d8bcce531a63d141e83f5e2bce3b21549a534,4c4b709a7a9431b6e6ed604c2e1087aa038624b61fdee9c443713d253c2ecf57,9b7bde1f038dfb0f1d69577cd1f168bd40ff0ea0c5755b6e8b04a4deb0f77e63,,,,,,,,
promote_2026-04-28T19-43-49Z_a0a1,2026-04-28T19:43:49Z,sera-923-2012-extracted,clearances_8015_a_d,sera_clearances_family,sera_clearances_family,sera-923-2012-extracted::clearances_8015_a_d::9285a92b423c68d6,sera_8015_d_1_identification,45be022d2a1590a618804126a7a84fad214f0aa1bc04d6c95302a77fa4ba741a,An air traffic control clearance shall indicate aircraft identification as shown in the flight plan.,authoritative_requirement,shall,rule,promote,supported,true,defensible,true,false,accepted,high,false,accepted,pass,pass,0,pass,pass,false,qwen3.6:35b-a3b,qwen3.6:35b-a3b,qwen2.5-coder:32b,qwen3.6:35b-a3b,qwen3.6:35b-a3b,qwen3.6:35b-a3b,24576,3,3,ollama-first-2026-04-28,25de32675884cb3976f22fb28206209e8e72a1db3a6e556bb46490935002b66c,d734d5291933bae15c654b4bbb2c90110fb66bfe6a3cd5cefadd8bb5a974b015,56b69ad27ea3962fdc492e67ea659e0b8a44eaa5352bc3b8f7c4da3124506e7b,1bee78b2e4bc34b3e12fbfdf37f7d0b203fe61917a9f69e67f44e5970998730a,fe5e953572395cceb7f50820650d8bcce531a63d141e83f5e2bce3b21549a534,4c4b709a7a9431b6e6ed604c2e1087aa038624b61fdee9c443713d253c2ecf57,9b7bde1f038dfb0f1d69577cd1f168bd40ff0ea0c5755b6e8b04a4deb0f77e63,,,,,,,,
promote_2026-04-28T19-43-49Z_a0a1,2026-04-28T19:43:49Z,sera-923-2012-extracted,clearances_8015_a_d,sera_clearances_family,sera_clearances_family,sera-923-2012-extracted::clearances_8015_a_d::886221665bbeb27f,sera_8015_d_2_clearance_limit,4ebd049d506d1c05e48c8e93c8db6dc7bbf8114e7c1a775bb0f78098441f4edf,An air traffic control clearance shall indicate the clearance limit.,authoritative_requirement,shall,rule,promote,supported,true,defensible,true,false,accepted,high,false,accepted,pass,pass,0,pass,pass,false,qwen3.6:35b-a3b,qwen3.6:35b-a3b,qwen2.5-coder:32b,qwen3.6:35b-a3b,qwen3.6:35b-a3b,qwen3.6:35b-a3b,24576,3,3,ollama-first-2026-04-28,25de32675884cb3976f22fb28206209e8e72a1db3a6e556bb46490935002b66c,d734d5291933bae15c654b4bbb2c90110fb66bfe6a3cd5cefadd8bb5a974b015,56b69ad27ea3962fdc492e67ea659e0b8a44eaa5352bc3b8f7c4da3124506e7b,1bee78b2e4bc34b3e12fbfdf37f7d0b203fe61917a9f69e67f44e5970998730a,fe5e953572395cceb7f50820650d8bcce531a63d141e83f5e2bce3b21549a534,4c4b709a7a9431b6e6ed604c2e1087aa038624b61fdee9c443713d253c2ecf57,9b7bde1f038dfb0f1d69577cd1f168bd40ff0ea0c5755b6e8b04a4deb0f77e63,,,,,,,,
promote_2026-04-28T19-43-49Z_a0a1,2026-04-28T19:43:49Z,sera-923-2012-extracted,clearances_8015_a_d,sera_clearances_family,sera_clearances_family,sera-923-2012-extracted::clearances_8015_a_d::b3c28b3abc9299fb,sera_8015_d_3_route,0584694a68cf15a9073e24fb7abc1b7890aa12ff686fcf7905d022786505109a,An air traffic control clearance shall indicate the route of flight.,authoritative_requirement,shall,rule,promote,supported,true,defensible,true,false,accepted,high,false,accepted,pass,pass,0,pass,pass,false,qwen3.6:35b-a3b,qwen3.6:35b-a3b,qwen2.5-coder:32b,qwen3.6:35b-a3b,qwen3.6:35b-a3b,qwen3.6:35b-a3b,24576,3,3,ollama-first-2026-04-28,25de32675884cb3976f22fb28206209e8e72a1db3a6e556bb46490935002b66c,d734d5291933bae15c654b4bbb2c90110fb66bfe6a3cd5cefadd8bb5a974b015,56b69ad27ea3962fdc492e67ea659e0b8a44eaa5352bc3b8f7c4da3124506e7b,1bee78b2e4bc34b3e12fbfdf37f7d0b203fe61917a9f69e67f44e5970998730a,fe5e953572395cceb7f50820650d8bcce531a63d141e83f5e2bce3b21549a534,4c4b709a7a9431b6e6ed604c2e1087aa038624b61fdee9c443713d253c2ecf57,9b7bde1f038dfb0f1d69577cd1f168bd40ff0ea0c5755b6e8b04a4deb0f77e63,,,,,,,,
promote_2026-04-28T19-43-49Z_a0a1,2026-04-28T19:43:49Z,sera-923-2012-extracted,clearances_8015_a_d,sera_clearances_family,sera_clearances_family,sera-923-2012-extracted::clearances_8015_a_d::a554ea11f1287a61,sera_8015_d_4_level,555fad98a66875cbfdd0ae6593aa202b74554c38ac5534557a132656d9228ef1,An air traffic control clearance shall indicate level(s) of flight for the entire route or part thereof and changes of levels if required.,authoritative_requirement,shall,rule,promote,supported,true,defensible,true,false,accepted,high,false,accepted,pass,pass,0,pass,pass,false,qwen3.6:35b-a3b,qwen3.6:35b-a3b,qwen2.5-coder:32b,qwen3.6:35b-a3b,qwen3.6:35b-a3b,qwen3.6:35b-a3b,24576,3,3,ollama-first-2026-04-28,25de32675884cb3976f22fb28206209e8e72a1db3a6e556bb46490935002b66c,d734d5291933bae15c654b4bbb2c90110fb66bfe6a3cd5cefadd8bb5a974b015,56b69ad27ea3962fdc492e67ea659e0b8a44eaa5352bc3b8f7c4da3124506e7b,1bee78b2e4bc34b3e12fbfdf37f7d0b203fe61917a9f69e67f44e5970998730a,fe5e953572395cceb7f50820650d8bcce531a63d141e83f5e2bce3b21549a534,4c4b709a7a9431b6e6ed604c2e1087aa038624b61fdee9c443713d253c2ecf57,9b7bde1f038dfb0f1d69577cd1f168bd40ff0ea0c5755b6e8b04a4deb0f77e63,,,,,,,,
promote_2026-04-28T19-43-49Z_a0a1,2026-04-28T19:43:49Z,sera-923-2012-extracted,clearances_8015_a_d,sera_clearances_family,sera_clearances_family,sera-923-2012-extracted::clearances_8015_a_d::71094db33155f93d,sera_8015_d_5_other_instructions,994d519c15d47f9b5ca9fcd90de8dd6cebbd6b327f2a233cac0aaf041292f2d8,"An air traffic control clearance shall indicate any necessary instructions or information on other matters such as approach or departure manoeuvres, communications and the time of expiry of the clearance.",authoritative_requirement,shall,rule,promote,supported,true,defensible,true,false,accepted,high,false,pending,fail,fail,1,pass,pass,false,qwen3.6:35b-a3b,qwen3.6:35b-a3b,qwen2.5-coder:32b,qwen3.6:35b-a3b,qwen3.6:35b-a3b,qwen3.6:35b-a3b,24576,3,3,ollama-first-2026-04-28,25de32675884cb3976f22fb28206209e8e72a1db3a6e556bb46490935002b66c,d734d5291933bae15c654b4bbb2c90110fb66bfe6a3cd5cefadd8bb5a974b015,56b69ad27ea3962fdc492e67ea659e0b8a44eaa5352bc3b8f7c4da3124506e7b,1bee78b2e4bc34b3e12fbfdf37f7d0b203fe61917a9f69e67f44e5970998730a,fe5e953572395cceb7f50820650d8bcce531a63d141e83f5e2bce3b21549a534,4c4b709a7a9431b6e6ed604c2e1087aa038624b61fdee9c443713d253c2ecf57,9b7bde1f038dfb0f1d69577cd1f168bd40ff0ea0c5755b6e8b04a4deb0f77e63,,,,,,,,
promote_2026-04-28T19-43-49Z_a0a1,2026-04-28T19:43:49Z,sera-923-2012-extracted,readback_8015_e,sera_readback_family,sera_readback_family,sera-923-2012-extracted::readback_8015_e::913a7181c8e8bdd9,sera_923_e_1_i,99aa8c31269fd4b5b5f5b7ad90b1336bfa1ab8953b5d948b913bd1f04e45a75c,ATC route clearances shall always be read back.,authoritative_requirement,shall,rule,promote,supported,true,defensible,true,false,accepted,high,false,accepted,pass,pass,0,pass,pass,false,qwen3.6:35b-a3b,qwen3.6:35b-a3b,qwen2.5-coder:32b,qwen3.6:35b-a3b,qwen3.6:35b-a3b,qwen3.6:35b-a3b,24576,3,3,ollama-first-2026-04-28,25de32675884cb3976f22fb28206209e8e72a1db3a6e556bb46490935002b66c,d734d5291933bae15c654b4bbb2c90110fb66bfe6a3cd5cefadd8bb5a974b015,56b69ad27ea3962fdc492e67ea659e0b8a44eaa5352bc3b8f7c4da3124506e7b,1bee78b2e4bc34b3e12fbfdf37f7d0b203fe61917a9f69e67f44e5970998730a,fe5e953572395cceb7f50820650d8bcce531a63d141e83f5e2bce3b21549a534,4c4b709a7a9431b6e6ed604c2e1087aa038624b61fdee9c443713d253c2ecf57,9b7bde1f038dfb0f1d69577cd1f168bd40ff0ea0c5755b6e8b04a4deb0f77e63,,,,,,,,
promote_2026-04-28T19-43-49Z_a0a1,2026-04-28T19:43:49Z,sera-923-2012-extracted,readback_8015_e,sera_readback_family,sera_readback_family,sera-923-2012-extracted::readback_8015_e::6f0febfaed2fc9cb,sera_923_e_1_ii,227d69c2de1b337d9d9dd6ac6f9b2f0558a3f81d64626a826210885e20041db8,"Clearances and instructions to enter, land on, take off from, hold short of, cross, taxi and backtrack on any runway shall always be read back.",authoritative_requirement,shall,rule,promote,supported,true,defensible,true,false,accepted,high,false,accepted,pass,pass,0,pass,pass,false,qwen3.6:35b-a3b,qwen3.6:35b-a3b,qwen2.5-coder:32b,qwen3.6:35b-a3b,qwen3.6:35b-a3b,qwen3.6:35b-a3b,24576,3,3,ollama-first-2026-04-28,25de32675884cb3976f22fb28206209e8e72a1db3a6e556bb46490935002b66c,d734d5291933bae15c654b4bbb2c90110fb66bfe6a3cd5cefadd8bb5a974b015,56b69ad27ea3962fdc492e67ea659e0b8a44eaa5352bc3b8f7c4da3124506e7b,1bee78b2e4bc34b3e12fbfdf37f7d0b203fe61917a9f69e67f44e5970998730a,fe5e953572395cceb7f50820650d8bcce531a63d141e83f5e2bce3b21549a534,4c4b709a7a9431b6e6ed604c2e1087aa038624b61fdee9c443713d253c2ecf57,9b7bde1f038dfb0f1d69577cd1f168bd40ff0ea0c5755b6e8b04a4deb0f77e63,,,,,,,,
promote_2026-04-28T19-43-49Z_a0a1,2026-04-28T19:43:49Z,sera-923-2012-extracted,readback_8015_e,sera_readback_family,sera_readback_family,sera-923-2012-extracted::readback_8015_e::8309dddc12b245d4,sera_923_e_1_iii,04fb573e1c8c8a469c6afa7e76b892adc4eafe61e5a518bcd288ea533afbb64d,"Runway-in-use, altimeter settings, SSR codes, newly assigned communication channels, level instructions, heading and speed instructions shall always be read back.",authoritative_requirement,shall,rule,promote,supported,false,defensible,true,false,accepted,high,false,accepted,pass,pass,0,pass,pass,false,qwen3.6:35b-a3b,qwen3.6:35b-a3b,qwen2.5-coder:32b,qwen3.6:35b-a3b,qwen3.6:35b-a3b,qwen3.6:35b-a3b,24576,3,3,ollama-first-2026-04-28,25de32675884cb3976f22fb28206209e8e72a1db3a6e556bb46490935002b66c,d734d5291933bae15c654b4bbb2c90110fb66bfe6a3cd5cefadd8bb5a974b015,56b69ad27ea3962fdc492e67ea659e0b8a44eaa5352bc3b8f7c4da3124506e7b,1bee78b2e4bc34b3e12fbfdf37f7d0b203fe61917a9f69e67f44e5970998730a,fe5e953572395cceb7f50820650d8bcce531a63d141e83f5e2bce3b21549a534,4c4b709a7a9431b6e6ed604c2e1087aa038624b61fdee9c443713d253c2ecf57,9b7bde1f038dfb0f1d69577cd1f168bd40ff0ea0c5755b6e8b04a4deb0f77e63,,,,,,,,
promote_2026-04-28T19-43-49Z_a0a1,2026-04-28T19:43:49Z,sera-923-2012-extracted,readback_8015_e,sera_readback_family,sera_readback_family,sera-923-2012-extracted::readback_8015_e::f6dfa2180974b992,sera_923_e_1_iv,53edfa2bd04035dd063dc0090ff173085ef8b2c77f919ec6248fd847cbcedae9,"Transition levels, whether issued by the controller or contained in ATIS broadcasts, shall always be read back.",authoritative_requirement,shall,rule,promote,supported,true,defensible,true,false,accepted,high,false,accepted,pass,pass,0,pass,pass,false,qwen3.6:35b-a3b,qwen3.6:35b-a3b,qwen2.5-coder:32b,qwen3.6:35b-a3b,qwen3.6:35b-a3b,qwen3.6:35b-a3b,24576,3,3,ollama-first-2026-04-28,25de32675884cb3976f22fb28206209e8e72a1db3a6e556bb46490935002b66c,d734d5291933bae15c654b4bbb2c90110fb66bfe6a3cd5cefadd8bb5a974b015,56b69ad27ea3962fdc492e67ea659e0b8a44eaa5352bc3b8f7c4da3124506e7b,1bee78b2e4bc34b3e12fbfdf37f7d0b203fe61917a9f69e67f44e5970998730a,fe5e953572395cceb7f50820650d8bcce531a63d141e83f5e2bce3b21549a534,4c4b709a7a9431b6e6ed604c2e1087aa038624b61fdee9c443713d253c2ecf57,9b7bde1f038dfb0f1d69577cd1f168bd40ff0ea0c5755b6e8b04a4deb0f77e63,,,,,,,,
promote_2026-04-28T19-43-49Z_a0a1,2026-04-28T19:43:49Z,sera-923-2012-extracted,readback_8015_e,sera_readback_family,sera_readback_family,sera-923-2012-extracted::readback_8015_e::77e2b70b41027ce4,sera_923_e_2,cea46695713308221c10acf1c6cef48d1de6ee53f25619320afdc356ba0e024a,"Other clearances or instructions, including conditional clearances and taxi instructions, shall be read back or acknowledged in a manner to clearly indicate that they have been understood and will be complied with.",authoritative_requirement,shall,rule,promote,supported,false,defensible,true,false,accepted,high,false,accepted,pass,pass,0,pass,pass,false,qwen3.6:35b-a3b,qwen3.6:35b-a3b,qwen2.5-coder:32b,qwen3.6:35b-a3b,qwen3.6:35b-a3b,qwen3.6:35b-a3b,24576,3,3,ollama-first-2026-04-28,25de32675884cb3976f22fb28206209e8e72a1db3a6e556bb46490935002b66c,d734d5291933bae15c654b4bbb2c90110fb66bfe6a3cd5cefadd8bb5a974b015,56b69ad27ea3962fdc492e67ea659e0b8a44eaa5352bc3b8f7c4da3124506e7b,1bee78b2e4bc34b3e12fbfdf37f7d0b203fe61917a9f69e67f44e5970998730a,fe5e953572395cceb7f50820650d8bcce531a63d141e83f5e2bce3b21549a534,4c4b709a7a9431b6e6ed604c2e1087aa038624b61fdee9c443713d253c2ecf57,9b7bde1f038dfb0f1d69577cd1f168bd40ff0ea0c5755b6e8b04a4deb0f77e63,,,,,,,,
promote_2026-04-28T19-43-49Z_a0a1,2026-04-28T19:43:49Z,sera-923-2012-extracted,readback_8015_e,sera_readback_family,sera_readback_family,sera-923-2012-extracted::readback_8015_e::33e432d1782dad2d,sera_923_e_3,94f72aaa723b3f3dbd71689e8e2ec158206a63f6067e293016f680111ce8d91a,The controller shall listen to the read-back to ascertain that the clearance or instruction has been correctly acknowledged by the flight crew and shall take immediate action to correct any discrepancies revealed by the read-back.,authoritative_requirement,shall,rule,promote,supported,false,defensible,true,false,accepted,high,false,accepted,pass,pass,0,pass,pass,false,qwen3.6:35b-a3b,qwen3.6:35b-a3b,qwen2.5-coder:32b,qwen3.6:35b-a3b,qwen3.6:35b-a3b,qwen3.6:35b-a3b,24576,3,3,ollama-first-2026-04-28,25de32675884cb3976f22fb28206209e8e72a1db3a6e556bb46490935002b66c,d734d5291933bae15c654b4bbb2c90110fb66bfe6a3cd5cefadd8bb5a974b015,56b69ad27ea3962fdc492e67ea659e0b8a44eaa5352bc3b8f7c4da3124506e7b,1bee78b2e4bc34b3e12fbfdf37f7d0b203fe61917a9f69e67f44e5970998730a,fe5e953572395cceb7f50820650d8bcce531a63d141e83f5e2bce3b21549a534,4c4b709a7a9431b6e6ed604c2e1087aa038624b61fdee9c443713d253c2ecf57,9b7bde1f038dfb0f1d69577cd1f168bd40ff0ea0c5755b6e8b04a4deb0f77e63,,,,,,,,
promote_2026-04-28T19-43-49Z_a0a1,2026-04-28T19:43:49Z,sera-923-2012-extracted,readback_8015_e,sera_readback_family,sera_readback_family,sera-923-2012-extracted::readback_8015_e::23f3fac68277ae11,sera_923_e_4,2037969d2756d22d36453341b4212f7f5fecb321897342146c0d69cfc8e870bc,"Voice read-back of CPDLC messages shall not be required, unless otherwise specified by the ANSP.",authoritative_requirement,shall,rule,promote,supported,false,defensible,true,false,accepted,high,false,accepted,pass,pass,0,pass,pass,false,qwen3.6:35b-a3b,qwen3.6:35b-a3b,qwen2.5-coder:32b,qwen3.6:35b-a3b,qwen3.6:35b-a3b,qwen3.6:35b-a3b,24576,3,3,ollama-first-2026-04-28,25de32675884cb3976f22fb28206209e8e72a1db3a6e556bb46490935002b66c,d734d5291933bae15c654b4bbb2c90110fb66bfe6a3cd5cefadd8bb5a974b015,56b69ad27ea3962fdc492e67ea659e0b8a44eaa5352bc3b8f7c4da3124506e7b,1bee78b2e4bc34b3e12fbfdf37f7d0b203fe61917a9f69e67f44e5970998730a,fe5e953572395cceb7f50820650d8bcce531a63d141e83f5e2bce3b21549a534,4c4b709a7a9431b6e6ed604c2e1087aa038624b61fdee9c443713d253c2ecf57,9b7bde1f038dfb0f1d69577cd1f168bd40ff0ea0c5755b6e8b04a4deb0f77e63,,,,,,,,
promote_2026-04-28T19-43-49Z_a0a1,2026-04-28T19:43:49Z,sera-923-2012-extracted,separation_minima_8010,sera_separation_minima_family,sera_separation_minima_family,sera-923-2012-extracted::separation_minima_8010::bdcea86227fc2f84,sera_8010_a_selection_authority,919114d63d60abb17e85b789275497dcac77d3b2685c706b31b034539a7313d1,The selection of separation minima for application within a given portion of airspace shall be made by the ANSP responsible for the provision of air traffic services and approved by the competent authority concerned.,authoritative_requirement,shall,rule,promote,supported,false,defensible,true,false,accepted,high,false,accepted,pass,pass,0,pass,pass,false,qwen3.6:35b-a3b,qwen3.6:35b-a3b,qwen2.5-coder:32b,qwen3.6:35b-a3b,qwen3.6:35b-a3b,qwen3.6:35b-a3b,24576,3,3,ollama-first-2026-04-28,25de32675884cb3976f22fb28206209e8e72a1db3a6e556bb46490935002b66c,d734d5291933bae15c654b4bbb2c90110fb66bfe6a3cd5cefadd8bb5a974b015,56b69ad27ea3962fdc492e67ea659e0b8a44eaa5352bc3b8f7c4da3124506e7b,1bee78b2e4bc34b3e12fbfdf37f7d0b203fe61917a9f69e67f44e5970998730a,fe5e953572395cceb7f50820650d8bcce531a63d141e83f5e2bce3b21549a534,4c4b709a7a9431b6e6ed604c2e1087aa038624b61fdee9c443713d253c2ecf57,9b7bde1f038dfb0f1d69577cd1f168bd40ff0ea0c5755b6e8b04a4deb0f77e63,,,,,,,,
promote_2026-04-28T19-43-49Z_a0a1,2026-04-28T19:43:49Z,sera-923-2012-extracted,separation_minima_8010,sera_separation_minima_family,sera_separation_minima_family,sera-923-2012-extracted::separation_minima_8010::62c3fbbf1d1c30f4,sera_8010_b_neighbouring_airspace_consultation,e711c7fa3b2a9f947b882873fcea87cba4d79600ddfae096b34c082dc36133ed,"For traffic that will pass from one into the other of neighbouring airspaces and for routes that are closer to the common boundary of the neighbouring airspaces than the separation minima applicable in the circumstances, the selection of se",authoritative_requirement,shall,rule,promote,supported,false,defensible,true,false,accepted,high,false,accepted,pass,pass,0,pass,pass,false,qwen3.6:35b-a3b,qwen3.6:35b-a3b,qwen2.5-coder:32b,qwen3.6:35b-a3b,qwen3.6:35b-a3b,qwen3.6:35b-a3b,24576,3,3,ollama-first-2026-04-28,25de32675884cb3976f22fb28206209e8e72a1db3a6e556bb46490935002b66c,d734d5291933bae15c654b4bbb2c90110fb66bfe6a3cd5cefadd8bb5a974b015,56b69ad27ea3962fdc492e67ea659e0b8a44eaa5352bc3b8f7c4da3124506e7b,1bee78b2e4bc34b3e12fbfdf37f7d0b203fe61917a9f69e67f44e5970998730a,fe5e953572395cceb7f50820650d8bcce531a63d141e83f5e2bce3b21549a534,4c4b709a7a9431b6e6ed604c2e1087aa038624b61fdee9c443713d253c2ecf57,9b7bde1f038dfb0f1d69577cd1f168bd40ff0ea0c5755b6e8b04a4deb0f77e63,,,,,,,,
promote_2026-04-28T19-43-49Z_a0a1,2026-04-28T19:43:49Z,sera-923-2012-extracted,separation_minima_8010,sera_separation_minima_family,sera_separation_minima_family,sera-923-2012-extracted::separation_minima_8010::e254c674f789e45e,sera_8010_c1_notification_to_ats,7c75eeff5bd0026471afe503d310b19e3fcd9c59775fa0965255ce85d294b7ee,Details of the selected separation minima and of their areas of application shall be notified to the air traffic services units concerned.,authoritative_requirement,shall,rule,promote,underspecified,false,defensible,false,false,needs_bundle,high,false,pending,pass,pass,0,pass,pass,false,qwen3.6:35b-a3b,qwen3.6:35b-a3b,qwen2.5-coder:32b,qwen3.6:35b-a3b,qwen3.6:35b-a3b,qwen3.6:35b-a3b,24576,3,3,ollama-first-2026-04-28,25de32675884cb3976f22fb28206209e8e72a1db3a6e556bb46490935002b66c,d734d5291933bae15c654b4bbb2c90110fb66bfe6a3cd5cefadd8bb5a974b015,56b69ad27ea3962fdc492e67ea659e0b8a44eaa5352bc3b8f7c4da3124506e7b,1bee78b2e4bc34b3e12fbfdf37f7d0b203fe61917a9f69e67f44e5970998730a,fe5e953572395cceb7f50820650d8bcce531a63d141e83f5e2bce3b21549a534,4c4b709a7a9431b6e6ed604c2e1087aa038624b61fdee9c443713d253c2ecf57,9b7bde1f038dfb0f1d69577cd1f168bd40ff0ea0c5755b6e8b04a4deb0f77e63,,,,,,,,
promote_2026-04-28T19-43-49Z_a0a1,2026-04-28T19:43:49Z,sera-923-2012-extracted,separation_minima_8010,sera_separation_minima_family,sera_separation_minima_family,sera-923-2012-extracted::separation_minima_8010::14871d3b19e91d53,sera_8010_c2_notification_to_pilots,d153052debfb337e6c06434a8fd11ff85eccd2277a1efc792fbc0f982652980b,"Details of the selected separation minima and of their areas of application shall be notified to pilots and aircraft operators through aeronautical information publications, where separation is based on the use by aircraft of specified navi",authoritative_requirement,shall,rule,promote,underspecified,false,defensible,false,false,needs_bundle,high,false,pending,pass,pass,0,pass,pass,false,qwen3.6:35b-a3b,qwen3.6:35b-a3b,qwen2.5-coder:32b,qwen3.6:35b-a3b,qwen3.6:35b-a3b,qwen3.6:35b-a3b,24576,3,3,ollama-first-2026-04-28,25de32675884cb3976f22fb28206209e8e72a1db3a6e556bb46490935002b66c,d734d5291933bae15c654b4bbb2c90110fb66bfe6a3cd5cefadd8bb5a974b015,56b69ad27ea3962fdc492e67ea659e0b8a44eaa5352bc3b8f7c4da3124506e7b,1bee78b2e4bc34b3e12fbfdf37f7d0b203fe61917a9f69e67f44e5970998730a,fe5e953572395cceb7f50820650d8bcce531a63d141e83f5e2bce3b21549a534,4c4b709a7a9431b6e6ed604c2e1087aa038624b61fdee9c443713d253c2ecf57,9b7bde1f038dfb0f1d69577cd1f168bd40ff0ea0c5755b6e8b04a4deb0f77e63,,,,,,,,
promote_2026-04-28T19-43-49Z_a0a1,2026-04-28T19:43:49Z,slovenia-vfr-extracted,readback,slovenia_vfr_readback_family,slovenia_vfr_readback_family,slovenia-vfr-extracted::readback::be884ba067e3c04b,req_mandatory_readback_items,43eda3b83a6cccb60c799f0466c6e57473489b4de8cce5b620efc62846827289,"Messages containing ATC route clearance, clearances/instructions to enter, land on, take-off from, hold short of, cross or backtrack any runway, runway in use, altimeter settings, SSR codes, level or heading instructions, speed instructions",best_practice,shall,rule,promote,supported,true,defensible,true,false,accepted,high,false,pending,fail,fail,1,pass,pass,false,qwen3.6:35b-a3b,qwen3.6:35b-a3b,qwen2.5-coder:32b,qwen3.6:35b-a3b,qwen3.6:35b-a3b,qwen3.6:35b-a3b,24576,3,3,ollama-first-2026-04-28,25de32675884cb3976f22fb28206209e8e72a1db3a6e556bb46490935002b66c,d734d5291933bae15c654b4bbb2c90110fb66bfe6a3cd5cefadd8bb5a974b015,56b69ad27ea3962fdc492e67ea659e0b8a44eaa5352bc3b8f7c4da3124506e7b,1bee78b2e4bc34b3e12fbfdf37f7d0b203fe61917a9f69e67f44e5970998730a,fe5e953572395cceb7f50820650d8bcce531a63d141e83f5e2bce3b21549a534,4c4b709a7a9431b6e6ed604c2e1087aa038624b61fdee9c443713d253c2ecf57,9b7bde1f038dfb0f1d69577cd1f168bd40ff0ea0c5755b6e8b04a4deb0f77e63,,,,,,,,
promote_2026-04-28T19-43-49Z_a0a1,2026-04-28T19:43:49Z,slovenia-vfr-extracted,readback,slovenia_vfr_readback_family,slovenia_vfr_readback_family,slovenia-vfr-extracted::readback::e13320f1fbb573c1,req_readback_completeness_callsign,38cd1baf7c45e9a5da3de476ab30982b84d47398110c7b6e48963ac222a90f3f,"When a read back is required, the pilot must make sure it is complete and finish it with the call sign.",best_practice,shall,rule,promote,supported,true,defensible,true,false,accepted,high,false,accepted,pass,pass,0,pass,pass,false,qwen3.6:35b-a3b,qwen3.6:35b-a3b,qwen2.5-coder:32b,qwen3.6:35b-a3b,qwen3.6:35b-a3b,qwen3.6:35b-a3b,24576,3,3,ollama-first-2026-04-28,25de32675884cb3976f22fb28206209e8e72a1db3a6e556bb46490935002b66c,d734d5291933bae15c654b4bbb2c90110fb66bfe6a3cd5cefadd8bb5a974b015,56b69ad27ea3962fdc492e67ea659e0b8a44eaa5352bc3b8f7c4da3124506e7b,1bee78b2e4bc34b3e12fbfdf37f7d0b203fe61917a9f69e67f44e5970998730a,fe5e953572395cceb7f50820650d8bcce531a63d141e83f5e2bce3b21549a534,4c4b709a7a9431b6e6ed604c2e1087aa038624b61fdee9c443713d253c2ecf57,9b7bde1f038dfb0f1d69577cd1f168bd40ff0ea0c5755b6e8b04a4deb0f77e63,,,,,,,,
promote_2026-04-28T19-43-49Z_a0a1,2026-04-28T19:43:49Z,slovenia-vfr-extracted,readback,slovenia_vfr_readback_family,slovenia_vfr_readback_family,slovenia-vfr-extracted::readback::f586b025372a3411,req_wilco_prohibition,308394b55b17cd179d2eddeb94142dfd69a04a19126cc1ba789b0d1479851933,The standard phrase 'WILCO' should not be used instead of a full read back of the items from the previous paragraph.,best_practice,should,phraseology_rule,promote,supported,false,defensible,true,false,accepted,high,false,accepted,pass,pass,0,pass,pass,false,qwen3.6:35b-a3b,qwen3.6:35b-a3b,qwen2.5-coder:32b,qwen3.6:35b-a3b,qwen3.6:35b-a3b,qwen3.6:35b-a3b,24576,3,3,ollama-first-2026-04-28,25de32675884cb3976f22fb28206209e8e72a1db3a6e556bb46490935002b66c,d734d5291933bae15c654b4bbb2c90110fb66bfe6a3cd5cefadd8bb5a974b015,56b69ad27ea3962fdc492e67ea659e0b8a44eaa5352bc3b8f7c4da3124506e7b,1bee78b2e4bc34b3e12fbfdf37f7d0b203fe61917a9f69e67f44e5970998730a,fe5e953572395cceb7f50820650d8bcce531a63d141e83f5e2bce3b21549a534,4c4b709a7a9431b6e6ed604c2e1087aa038624b61fdee9c443713d253c2ecf57,9b7bde1f038dfb0f1d69577cd1f168bd40ff0ea0c5755b6e8b04a4deb0f77e63,,,,,,,,
promote_2026-04-28T19-43-49Z_a0a1,2026-04-28T19:43:49Z,slovenia-vfr-extracted,readback,slovenia_vfr_readback_family,slovenia_vfr_readback_family,slovenia-vfr-extracted::readback::2397c3fc7f51c903,def_wilco,e90dded619331ecfdb3fc6808d103a7c96eea5d0f32510c3bc887bc62dcfdd8d,'WILCO' means 'I understand your message and will comply with it'.,best_practice,note,definition,support_only,supported,true,defensible,true,false,advisory_only,high,false,pending,fail,fail,1,pass,pass,false,qwen3.6:35b-a3b,qwen3.6:35b-a3b,qwen2.5-coder:32b,qwen3.6:35b-a3b,qwen3.6:35b-a3b,qwen3.6:35b-a3b,24576,3,3,ollama-first-2026-04-28,25de32675884cb3976f22fb28206209e8e72a1db3a6e556bb46490935002b66c,d734d5291933bae15c654b4bbb2c90110fb66bfe6a3cd5cefadd8bb5a974b015,56b69ad27ea3962fdc492e67ea659e0b8a44eaa5352bc3b8f7c4da3124506e7b,1bee78b2e4bc34b3e12fbfdf37f7d0b203fe61917a9f69e67f44e5970998730a,fe5e953572395cceb7f50820650d8bcce531a63d141e83f5e2bce3b21549a534,4c4b709a7a9431b6e6ed604c2e1087aa038624b61fdee9c443713d253c2ecf57,9b7bde1f038dfb0f1d69577cd1f168bd40ff0ea0c5755b6e8b04a4deb0f77e63,,,,,,,,
promote_2026-04-28T19-43-49Z_a0a1,2026-04-28T19:43:49Z,slovenia-vfr-extracted,readback,slovenia_vfr_readback_family,slovenia_vfr_readback_family,slovenia-vfr-extracted::readback::34951c851cc73e37,req_acknowledgement_non_readback,d16cd5dcfae38cf6779d1cc137a998f0cc8230d0ea4070554105be442ae25b4f,"If a transmission contains information that does not need to be read back, the pilot should acknowledge it by transmitting his call sign or by transmitting his call sign preceded by the word 'ROGER'.",best_practice,should,phraseology_rule,promote,supported,false,defensible,true,false,accepted,high,false,pending,fail,fail,1,pass,pass,false,qwen3.6:35b-a3b,qwen3.6:35b-a3b,qwen2.5-coder:32b,qwen3.6:35b-a3b,qwen3.6:35b-a3b,qwen3.6:35b-a3b,24576,3,3,ollama-first-2026-04-28,25de32675884cb3976f22fb28206209e8e72a1db3a6e556bb46490935002b66c,d734d5291933bae15c654b4bbb2c90110fb66bfe6a3cd5cefadd8bb5a974b015,56b69ad27ea3962fdc492e67ea659e0b8a44eaa5352bc3b8f7c4da3124506e7b,1bee78b2e4bc34b3e12fbfdf37f7d0b203fe61917a9f69e67f44e5970998730a,fe5e953572395cceb7f50820650d8bcce531a63d141e83f5e2bce3b21549a534,4c4b709a7a9431b6e6ed604c2e1087aa038624b61fdee9c443713d253c2ecf57,9b7bde1f038dfb0f1d69577cd1f168bd40ff0ea0c5755b6e8b04a4deb0f77e63,,,,,,,,
promote_2026-04-28T19-43-49Z_a0a1,2026-04-28T19:43:49Z,slovenia-vfr-extracted,readback,slovenia_vfr_readback_family,slovenia_vfr_readback_family,slovenia-vfr-extracted::readback::a6eb85ecaac0bd8b,req_transmitting_technique,9027a632d27b8ac6626d8dd87ed22c99fdd45df12f05f4856ef0fe3abb0f4587,Transmissions shall be conducted concisely in a normal conversational tone.,best_practice,shall,best_practice,advisory_only,supported,true,defensible,true,false,advisory_only,high,false,pending,pass,pass,0,pass,pass,false,qwen3.6:35b-a3b,qwen3.6:35b-a3b,qwen2.5-coder:32b,qwen3.6:35b-a3b,qwen3.6:35b-a3b,qwen3.6:35b-a3b,24576,3,3,ollama-first-2026-04-28,25de32675884cb3976f22fb28206209e8e72a1db3a6e556bb46490935002b66c,d734d5291933bae15c654b4bbb2c90110fb66bfe6a3cd5cefadd8bb5a974b015,56b69ad27ea3962fdc492e67ea659e0b8a44eaa5352bc3b8f7c4da3124506e7b,1bee78b2e4bc34b3e12fbfdf37f7d0b203fe61917a9f69e67f44e5970998730a,fe5e953572395cceb7f50820650d8bcce531a63d141e83f5e2bce3b21549a534,4c4b709a7a9431b6e6ed604c2e1087aa038624b61fdee9c443713d253c2ecf57,9b7bde1f038dfb0f1d69577cd1f168bd40ff0ea0c5755b6e8b04a4deb0f77e63,,,,,,,,
promote_2026-04-28T19-43-49Z_a0a1,2026-04-28T19:43:49Z,slovenia-vfr-extracted,readback,slovenia_vfr_readback_family,slovenia_vfr_readback_family,slovenia-vfr-extracted::readback::a55009e7044c1c4b,opt_readback_order,f8ecd3a0fa9bd661dbae320f513a2828535bae8bfe35dda77aab586c41e15f79,It is normally best to read back the items in the order given.,best_practice,should,best_practice,advisory_only,supported,false,defensible,true,false,advisory_only,high,false,pending,pass,pass,0,pass,pass,false,qwen3.6:35b-a3b,qwen3.6:35b-a3b,qwen2.5-coder:32b,qwen3.6:35b-a3b,qwen3.6:35b-a3b,qwen3.6:35b-a3b,24576,3,3,ollama-first-2026-04-28,25de32675884cb3976f22fb28206209e8e72a1db3a6e556bb46490935002b66c,d734d5291933bae15c654b4bbb2c90110fb66bfe6a3cd5cefadd8bb5a974b015,56b69ad27ea3962fdc492e67ea659e0b8a44eaa5352bc3b8f7c4da3124506e7b,1bee78b2e4bc34b3e12fbfdf37f7d0b203fe61917a9f69e67f44e5970998730a,fe5e953572395cceb7f50820650d8bcce531a63d141e83f5e2bce3b21549a534,4c4b709a7a9431b6e6ed604c2e1087aa038624b61fdee9c443713d253c2ecf57,9b7bde1f038dfb0f1d69577cd1f168bd40ff0ea0c5755b6e8b04a4deb0f77e63,,,,,,,,
promote_2026-04-28T19-43-49Z_a0a1,2026-04-28T19:43:49Z,slovenia-vfr-extracted,readback,slovenia_vfr_readback_family,slovenia_vfr_readback_family,slovenia-vfr-extracted::readback::fd9994dd1fc98ea3,opt_departure_takeoff_order,6232518b73b236b582283d1c063bbb9e0012bbb6da66080fb91055d49c811b86,"If the departure instructions are transmitted together with a take-off clearance, it is more appropriate to read back the take-off clearance first, followed by the departure instructions.",best_practice,should,best_practice,advisory_only,supported,true,defensible,true,false,advisory_only,high,false,pending,fail,fail,1,pass,pass,false,qwen3.6:35b-a3b,qwen3.6:35b-a3b,qwen2.5-coder:32b,qwen3.6:35b-a3b,qwen3.6:35b-a3b,qwen3.6:35b-a3b,24576,3,3,ollama-first-2026-04-28,25de32675884cb3976f22fb28206209e8e72a1db3a6e556bb46490935002b66c,d734d5291933bae15c654b4bbb2c90110fb66bfe6a3cd5cefadd8bb5a974b015,56b69ad27ea3962fdc492e67ea659e0b8a44eaa5352bc3b8f7c4da3124506e7b,1bee78b2e4bc34b3e12fbfdf37f7d0b203fe61917a9f69e67f44e5970998730a,fe5e953572395cceb7f50820650d8bcce531a63d141e83f5e2bce3b21549a534,4c4b709a7a9431b6e6ed604c2e1087aa038624b61fdee9c443713d253c2ecf57,9b7bde1f038dfb0f1d69577cd1f168bd40ff0ea0c5755b6e8b04a4deb0f77e63,,,,,,,,
manual_rr11_2026-04-29T14-37-05Z,2026-04-29T14:37:05Z,h01-extracted,acknowledgement_3_8_1,h01_readback_family,h01_readback_family,h01-extracted::acknowledgement_3_8_1::647df1446645072b,crew_readback_safety_parts,3a423fb6e2165037af823b6224bdda2c933a485c8c562b5b8bbe95dbe0ca7629,The flight crew shall read back to the air traffic controller safety-related parts of ATC clearances and instructions which are transmitted by voice.,authoritative_requirement,shall,rule,promote,underspecified,false,,false,false,needs_bundle,high,false,rejected,pass,pass,0,pass,pass,false,qwen3.6:35b-a3b,qwen3.6:35b-a3b,qwen2.5-coder:32b,qwen3.6:35b-a3b,qwen3.6:35b-a3b,qwen3.6:35b-a3b,24576,3,3,ollama-first-2026-04-28,25de32675884cb3976f22fb28206209e8e72a1db3a6e556bb46490935002b66c,unknown,unknown,unknown,unknown,unknown,unknown,curator,manual_rr11_2026-04-29T14-37-05Z,human-curator,reject,high,"Manual RR-11 decision: AIC A 21/23 H01 section 3.8.1(c) is a parent/umbrella statement whose operative scope depends on the immediately following always-read-back list. The accepted sibling records already capture the four item-level obligations, so retaining this broad parent as a standalone partially executable rule would overstate precision. Reject as redundant umbrella / needs-bundle material.",,curation/manual_rr11_2026-04-29T14-37-05Z/h01-extracted::acknowledgement_3_8_1::647df1446645072b.json
manual_rr11_2026-04-29T14-37-05Z,2026-04-29T14:37:05Z,icao4444-extracted,transfer_4_3_2_1,icao4444_transfer_family,icao4444_transfer_family,icao4444-extracted::transfer_4_3_2_1::9e13513d0ea84502,ctrl_division_general,04b01f7e6c7e342e7edb573a4aeb08d5ea39c13c5cec5e8532f9fee54c48c215,"Except for flights which are provided aerodrome control service only, the control of arriving and departing controlled flights shall be divided between units providing aerodrome control service and units providing approach control service.",authoritative_requirement,shall,rule,promote,underspecified,false,,false,false,needs_bundle,high,false,rejected,pass,pass,0,pass,pass,false,qwen3.6:35b-a3b,qwen3.6:35b-a3b,qwen2.5-coder:32b,qwen3.6:35b-a3b,qwen3.6:35b-a3b,qwen3.6:35b-a3b,24576,3,3,ollama-first-2026-04-28,25de32675884cb3976f22fb28206209e8e72a1db3a6e556bb46490935002b66c,unknown,unknown,unknown,unknown,unknown,unknown,curator,manual_rr11_2026-04-29T14-37-05Z,human-curator,reject,high,Manual RR-11 decision: ICAO Doc 4444 section 4.3.2.1 is a parent clause ending in 'as follows' and is not a standalone executable requirement. The missing operative content is split into accepted records for sections 4.3.2.1.1 and 4.3.2.1.3; the original parent is rejected as superseded by those split records.,,curation/manual_rr11_2026-04-29T14-37-05Z/icao4444-extracted::transfer_4_3_2_1::9e13513d0ea84502.json
manual_rr11_2026-04-29T14-37-05Z,2026-04-29T14:37:05Z,icao4444-extracted,readback_4_5_7_5,icao4444_readback_family,icao4444_readback_family,icao4444-extracted::readback_4_5_7_5::80a171af98372544,support_cpdlc_reference,be0f1de0927ca97aa7d45dcf1b8df3ea555dfd022d2264ec1516fb69b1c656fa,"The procedures and provisions relating to the exchange and acknowledgement of CPDLC messages are contained in Annex 10, Volume II and the PANS-ATM, Chapter 14.",background_support,note,definition,support_only,supported,false,,true,false,advisory_only,high,false,accepted,pass,pass,0,pass,pass,false,qwen3.6:35b-a3b,qwen3.6:35b-a3b,qwen2.5-coder:32b,qwen3.6:35b-a3b,qwen3.6:35b-a3b,qwen3.6:35b-a3b,24576,3,3,ollama-first-2026-04-28,25de32675884cb3976f22fb28206209e8e72a1db3a6e556bb46490935002b66c,unknown,unknown,unknown,unknown,unknown,unknown,curator,manual_rr11_2026-04-29T14-37-05Z,human-curator,promote,medium,"Manual RR-11 decision: ICAO Doc 4444 section 4.5.7.5.2.1 Note is verbatim non-normative background support. It is accepted as review-only support, not as an executable rule, consistent with existing accepted background_support note records.",,curation/manual_rr11_2026-04-29T14-37-05Z/icao4444-extracted::readback_4_5_7_5::80a171af98372544.json
manual_rr11_2026-04-29T14-37-05Z,2026-04-29T14:37:05Z,icao4444-extracted,transfer_4_3_2_1,icao4444_transfer_family,icao4444_transfer_family,icao4444-extracted::transfer_4_3_2_1::86dd6fa9b1c3d453,manual_split_arriving_control_transfer_4_3_2_1_1,962ea78044231cf8a071711062ce9533f2c4fcfe27dbe2c2fbb4ab725f52db98,Control of an arriving aircraft shall be transferred from the unit providing approach control service to the unit providing aerodrome control service when the aircraft satisfies one of the conditions listed in ICAO Doc 4444 section 4.3.2.1.,authoritative_requirement,shall,workflow_constraint,promote,supported,false,,true,false,accepted,human,false,accepted,pass,pass,0,pass,pass,false,qwen3.6:35b-a3b,qwen3.6:35b-a3b,qwen2.5-coder:32b,qwen3.6:35b-a3b,qwen3.6:35b-a3b,qwen3.6:35b-a3b,24576,3,3,ollama-first-2026-04-28,25de32675884cb3976f22fb28206209e8e72a1db3a6e556bb46490935002b66c,unknown,unknown,unknown,unknown,unknown,unknown,curator,manual_rr11_2026-04-29T14-37-05Z,human-curator,manual_split_accept,high,Manual split from ICAO Doc 4444 section 4.3.2.1 parent. The arriving-aircraft branch is the operative transfer rule and its condition set is preserved as a bundled family-test candidate rather than flattened into a single condition.,,curation/manual_rr11_2026-04-29T14-37-05Z/icao4444-extracted::transfer_4_3_2_1::86dd6fa9b1c3d453.json
manual_rr11_2026-04-29T14-37-05Z,2026-04-29T14:37:05Z,icao4444-extracted,transfer_4_3_2_1,icao4444_transfer_family,icao4444_transfer_family,icao4444-extracted::transfer_4_3_2_1::6524e899c0a46912,manual_split_departing_control_transfer_4_3_2_1_3,3b95c9408735f67ec502dc9df883d28c0606c71fd2243ec7d9de4e70974613a1,"Control of a departing aircraft shall be transferred from the unit providing aerodrome control service to the unit providing approach control service under the VMC or IMC timing conditions listed in ICAO Doc 4444 section 4.3.2.1.3, as speci",authoritative_requirement,shall,workflow_constraint,promote,supported,false,,true,false,accepted,human,false,accepted,pass,pass,0,pass,pass,false,qwen3.6:35b-a3b,qwen3.6:35b-a3b,qwen2.5-coder:32b,qwen3.6:35b-a3b,qwen3.6:35b-a3b,qwen3.6:35b-a3b,24576,3,3,ollama-first-2026-04-28,25de32675884cb3976f22fb28206209e8e72a1db3a6e556bb46490935002b66c,unknown,unknown,unknown,unknown,unknown,unknown,curator,manual_rr11_2026-04-29T14-37-05Z,human-curator,manual_split_accept,high,Manual split from ICAO Doc 4444 section 4.3.2.1 parent. The departing-aircraft branch is the operative transfer rule and its VMC/IMC condition set is preserved as a bundled family-test candidate rather than flattened into a single condition.,,curation/manual_rr11_2026-04-29T14-37-05Z/icao4444-extracted::transfer_4_3_2_1::6524e899c0a46912.json
curate_2026-04-29T09-07-27Z,2026-04-29T09:07:38Z,cap413-extracted,readback_2_68_2_71,cap413_readback_family,cap413_readback_family,cap413-extracted::readback_2_68_2_71::5be7cfa8ac79626b,req_readback_missing,8735570ffeefbf2da75e47b7c989b9d3520525dadb7f18eda3f09c6b1baa9867,"If a readback is not received for a required message, the pilot/driver will be asked to do so.",operational_guidance,none,workflow_constraint,promote,supported,true,,true,false,needs_human_review,medium,false,accepted,pass,pass,0,pass,pass,false,qwen3.6:35b-a3b,qwen3.6:35b-a3b,qwen2.5-coder:32b,qwen3.6:35b-a3b,qwen3.6:35b-a3b,qwen3.6:35b-a3b,24576,3,3,ollama-first-2026-04-28,25de32675884cb3976f22fb28206209e8e72a1db3a6e556bb46490935002b66c,unknown,unknown,unknown,unknown,unknown,unknown,curator,curate_2026-04-29T09-07-27Z,gpt-5.5,promote_with_corrections,high,"The quote exists verbatim and supports the claim as a procedural consequence, and it is not redundant with the accepted sibling candidates. However, the cited wording uses “will be asked,” not shall/must language, so the modality should be lowered while retaining operational_guidance authority.","{""modality"": ""none""}",curation/curate_2026-04-29T09-07-27Z/cap413-extracted::readback_2_68_2_71::5be7cfa8ac79626b.json
curate_2026-04-29T09-07-27Z,2026-04-29T09:08:06Z,cap413-extracted,readback_2_68_2_71,cap413_readback_family,cap413_readback_family,cap413-extracted::readback_2_68_2_71::66f9e846fad0b3f3,req_request_repetition,b8f225db92740c8ed18349fef8857a81c23f115e4773a8a62f497677066757dc,The pilot/driver is expected to request that instructions are repeated or clarified if any are not fully understood.,operational_guidance,should,best_practice,advisory_only,supported,false,,true,false,advisory_only,high,false,accepted,pass,pass,0,pass,pass,false,qwen3.6:35b-a3b,qwen3.6:35b-a3b,qwen2.5-coder:32b,qwen3.6:35b-a3b,qwen3.6:35b-a3b,qwen3.6:35b-a3b,24576,3,3,ollama-first-2026-04-28,25de32675884cb3976f22fb28206209e8e72a1db3a6e556bb46490935002b66c,unknown,unknown,unknown,unknown,unknown,unknown,curator,curate_2026-04-29T09-07-27Z,gpt-5.5,promote,high,"The claim is directly supported by a verbatim source quote, and the candidate’s advisory/operational-guidance framing matches CAP 413’s wording of “expected to.” It is not redundant with the accepted sibling candidates, which address readback requirements and controller corrections rather than the pilot/driver expectation to request repetition or clarification.",,curation/curate_2026-04-29T09-07-27Z/cap413-extracted::readback_2_68_2_71::66f9e846fad0b3f3.json
curate_2026-04-29T09-07-27Z,2026-04-29T09:08:15Z,egast-vfr-extracted,readback_advisory,egast_vfr_readback_family,egast_vfr_readback_family,egast-vfr-extracted::readback_advisory::2a5d4629a99284e3,req_request_clarification,2de1330a968df03cd139e2cec9a47401dd142b722feb560c0d01e5bb91fc3ee8,If in any doubt you must request clarification.,best_practice,must,rule,promote,supported,true,,true,false,needs_human_review,medium,false,accepted,pass,pass,0,pass,pass,false,qwen3.6:35b-a3b,qwen3.6:35b-a3b,qwen2.5-coder:32b,qwen3.6:35b-a3b,qwen3.6:35b-a3b,qwen3.6:35b-a3b,24576,3,3,ollama-first-2026-04-28,25de32675884cb3976f22fb28206209e8e72a1db3a6e556bb46490935002b66c,unknown,unknown,unknown,unknown,unknown,unknown,curator,curate_2026-04-29T09-07-27Z,gpt-5.5,promote_with_corrections,high,"The claim text is verbatim supported by the source, and the source uses the word “must” for this specific instruction. Because the authority class is already best_practice, this does not improperly elevate the advisory document to an authoritative requirement, but the modality should match the source wording.","{""modality"": ""must""}",curation/curate_2026-04-29T09-07-27Z/egast-vfr-extracted::readback_advisory::2a5d4629a99284e3.json
curate_2026-04-29T09-07-27Z,2026-04-29T09:08:39Z,egast-vfr-extracted,readback_advisory,egast_vfr_readback_family,egast_vfr_readback_family,egast-vfr-extracted::readback_advisory::2c0a6da5b0abc95f,sup_readback_benefit,b511a66f1c5e06961312bc1f1166a8077e6369aa6a65a14f178566e350d80579,Reading back a clearance and any safety critical information helps both the pilot and the controller understand what the aircraft has been instructed to do.,background_support,note,background_support,support_only,supported,true,,true,false,advisory_only,high,false,accepted,pass,pass,0,pass,pass,false,qwen3.6:35b-a3b,qwen3.6:35b-a3b,qwen2.5-coder:32b,qwen3.6:35b-a3b,qwen3.6:35b-a3b,qwen3.6:35b-a3b,24576,3,3,ollama-first-2026-04-28,25de32675884cb3976f22fb28206209e8e72a1db3a6e556bb46490935002b66c,unknown,unknown,unknown,unknown,unknown,unknown,curator,curate_2026-04-29T09-07-27Z,gpt-5.5,promote_with_corrections,high,"The quote is verbatim and the claim accurately captures explanatory background rather than an operative readback obligation. Because the source wording is non-normative rationale, it should remain a note but be classified as background support rather than best practice.","{""authorityClass"": ""background_support"", ""requirementKind"": ""background_support""}",curation/curate_2026-04-29T09-07-27Z/egast-vfr-extracted::readback_advisory::2c0a6da5b0abc95f.json
curate_2026-04-29T09-07-27Z,2026-04-29T09:08:52Z,egast-vfr-extracted,readback_advisory,egast_vfr_readback_family,egast_vfr_readback_family,egast-vfr-extracted::readback_advisory::60929bb516ae7098,req_readback_order,f8ecd3a0fa9bd661dbae320f513a2828535bae8bfe35dda77aab586c41e15f79,It is normally best to read back the items in the order given.,best_practice,should,best_practice,advisory_only,supported,true,,true,false,advisory_only,high,false,accepted,pass,pass,0,pass,pass,false,qwen3.6:35b-a3b,qwen3.6:35b-a3b,qwen2.5-coder:32b,qwen3.6:35b-a3b,qwen3.6:35b-a3b,qwen3.6:35b-a3b,24576,3,3,ollama-first-2026-04-28,25de32675884cb3976f22fb28206209e8e72a1db3a6e556bb46490935002b66c,unknown,unknown,unknown,unknown,unknown,unknown,curator,curate_2026-04-29T09-07-27Z,gpt-5.5,promote,high,"The quote exists verbatim and supports the claim as an advisory best-practice statement, with no identity-field problem. The candidate is atomic and is not already covered by the accepted siblings; the pending status appears to stem from the advisory-only handling rather than a substantive defect.",,curation/curate_2026-04-29T09-07-27Z/egast-vfr-extracted::readback_advisory::60929bb516ae7098.json
curate_2026-04-29T09-07-27Z,2026-04-29T09:09:06Z,h01-extracted,acknowledgement_3_8_1,h01_readback_family,h01_readback_family,h01-extracted::acknowledgement_3_8_1::1ba408f68e9b501d,readback_runway_clearances,227d69c2de1b337d9d9dd6ac6f9b2f0558a3f81d64626a826210885e20041db8,"Clearances and instructions to enter, land on, take off from, hold short of, cross, taxi and backtrack on any runway shall always be read back.",authoritative_requirement,shall,rule,promote,supported,true,,true,true,needs_bundle,high,false,accepted,pass,pass,0,pass,pass,false,qwen3.6:35b-a3b,qwen3.6:35b-a3b,qwen2.5-coder:32b,qwen3.6:35b-a3b,qwen3.6:35b-a3b,qwen3.6:35b-a3b,24576,3,3,ollama-first-2026-04-28,25de32675884cb3976f22fb28206209e8e72a1db3a6e556bb46490935002b66c,unknown,unknown,unknown,unknown,unknown,unknown,curator,curate_2026-04-29T09-07-27Z,gpt-5.5,promote,high,"The source quotes include both the operative parent wording, “The following items shall always be read back,” and the specific runway-clearance list item, so the mandatory claim is supported as a standalone atomic requirement. The pending rationale appears to be a bundle-gate artefact, and the content is not already covered by the accepted sibling candidates.",,curation/curate_2026-04-29T09-07-27Z/h01-extracted::acknowledgement_3_8_1::1ba408f68e9b501d.json
curate_2026-04-29T09-07-27Z,2026-04-29T09:09:29Z,h01-extracted,acknowledgement_3_8_1,h01_readback_family,h01_readback_family,h01-extracted::acknowledgement_3_8_1::6281074482768bcc,acknowledge_non_readback_info,955e2067d2b6b21ef1b1dc8e915746d00df4f77d3e9e482621bb4f66bef5f157,"If both instructions subject to read-back and other information – such as weather reports – are received in the same message, the information should be acknowledged with the words such as WEATHER RECEIVED after the instruction has been read",operational_guidance,should,phraseology_rule,advisory_only,supported,false,,true,false,advisory_only,high,false,accepted,pass,pass,0,pass,pass,false,qwen3.6:35b-a3b,qwen3.6:35b-a3b,qwen2.5-coder:32b,qwen3.6:35b-a3b,qwen3.6:35b-a3b,qwen3.6:35b-a3b,24576,3,3,ollama-first-2026-04-28,25de32675884cb3976f22fb28206209e8e72a1db3a6e556bb46490935002b66c,unknown,unknown,unknown,unknown,unknown,unknown,curator,curate_2026-04-29T09-07-27Z,gpt-5.5,promote,high,"The claim is verbatim supported by the source, the quote audit and schema/modality audits pass, and the statement is appropriately framed as should-level operational guidance rather than an authoritative requirement. It is not redundant with the accepted sibling candidates, which cover read-back obligations but not this specific acknowledgement phraseology for mixed read-back and informational messages.",,curation/curate_2026-04-29T09-07-27Z/h01-extracted::acknowledgement_3_8_1::6281074482768bcc.json
curate_2026-04-29T09-07-27Z,2026-04-29T09:09:40Z,h01-extracted,acknowledgement_3_8_1,h01_readback_family,h01_readback_family,h01-extracted::acknowledgement_3_8_1::647df1446645072b,crew_readback_safety_parts,3a423fb6e2165037af823b6224bdda2c933a485c8c562b5b8bbe95dbe0ca7629,The flight crew shall read back to the air traffic controller safety-related parts of ATC clearances and instructions which are transmitted by voice.,authoritative_requirement,shall,rule,promote,underspecified,false,,false,false,needs_bundle,high,false,pending,pass,pass,0,pass,pass,false,qwen3.6:35b-a3b,qwen3.6:35b-a3b,qwen2.5-coder:32b,qwen3.6:35b-a3b,qwen3.6:35b-a3b,qwen3.6:35b-a3b,24576,3,3,ollama-first-2026-04-28,25de32675884cb3976f22fb28206209e8e72a1db3a6e556bb46490935002b66c,unknown,unknown,unknown,unknown,unknown,unknown,curator,curate_2026-04-29T09-07-27Z,gpt-5.5,keep_pending,high,"The quoted sentence is verbatim and has shall-strength authority, but the operative scope depends on the immediately following list of items that define what must always be read back. Because that dependency is not fully bundled and one list item appears not to be represented among accepted siblings, resolving this requires bundling or re-extraction rather than a modality or authority correction.",,curation/curate_2026-04-29T09-07-27Z/h01-extracted::acknowledgement_3_8_1::647df1446645072b.json
curate_2026-04-29T09-07-27Z,2026-04-29T09:09:51Z,h01-extracted,acknowledgement_3_8_1,h01_readback_family,h01_readback_family,h01-extracted::acknowledgement_3_8_1::d19604b475643777,perm_station_readback,57584edffb27c9a5f75a01fc22a45fd180128787eb9ea4956e5ae463a91de50f,It is permissible for verification for the receiving station to read back the message as an additional acknowledgement of receipt.,operational_guidance,may,advisory_permission,advisory_only,supported,false,,true,false,advisory_only,high,false,accepted,pass,pass,0,pass,pass,false,qwen3.6:35b-a3b,qwen3.6:35b-a3b,qwen2.5-coder:32b,qwen3.6:35b-a3b,qwen3.6:35b-a3b,qwen3.6:35b-a3b,24576,3,3,ollama-first-2026-04-28,25de32675884cb3976f22fb28206209e8e72a1db3a6e556bb46490935002b66c,unknown,unknown,unknown,unknown,unknown,unknown,curator,curate_2026-04-29T09-07-27Z,gpt-5.5,promote_with_corrections,medium,"The quote is verbatim and supports the claim as a permissive/advisory operational provision, and it is not redundant with the accepted sibling atomic items. The only issue is classification: this is a permission/advisory item rather than a best-practice requirement.","{""requirementKind"": ""advisory_permission""}",curation/curate_2026-04-29T09-07-27Z/h01-extracted::acknowledgement_3_8_1::d19604b475643777.json
curate_2026-04-29T09-07-27Z,2026-04-29T09:10:03Z,h01-extracted,acknowledgement_3_8_1,h01_readback_family,h01_readback_family,h01-extracted::acknowledgement_3_8_1::fb4e915bd2eabca3,readback_operational_data,04fb573e1c8c8a469c6afa7e76b892adc4eafe61e5a518bcd288ea533afbb64d,"Runway-in-use, altimeter settings, SSR codes, newly assigned communication channels, level instructions, heading and speed instructions shall always be read back.",authoritative_requirement,shall,rule,promote,unsupported_by_source,false,,true,true,needs_bundle,high,false,accepted,pass,pass,0,pass,pass,false,qwen3.6:35b-a3b,qwen3.6:35b-a3b,qwen2.5-coder:32b,qwen3.6:35b-a3b,qwen3.6:35b-a3b,qwen3.6:35b-a3b,24576,3,3,ollama-first-2026-04-28,25de32675884cb3976f22fb28206209e8e72a1db3a6e556bb46490935002b66c,unknown,unknown,unknown,unknown,unknown,unknown,curator,curate_2026-04-29T09-07-27Z,gpt-5.5,promote,high,"The exact quotes are present and the parent clause supplies the mandatory 'shall always be read back' modality for the cited list item. This is an atomic list item not already covered by the accepted siblings, which cover items 1, 2, and 4, so rejection as a redundant umbrella is not appropriate.",,curation/curate_2026-04-29T09-07-27Z/h01-extracted::acknowledgement_3_8_1::fb4e915bd2eabca3.json
curate_2026-04-29T09-07-27Z,2026-04-29T09:10:12Z,h01-extracted,corrections_3_8_3,h01_corrections_family,h01_corrections_family,h01-extracted::corrections_3_8_3::16272622eb9270ac,req_specific_item_repeat,0ceb4a3d10ec422a0a7a30ddb8b1e62f0fc3b484c1afabfe72afa172c6d526ce,"Specific items should be requested, as appropriate, such as SAY AGAIN WIND.",operational_guidance,should,best_practice,advisory_only,supported,true,,true,false,advisory_only,high,false,accepted,pass,pass,0,pass,pass,false,qwen3.6:35b-a3b,qwen3.6:35b-a3b,qwen2.5-coder:32b,qwen3.6:35b-a3b,qwen3.6:35b-a3b,qwen3.6:35b-a3b,24576,3,3,ollama-first-2026-04-28,25de32675884cb3976f22fb28206209e8e72a1db3a6e556bb46490935002b66c,unknown,unknown,unknown,unknown,unknown,unknown,curator,curate_2026-04-29T09-07-27Z,gpt-5.5,promote,high,"The exact source quote is present and uses 'should', supporting the candidate's advisory operational-guidance framing. The item is atomic and not redundant with the accepted sibling candidates, which cover separate shall-strength correction/repetition phrases.",,curation/curate_2026-04-29T09-07-27Z/h01-extracted::corrections_3_8_3::16272622eb9270ac.json
curate_2026-04-29T09-07-27Z,2026-04-29T09:10:24Z,h01-extracted,corrections_3_8_3,h01_corrections_family,h01_corrections_family,h01-extracted::corrections_3_8_3::3da4e8a007c77a4a,req_difficult_reception,2a0ab64b0986e0a61b02438e11f8985dd6113a2da65c19caf45a103ef0eaedc7,"When a station transmitting a message considers that reception is likely to be difficult, it should transmit the important elements of the message twice using the words I SAY AGAIN.",operational_guidance,should,best_practice,advisory_only,supported,false,,true,false,advisory_only,high,false,accepted,pass,pass,0,pass,pass,false,qwen3.6:35b-a3b,qwen3.6:35b-a3b,qwen2.5-coder:32b,qwen3.6:35b-a3b,qwen3.6:35b-a3b,qwen3.6:35b-a3b,24576,3,3,ollama-first-2026-04-28,25de32675884cb3976f22fb28206209e8e72a1db3a6e556bb46490935002b66c,unknown,unknown,unknown,unknown,unknown,unknown,curator,curate_2026-04-29T09-07-27Z,gpt-5.5,promote,high,"The claim is supported verbatim by the source, uses the source’s “should” modality, and is correctly classified as operational guidance rather than an authoritative requirement. It is an atomic item not already covered by the accepted siblings; the judge’s advisory-only rationale does not identify an identity or schema defect.",,curation/curate_2026-04-29T09-07-27Z/h01-extracted::corrections_3_8_3::3da4e8a007c77a4a.json
curate_2026-04-29T09-07-27Z,2026-04-29T09:10:33Z,icao4444-extracted,aerodrome_traffic_7_6,icao4444_aerodrome_traffic_family,icao4444_aerodrome_traffic_family,icao4444-extracted::aerodrome_traffic_7_6::1ebd71be057d48f1,pos3_takeoff_clearance,ae85f648e7151bd6511041bc030904808220482a7543d143931d8285d6b899e1,"Take-off clearance shall be issued at Position 3, if not practicable at Position 2.",authoritative_requirement,shall,rule,promote,supported,true,,true,false,unsupported_by_source,high,false,rejected,pass,pass,0,pass,pass,false,qwen3.6:35b-a3b,qwen3.6:35b-a3b,qwen2.5-coder:32b,qwen3.6:35b-a3b,qwen3.6:35b-a3b,qwen3.6:35b-a3b,24576,3,3,ollama-first-2026-04-28,25de32675884cb3976f22fb28206209e8e72a1db3a6e556bb46490935002b66c,unknown,unknown,unknown,unknown,unknown,unknown,curator,curate_2026-04-29T09-07-27Z,gpt-5.5,reject,high,"The verbatim source says “Take-off clearance is issued here” within a descriptive list of positions where aircraft normally receive clearances; it does not support the claimText’s mandatory “shall be issued” wording. Because claimText is an identity field and would need re-extraction to remove the unsupported shall-strength obligation, this cannot be fixed by corrections.",,curation/curate_2026-04-29T09-07-27Z/icao4444-extracted::aerodrome_traffic_7_6::1ebd71be057d48f1.json
curate_2026-04-29T09-07-27Z,2026-04-29T09:10:47Z,icao4444-extracted,aerodrome_traffic_7_6,icao4444_aerodrome_traffic_family,icao4444_aerodrome_traffic_family,icao4444-extracted::aerodrome_traffic_7_6::507aa6792fc2544f,pos2_hold_and_runup,cbae1233d612158e80c421da9e687acd6ba7e6c16ea7565b235c22872ea03892,"At Position 2, if there is conflicting traffic, the departing aircraft will be held at this position. Engine run-up will, when required, normally be performed here.",operational_guidance,none,rule,promote,supported,true,,true,false,needs_human_review,medium,false,accepted,pass,pass,0,pass,pass,false,qwen3.6:35b-a3b,qwen3.6:35b-a3b,qwen2.5-coder:32b,qwen3.6:35b-a3b,qwen3.6:35b-a3b,qwen3.6:35b-a3b,24576,3,3,ollama-first-2026-04-28,25de32675884cb3976f22fb28206209e8e72a1db3a6e556bb46490935002b66c,unknown,unknown,unknown,unknown,unknown,unknown,curator,curate_2026-04-29T09-07-27Z,gpt-5.5,promote_with_corrections,high,"The quoted Position 2 text exists verbatim and supports the claim text, but it uses “will” and “normally,” not shall/must wording. The correct fix is to downgrade the modality from shall to none and lower the authority class from authoritative_requirement to operational_guidance rather than treating it as a binding requirement.","{""authorityClass"": ""operational_guidance"", ""modality"": ""none""}",curation/curate_2026-04-29T09-07-27Z/icao4444-extracted::aerodrome_traffic_7_6::507aa6792fc2544f.json
curate_2026-04-29T09-07-27Z,2026-04-29T09:10:59Z,icao4444-extracted,aerodrome_traffic_7_6,icao4444_aerodrome_traffic_family,icao4444_aerodrome_traffic_family,icao4444-extracted::aerodrome_traffic_7_6::a1788a24ccd1e00d,7.6.3.1.1.3_standard_routes,bd3c6afb317987d11718fe3597756c3b019eb9af7c79ec8a2f9b5a2e6d28bd50,The appropriate ATS authority should whenever practicable publish in the national AIP standard taxi routes to be used at an aerodrome. Standard taxi routes should be identified by appropriate designators and should be used in taxi clearance,best_practice,should,best_practice,advisory_only,supported,false,,true,false,advisory_only,high,false,accepted,pass,pass,0,pass,pass,false,qwen3.6:35b-a3b,qwen3.6:35b-a3b,qwen2.5-coder:32b,qwen3.6:35b-a3b,qwen3.6:35b-a3b,qwen3.6:35b-a3b,24576,3,3,ollama-first-2026-04-28,25de32675884cb3976f22fb28206209e8e72a1db3a6e556bb46490935002b66c,unknown,unknown,unknown,unknown,unknown,unknown,curator,curate_2026-04-29T09-07-27Z,gpt-5.5,promote,high,"The claim is a verbatim match to the source, uses the correct 'should' modality, and is appropriately classified as non-authoritative best-practice guidance. It is not redundant with the accepted siblings, which cover adjacent taxi-clearance provisions rather than publication and use of standard taxi routes.",,curation/curate_2026-04-29T09-07-27Z/icao4444-extracted::aerodrome_traffic_7_6::a1788a24ccd1e00d.json
curate_2026-04-29T09-07-27Z,2026-04-29T09:11:07Z,icao4444-extracted,aerodrome_traffic_7_6,icao4444_aerodrome_traffic_family,icao4444_aerodrome_traffic_family,icao4444-extracted::aerodrome_traffic_7_6::e2996520d363cc72,pos5_apron_clearance,53bfbf3ab306bcb6287ba72b922b33e7e4f31ef5285634172029cf7d24526574,Clearance to taxi to apron shall be issued at Position 5.,authoritative_requirement,shall,rule,promote,supported,true,,true,false,unsupported_by_source,high,false,rejected,pass,pass,0,pass,pass,false,qwen3.6:35b-a3b,qwen3.6:35b-a3b,qwen2.5-coder:32b,qwen3.6:35b-a3b,qwen3.6:35b-a3b,qwen3.6:35b-a3b,24576,3,3,ollama-first-2026-04-28,25de32675884cb3976f22fb28206209e8e72a1db3a6e556bb46490935002b66c,unknown,unknown,unknown,unknown,unknown,unknown,curator,curate_2026-04-29T09-07-27Z,gpt-5.5,reject,high,"The exact quote is present, but it states descriptively that clearance to taxi to apron “is issued here” and does not support the claim’s mandatory “shall be issued” wording. Because the unsupported obligation is embedded in the immutable claimText, this cannot be fixed by metadata corrections alone.",,curation/curate_2026-04-29T09-07-27Z/icao4444-extracted::aerodrome_traffic_7_6::e2996520d363cc72.json
curate_2026-04-29T09-07-27Z,2026-04-29T09:11:46Z,icao4444-extracted,aerodrome_traffic_7_6,icao4444_aerodrome_traffic_family,icao4444_aerodrome_traffic_family,icao4444-extracted::aerodrome_traffic_7_6::ececad1d988ba39d,note1_instrument_approach,a6b14d5572ed2af3267426c4a4f9fe7cb7e015a3c9a535efb6c33810fa64a59d,Arriving aircraft executing an instrument approach procedure will normally enter the traffic circuit on final except when visual manoeuvring to the landing runway is required.,background_support,note,definition,support_only,supported,false,,true,false,advisory_only,high,false,accepted,pass,pass,0,pass,pass,false,qwen3.6:35b-a3b,qwen3.6:35b-a3b,qwen2.5-coder:32b,qwen3.6:35b-a3b,qwen3.6:35b-a3b,qwen3.6:35b-a3b,24576,3,3,ollama-first-2026-04-28,25de32675884cb3976f22fb28206209e8e72a1db3a6e556bb46490935002b66c,unknown,unknown,unknown,unknown,unknown,unknown,curator,curate_2026-04-29T09-07-27Z,gpt-5.5,promote,high,"The quote exists verbatim in the source, the claim accurately reflects the note, and the note/background_support classification is floor-consistent. It is non-normative background material, but it is self-contained and not redundant with the accepted sibling candidates.",,curation/curate_2026-04-29T09-07-27Z/icao4444-extracted::aerodrome_traffic_7_6::ececad1d988ba39d.json
curate_2026-04-29T09-07-27Z,2026-04-29T09:11:57Z,icao4444-extracted,aerodrome_traffic_7_6,icao4444_aerodrome_traffic_family,icao4444_aerodrome_traffic_family,icao4444-extracted::aerodrome_traffic_7_6::f11471c05d5603f6,pos4_landing_clearance,cf58c3aab71ebf3bdbc043003cf0b59c9045b705c4e53b9ea2b318d7b629414f,Clearance to land shall be issued at Position 4 as practicable.,authoritative_requirement,shall,rule,promote,supported,true,,true,false,needs_bundle,high,false,rejected,pass,pass,0,pass,pass,false,qwen3.6:35b-a3b,qwen3.6:35b-a3b,qwen2.5-coder:32b,qwen3.6:35b-a3b,qwen3.6:35b-a3b,qwen3.6:35b-a3b,24576,3,3,ollama-first-2026-04-28,25de32675884cb3976f22fb28206209e8e72a1db3a6e556bb46490935002b66c,unknown,unknown,unknown,unknown,unknown,unknown,curator,curate_2026-04-29T09-07-27Z,gpt-5.5,reject,high,"The quote exists verbatim, but it uses descriptive language (“is issued”) rather than a shall-strength obligation. Because the claimText itself asserts “shall be issued,” correcting only modality/authority would leave an unsupported normative claim, and identity fields cannot be edited in this pass.",,curation/curate_2026-04-29T09-07-27Z/icao4444-extracted::aerodrome_traffic_7_6::f11471c05d5603f6.json
curate_2026-04-29T09-07-27Z,2026-04-29T09:12:04Z,icao4444-extracted,arriving_aircraft_7_10,icao4444_arriving_aircraft_family,icao4444_arriving_aircraft_family,icao4444-extracted::arriving_aircraft_7_10::0b374c5d204b8a16,7.10.3.1c_vacate_specified,85c5e8ab3ec2a7116be29ad78247fc6d25fc671b41c2f53f01638abd5fb2d226,A landing aircraft may be requested to vacate the runway at a specified exit taxiway.,operational_guidance,may,rule,promote,authority_too_high,false,,true,false,needs_human_review,medium,false,accepted,pass,pass,0,pass,pass,false,qwen3.6:35b-a3b,qwen3.6:35b-a3b,qwen2.5-coder:32b,qwen3.6:35b-a3b,qwen3.6:35b-a3b,qwen3.6:35b-a3b,24576,3,3,ollama-first-2026-04-28,25de32675884cb3976f22fb28206209e8e72a1db3a6e556bb46490935002b66c,unknown,unknown,unknown,unknown,unknown,unknown,curator,curate_2026-04-29T09-07-27Z,gpt-5.5,promote_with_corrections,high,"The quoted list item is verbatim and, with its parent clause in the source window, supports the claim that a landing aircraft may be requested to vacate at a specified exit taxiway. The only defect is the G3 mismatch: a permissive “may” clause cannot be classified as an authoritative_requirement under the authority floor table, so the authorityClass should be lowered.","{""authorityClass"": ""operational_guidance""}",curation/curate_2026-04-29T09-07-27Z/icao4444-extracted::arriving_aircraft_7_10::0b374c5d204b8a16.json
curate_2026-04-29T09-07-27Z,2026-04-29T09:12:10Z,icao4444-extracted,arriving_aircraft_7_10,icao4444_arriving_aircraft_family,icao4444_arriving_aircraft_family,icao4444-extracted::arriving_aircraft_7_10::3ef87813f8f2b01d,7.10.3.1b_land_beyond,a8ea7d3c60976dc6d81063f39d18091f021b24d576c8b5ab19bb166ba1a80394,A landing aircraft may be requested to land beyond the touchdown zone of the runway.,operational_guidance,may,rule,promote,authority_too_high,false,,true,false,accepted,high,false,accepted,pass,pass,0,pass,pass,false,qwen3.6:35b-a3b,qwen3.6:35b-a3b,qwen2.5-coder:32b,qwen3.6:35b-a3b,qwen3.6:35b-a3b,qwen3.6:35b-a3b,24576,3,3,ollama-first-2026-04-28,25de32675884cb3976f22fb28206209e8e72a1db3a6e556bb46490935002b66c,unknown,unknown,unknown,unknown,unknown,unknown,curator,curate_2026-04-29T09-07-27Z,gpt-5.5,promote_with_corrections,high,"The quoted source text is verbatim and supports the claim as a permissive 'may' request. The only defect is the G3 authority-floor mismatch: a 'may' modality cannot remain classified as an authoritative_requirement, so the authorityClass should be lowered to operational_guidance.","{""authorityClass"": ""operational_guidance""}",curation/curate_2026-04-29T09-07-27Z/icao4444-extracted::arriving_aircraft_7_10::3ef87813f8f2b01d.json
curate_2026-04-29T09-07-27Z,2026-04-29T09:12:18Z,icao4444-extracted,arriving_aircraft_7_10,icao4444_arriving_aircraft_family,icao4444_arriving_aircraft_family,icao4444-extracted::arriving_aircraft_7_10::4aa25a6dde894229,7.10.3.1d_expedit_vacate,901b55961ec5e388402900c06b9ec2eefe3b11216d151d65386d61181867869f,A landing aircraft may be requested to expedite vacating the runway.,operational_guidance,may,rule,promote,authority_too_high,false,,true,false,accepted,high,false,accepted,pass,pass,0,pass,pass,false,qwen3.6:35b-a3b,qwen3.6:35b-a3b,qwen2.5-coder:32b,qwen3.6:35b-a3b,qwen3.6:35b-a3b,qwen3.6:35b-a3b,24576,3,3,ollama-first-2026-04-28,25de32675884cb3976f22fb28206209e8e72a1db3a6e556bb46490935002b66c,unknown,unknown,unknown,unknown,unknown,unknown,curator,curate_2026-04-29T09-07-27Z,gpt-5.5,promote_with_corrections,high,"The quote is verbatim and the claim is supported by 7.10.3.1(d), but the source uses permissive 'may be requested' language rather than a shall-strength obligation. Under the authority floor rule, a may-modality item cannot remain an authoritative_requirement and should be lowered to operational_guidance, consistent with accepted sibling items from the same list.","{""authorityClass"": ""operational_guidance""}",curation/curate_2026-04-29T09-07-27Z/icao4444-extracted::arriving_aircraft_7_10::4aa25a6dde894229.json
curate_2026-04-29T09-07-27Z,2026-04-29T09:12:26Z,icao4444-extracted,arriving_aircraft_7_10,icao4444_arriving_aircraft_family,icao4444_arriving_aircraft_family,icao4444-extracted::arriving_aircraft_7_10::aa0f73d586f3e111,7.10.3.1a_hold_short,93bb906001c13b8df64419978703fa32ed84af368efc54e4d929cbda489777f9,A landing aircraft may be requested to hold short of an intersecting runway after landing.,operational_guidance,may,rule,promote,authority_too_high,false,,true,false,accepted,high,false,accepted,pass,pass,0,pass,pass,false,qwen3.6:35b-a3b,qwen3.6:35b-a3b,qwen2.5-coder:32b,qwen3.6:35b-a3b,qwen3.6:35b-a3b,qwen3.6:35b-a3b,24576,3,3,ollama-first-2026-04-28,25de32675884cb3976f22fb28206209e8e72a1db3a6e556bb46490935002b66c,unknown,unknown,unknown,unknown,unknown,unknown,curator,curate_2026-04-29T09-07-27Z,gpt-5.5,promote_with_corrections,high,"The claim is supported by the cited source text and the quote audit passed. The only defect is the G3 mismatch: the source uses “may be requested,” so the candidate’s modality remains “may” but its authorityClass must be lowered from authoritative_requirement to operational_guidance.","{""authorityClass"": ""operational_guidance""}",curation/curate_2026-04-29T09-07-27Z/icao4444-extracted::arriving_aircraft_7_10::aa0f73d586f3e111.json
curate_2026-04-29T09-07-27Z,2026-04-29T09:12:41Z,icao4444-extracted,arriving_aircraft_7_10,icao4444_arriving_aircraft_family,icao4444_arriving_aircraft_family,icao4444-extracted::arriving_aircraft_7_10::b69123447be6f6b8,7.10.1_note3,d67094b00902ce3322935fadc3d16c2e7cef6d76120925556ccb4a31ceccac42,See 7.6.3.1.2.2.,background_support,note,definition,support_only,supported,false,,true,false,advisory_only,high,false,rejected,pass,pass,0,pass,pass,false,qwen3.6:35b-a3b,qwen3.6:35b-a3b,qwen2.5-coder:32b,qwen3.6:35b-a3b,qwen3.6:35b-a3b,qwen3.6:35b-a3b,24576,3,3,ollama-first-2026-04-28,25de32675884cb3976f22fb28206209e8e72a1db3a6e556bb46490935002b66c,unknown,unknown,unknown,unknown,unknown,unknown,curator,curate_2026-04-29T09-07-27Z,gpt-5.5,reject,high,"The quote is verbatim and correctly classified as a non-normative note, but the unit is only a bare cross-reference (“See 7.6.3.1.2.2.”) with no standalone regulatory content to curate as an accepted candidate. The judge’s advisory-only rationale is therefore appropriate and no modality/authority correction would make it promotable.",,curation/curate_2026-04-29T09-07-27Z/icao4444-extracted::arriving_aircraft_7_10::b69123447be6f6b8.json
curate_2026-04-29T09-07-27Z,2026-04-29T09:12:55Z,icao4444-extracted,arriving_aircraft_7_10,icao4444_arriving_aircraft_family,icao4444_arriving_aircraft_family,icao4444-extracted::arriving_aircraft_7_10::b74da3c290fac10d,7.10.1_note2,9c3733f5afb7bd51a2afc832d5b4a0ef4b82a738dd3250d767055d4cc2e3af0d,"Wake turbulence categories of aircraft and longitudinal separation minima are contained in Chapter 4, Section 4.9 and Chapter 5, Section 5.8, respectively.",background_support,note,definition,support_only,supported,false,,true,false,advisory_only,high,false,accepted,pass,pass,0,pass,pass,false,qwen3.6:35b-a3b,qwen3.6:35b-a3b,qwen2.5-coder:32b,qwen3.6:35b-a3b,qwen3.6:35b-a3b,qwen3.6:35b-a3b,24576,3,3,ollama-first-2026-04-28,25de32675884cb3976f22fb28206209e8e72a1db3a6e556bb46490935002b66c,unknown,unknown,unknown,unknown,unknown,unknown,curator,curate_2026-04-29T09-07-27Z,gpt-5.5,promote,high,"The candidate is verbatim-supported, structurally complete, and correctly classified as a non-normative note with background_support authority. It is not redundant with the accepted sibling requirements, which cover operational landing rules rather than this cross-reference note.",,curation/curate_2026-04-29T09-07-27Z/icao4444-extracted::arriving_aircraft_7_10::b74da3c290fac10d.json
curate_2026-04-29T09-07-27Z,2026-04-29T09:13:07Z,icao4444-extracted,arriving_aircraft_7_10,icao4444_arriving_aircraft_family,icao4444_arriving_aircraft_family,icao4444-extracted::arriving_aircraft_7_10::dcc6bc5c93d748ec,7.10.1_note1,22e332604ba5575ca726bddee05819e13597cfc1cc40f7b6b0804b74c3abe6d3,See Figure 7-2.,background_support,note,definition,support_only,supported,false,,true,false,advisory_only,high,false,accepted,pass,pass,0,pass,pass,false,qwen3.6:35b-a3b,qwen3.6:35b-a3b,qwen2.5-coder:32b,qwen3.6:35b-a3b,qwen3.6:35b-a3b,qwen3.6:35b-a3b,24576,3,3,ollama-first-2026-04-28,25de32675884cb3976f22fb28206209e8e72a1db3a6e556bb46490935002b66c,unknown,unknown,unknown,unknown,unknown,unknown,curator,curate_2026-04-29T09-07-27Z,gpt-5.5,promote,high,"The quote is verbatim, the schema and authority/modality audits pass, and the candidate is a standalone source-grounded note classified as note/background_support. It is not redundant with accepted siblings, and an analogous note in the same section has already been accepted.",,curation/curate_2026-04-29T09-07-27Z/icao4444-extracted::arriving_aircraft_7_10::dcc6bc5c93d748ec.json
curate_2026-04-29T09-07-27Z,2026-04-29T09:13:20Z,icao4444-extracted,departing_aircraft_7_9,icao4444_departing_aircraft_family,icao4444_departing_aircraft_family,icao4444-extracted::departing_aircraft_7_9::27fd0e98338894f5,dep_seq_factor_routes,6ec4bfa6cb83466c981ad9281b2ba5787d555228dffedec71ac8f5258a68a400,Factors to be considered in relation to the departure sequence include the routes to be followed after take-off.,authoritative_requirement,should,rule,promote,authority_too_high,false,,true,false,accepted,high,false,rejected,fail,fail,1,pass,fail,false,qwen3.6:35b-a3b,qwen3.6:35b-a3b,qwen2.5-coder:32b,qwen3.6:35b-a3b,qwen3.6:35b-a3b,qwen3.6:35b-a3b,24576,3,3,ollama-first-2026-04-28,25de32675884cb3976f22fb28206209e8e72a1db3a6e556bb46490935002b66c,unknown,unknown,unknown,unknown,unknown,unknown,curator,curate_2026-04-29T09-07-27Z,gpt-5.5,reject,high,"The cited quote is not present verbatim in the source: it splices the parent clause directly to item b while omitting intervening item a, so the identity-field quote would require re-extraction. Although the modality should also not support an authoritative_requirement class, that cannot cure the G1 verbatim failure.",,curation/curate_2026-04-29T09-07-27Z/icao4444-extracted::departing_aircraft_7_9::27fd0e98338894f5.json
curate_2026-04-29T09-07-27Z,2026-04-29T09:13:27Z,icao4444-extracted,departing_aircraft_7_9,icao4444_departing_aircraft_family,icao4444_departing_aircraft_family,icao4444-extracted::departing_aircraft_7_9::3dfc260faca27280,dep_seq_factor_performance,73c0577a1c471f9fa942637630af767881796177ba03b17686e3cf9c2d878d44,Factors to be considered in relation to the departure sequence include the types of aircraft and their relative performance.,operational_guidance,should,rule,promote,authority_too_high,false,,true,false,accepted,high,false,accepted,pass,pass,0,pass,pass,false,qwen3.6:35b-a3b,qwen3.6:35b-a3b,qwen2.5-coder:32b,qwen3.6:35b-a3b,qwen3.6:35b-a3b,qwen3.6:35b-a3b,24576,3,3,ollama-first-2026-04-28,25de32675884cb3976f22fb28206209e8e72a1db3a6e556bb46490935002b66c,unknown,unknown,unknown,unknown,unknown,unknown,curator,curate_2026-04-29T09-07-27Z,gpt-5.5,promote_with_corrections,high,"The quote is present and supports the claim, and the source uses the operative modality “should” for this listed departure-sequence factor. The only defect is the G3 floor violation: a “should” provision cannot remain an authoritative_requirement, so the authorityClass should be lowered one rung.","{""authorityClass"": ""operational_guidance""}",curation/curate_2026-04-29T09-07-27Z/icao4444-extracted::departing_aircraft_7_9::3dfc260faca27280.json
curate_2026-04-29T09-07-27Z,2026-04-29T09:13:36Z,icao4444-extracted,departing_aircraft_7_9,icao4444_departing_aircraft_family,icao4444_departing_aircraft_family,icao4444-extracted::departing_aircraft_7_9::46d1184ac596443f,dep_seq_factor_intervals,5df89389a3603cf7971a47abcce42b86b45dcf347f4ce482ee5806d7c6b3e9dd,Factors to be considered in relation to the departure sequence include any specified minimum departure interval between take-offs.,authoritative_requirement,should,rule,promote,authority_too_high,false,,true,false,accepted,high,false,rejected,fail,fail,1,pass,fail,false,qwen3.6:35b-a3b,qwen3.6:35b-a3b,qwen2.5-coder:32b,qwen3.6:35b-a3b,qwen3.6:35b-a3b,qwen3.6:35b-a3b,24576,3,3,ollama-first-2026-04-28,25de32675884cb3976f22fb28206209e8e72a1db3a6e556bb46490935002b66c,unknown,unknown,unknown,unknown,unknown,unknown,curator,curate_2026-04-29T09-07-27Z,gpt-5.5,reject,high,"The claim is substantively supported by the source, but the exactSourceQuote is not a verbatim contiguous quote: it skips intervening list items between the parent clause and item c. Because exactSourceQuotes are identity fields and cannot be corrected in this pass, the record must be rejected rather than promoted with authority-class corrections.",,curation/curate_2026-04-29T09-07-27Z/icao4444-extracted::departing_aircraft_7_9::46d1184ac596443f.json
curate_2026-04-29T09-07-27Z,2026-04-29T09:13:42Z,icao4444-extracted,departing_aircraft_7_9,icao4444_departing_aircraft_family,icao4444_departing_aircraft_family,icao4444-extracted::departing_aircraft_7_9::770b652d9783ff76,dep_clearance_separation_assurance,da864de42fa347e2c7ea0c916e490cf62d2f3e73c376954387643a99f65f6d3e,"Take-off clearance may be issued to an aircraft when there is reasonable assurance that the separation in 7.9.2, or prescribed in accordance with 7.11, will exist when the aircraft commences take-off.",operational_guidance,may,rule,promote,authority_too_high,false,,true,false,accepted,high,false,accepted,pass,pass,0,pass,pass,false,qwen3.6:35b-a3b,qwen3.6:35b-a3b,qwen2.5-coder:32b,qwen3.6:35b-a3b,qwen3.6:35b-a3b,qwen3.6:35b-a3b,24576,3,3,ollama-first-2026-04-28,25de32675884cb3976f22fb28206209e8e72a1db3a6e556bb46490935002b66c,unknown,unknown,unknown,unknown,unknown,unknown,curator,curate_2026-04-29T09-07-27Z,gpt-5.5,promote_with_corrections,high,"The claim text is verbatim supported by the source and the modality is correctly captured as permissive ""may"". Under the authority floor rules, a ""may"" statement cannot remain classified as an authoritative_requirement, so the authorityClass should be lowered.","{""authorityClass"": ""operational_guidance""}",curation/curate_2026-04-29T09-07-27Z/icao4444-extracted::departing_aircraft_7_9::770b652d9783ff76.json
curate_2026-04-29T09-07-27Z,2026-04-29T09:13:49Z,icao4444-extracted,departing_aircraft_7_9,icao4444_departing_aircraft_family,icao4444_departing_aircraft_family,icao4444-extracted::departing_aircraft_7_9::93557a25ed477e39,dep_seq_factor_priority,6897909a837439feab2679eda325d30937a61001c86895665406e9d6c9c77432,Factors to be considered in relation to the departure sequence include aircraft which should be afforded priority.,authoritative_requirement,should,rule,promote,authority_too_high,false,,true,false,accepted,high,false,rejected,fail,fail,1,pass,fail,false,qwen3.6:35b-a3b,qwen3.6:35b-a3b,qwen2.5-coder:32b,qwen3.6:35b-a3b,qwen3.6:35b-a3b,qwen3.6:35b-a3b,24576,3,3,ollama-first-2026-04-28,25de32675884cb3976f22fb28206209e8e72a1db3a6e556bb46490935002b66c,unknown,unknown,unknown,unknown,unknown,unknown,curator,curate_2026-04-29T09-07-27Z,gpt-5.5,reject,high,"The exactSourceQuote is not a verbatim source quote: it concatenates the parent list introduction directly with item e while omitting intervening list items a–d. Because claimText and exactSourceQuotes are identity fields and cannot be corrected in this pass, the real G1 failure requires rejection despite the underlying concept being supported.",,curation/curate_2026-04-29T09-07-27Z/icao4444-extracted::departing_aircraft_7_9::93557a25ed477e39.json
curate_2026-04-29T09-07-27Z,2026-04-29T09:13:54Z,icao4444-extracted,departing_aircraft_7_9,icao4444_departing_aircraft_family,icao4444_departing_aircraft_family,icao4444-extracted::departing_aircraft_7_9::9d3985c4744b363b,dep_clearance_immediate_issuance,6be34384f267cbaee76bf1f6b880495a331cea0486e11bf443525c3839217d59,"In the interest of expediting traffic, a clearance for immediate take-off may be issued to an aircraft before it enters the runway.",operational_guidance,may,rule,promote,authority_too_high,false,,true,false,accepted,high,false,accepted,pass,pass,0,pass,pass,false,qwen3.6:35b-a3b,qwen3.6:35b-a3b,qwen2.5-coder:32b,qwen3.6:35b-a3b,qwen3.6:35b-a3b,qwen3.6:35b-a3b,24576,3,3,ollama-first-2026-04-28,25de32675884cb3976f22fb28206209e8e72a1db3a6e556bb46490935002b66c,unknown,unknown,unknown,unknown,unknown,unknown,curator,curate_2026-04-29T09-07-27Z,gpt-5.5,promote_with_corrections,high,"The quote is verbatim and the claim is supported by the source, but the operative wording is permissive (“may be issued”). Under the authority floor rule, a `may` modality cannot carry `authoritative_requirement`, so the authority class should be lowered rather than changing the modality.","{""authorityClass"": ""operational_guidance""}",curation/curate_2026-04-29T09-07-27Z/icao4444-extracted::departing_aircraft_7_9::9d3985c4744b363b.json
curate_2026-04-29T09-07-27Z,2026-04-29T09:14:17Z,icao4444-extracted,departing_aircraft_7_9,icao4444_departing_aircraft_family,icao4444_departing_aircraft_family,icao4444-extracted::departing_aircraft_7_9::abacaff9ac399930,dep_sep_landing_clear,905e12399ce9534254ce63fc9be706158f377f6f3a0db6416216f9492d311493,A departing aircraft will not normally be permitted to commence take-off until all preceding landing aircraft are clear of the runway-in-use.,authoritative_requirement,shall,rule,promote,supported,true,,true,false,needs_split,high,false,accepted,pass,pass,0,pass,pass,false,qwen3.6:35b-a3b,qwen3.6:35b-a3b,qwen2.5-coder:32b,qwen3.6:35b-a3b,qwen3.6:35b-a3b,qwen3.6:35b-a3b,24576,3,3,ollama-first-2026-04-28,25de32675884cb3976f22fb28206209e8e72a1db3a6e556bb46490935002b66c,unknown,unknown,unknown,unknown,unknown,unknown,curator,curate_2026-04-29T09-07-27Z,gpt-5.5,promote,high,"The quoted text exists verbatim and the claim is supported as the landing-aircraft branch of the 7.9.2 separation rule. The sibling set already contains the corresponding preceding-departing-aircraft branch, so the judge’s split concern is satisfied by atomic extraction rather than being a reason to reject this complementary item.",,curation/curate_2026-04-29T09-07-27Z/icao4444-extracted::departing_aircraft_7_9::abacaff9ac399930.json
curate_2026-04-29T09-07-27Z,2026-04-29T09:14:24Z,icao4444-extracted,departing_aircraft_7_9,icao4444_departing_aircraft_family,icao4444_departing_aircraft_family,icao4444-extracted::departing_aircraft_7_9::bb99385ae4614b5c,dep_seq_deviation_purpose,f444b4fbce26b3394d6d97da5480dab0be390f2008b744a8870060c5e150a2e7,Deviations from the normal departure sequence order may be made to facilitate the maximum number of departures with the least average delay.,operational_guidance,may,rule,promote,authority_too_high,false,,true,false,accepted,high,false,accepted,pass,pass,0,pass,pass,false,qwen3.6:35b-a3b,qwen3.6:35b-a3b,qwen2.5-coder:32b,qwen3.6:35b-a3b,qwen3.6:35b-a3b,qwen3.6:35b-a3b,24576,3,3,ollama-first-2026-04-28,25de32675884cb3976f22fb28206209e8e72a1db3a6e556bb46490935002b66c,unknown,unknown,unknown,unknown,unknown,unknown,curator,curate_2026-04-29T09-07-27Z,gpt-5.5,promote_with_corrections,high,"The claim and verbatim quote are supported by the source, and the operative wording for this candidate is permissive: “deviations may be made.” Under the authority floor rules, a may-modality item cannot remain classified as an authoritative_requirement, so the authority class should be lowered.","{""authorityClass"": ""operational_guidance""}",curation/curate_2026-04-29T09-07-27Z/icao4444-extracted::departing_aircraft_7_9::bb99385ae4614b5c.json
curate_2026-04-29T09-07-27Z,2026-04-29T09:14:31Z,icao4444-extracted,departing_aircraft_7_9,icao4444_departing_aircraft_family,icao4444_departing_aircraft_family,icao4444-extracted::departing_aircraft_7_9::e4d4a6ac36168dc6,dep_seq_factor_wake,7ac8dea7dea3ff61d89e8e2af41fc97f0f650a2a3e8bcbd483cea70922fcb295,Factors to be considered in relation to the departure sequence include the need to apply wake turbulence separation minima.,authoritative_requirement,should,rule,promote,authority_too_high,false,,true,false,accepted,high,false,rejected,fail,fail,1,pass,fail,false,qwen3.6:35b-a3b,qwen3.6:35b-a3b,qwen2.5-coder:32b,qwen3.6:35b-a3b,qwen3.6:35b-a3b,qwen3.6:35b-a3b,24576,3,3,ollama-first-2026-04-28,25de32675884cb3976f22fb28206209e8e72a1db3a6e556bb46490935002b66c,unknown,unknown,unknown,unknown,unknown,unknown,curator,curate_2026-04-29T09-07-27Z,gpt-5.5,reject,high,"The cited exactSourceQuote is not present verbatim in the source window: it collapses the parent clause directly into item d while intervening list items and line breaks occur in the actual text. Because the quote identity field is invalid, this cannot be fixed by modality or authority corrections in this pass.",,curation/curate_2026-04-29T09-07-27Z/icao4444-extracted::departing_aircraft_7_9::e4d4a6ac36168dc6.json
curate_2026-04-29T09-07-27Z,2026-04-29T09:14:40Z,icao4444-extracted,readback_4_5_7_5,icao4444_readback_family,icao4444_readback_family,icao4444-extracted::readback_4_5_7_5::1cc502e99b33ace6,req_flight_crew_voice_readback,3a423fb6e2165037af823b6224bdda2c933a485c8c562b5b8bbe95dbe0ca7629,The flight crew shall read back to the air traffic controller safety-related parts of ATC clearances and instructions which are transmitted by voice.,authoritative_requirement,shall,rule,promote,underspecified,false,,false,false,needs_bundle,high,false,rejected,pass,pass,0,pass,pass,false,qwen3.6:35b-a3b,qwen3.6:35b-a3b,qwen2.5-coder:32b,qwen3.6:35b-a3b,qwen3.6:35b-a3b,qwen3.6:35b-a3b,24576,3,3,ollama-first-2026-04-28,25de32675884cb3976f22fb28206209e8e72a1db3a6e556bb46490935002b66c,unknown,unknown,unknown,unknown,unknown,unknown,curator,curate_2026-04-29T09-07-27Z,gpt-5.5,reject,high,"Although the quoted parent sentence is verbatim and has shall-strength authority, its operative scope is defined by the immediately following listed items. Those atomic obligations are already present in siblingAccepted, so this candidate functions as a redundant umbrella and should not be promoted separately.",,curation/curate_2026-04-29T09-07-27Z/icao4444-extracted::readback_4_5_7_5::1cc502e99b33ace6.json
curate_2026-04-29T09-07-27Z,2026-04-29T09:14:52Z,icao4444-extracted,readback_4_5_7_5,icao4444_readback_family,icao4444_readback_family,icao4444-extracted::readback_4_5_7_5::5683bc5995947c9f,guidance_level_phraseology,7b3060b1f7a7754b66b6099380d7c4c74208eb9e9172d047dfa91e1a64f42fc5,"If the level of an aircraft is reported in relation to standard pressure 1 013.2 hPa, the words “FLIGHT LEVEL” precede the level figures. If the level of the aircraft is reported in relation to QNH/QFE, the figures are followed by the word ",operational_guidance,note,phraseology_rule,advisory_only,supported,false,,true,false,advisory_only,high,false,accepted,pass,pass,0,pass,pass,false,qwen3.6:35b-a3b,qwen3.6:35b-a3b,qwen2.5-coder:32b,qwen3.6:35b-a3b,qwen3.6:35b-a3b,qwen3.6:35b-a3b,24576,3,3,ollama-first-2026-04-28,25de32675884cb3976f22fb28206209e8e72a1db3a6e556bb46490935002b66c,unknown,unknown,unknown,unknown,unknown,unknown,curator,curate_2026-04-29T09-07-27Z,gpt-5.5,promote,high,"The source quote is verbatim, the schema and authority/modality audits pass, and the candidate correctly treats the material as a non-normative Note with operational-guidance authority. It is not redundant with the accepted sibling requirements because it covers separate level-reporting phraseology conventions.",,curation/curate_2026-04-29T09-07-27Z/icao4444-extracted::readback_4_5_7_5::5683bc5995947c9f.json
curate_2026-04-29T09-07-27Z,2026-04-29T09:15:03Z,icao4444-extracted,readback_4_5_7_5,icao4444_readback_family,icao4444_readback_family,icao4444-extracted::readback_4_5_7_5::80a171af98372544,support_cpdlc_reference,be0f1de0927ca97aa7d45dcf1b8df3ea555dfd022d2264ec1516fb69b1c656fa,"The procedures and provisions relating to the exchange and acknowledgement of CPDLC messages are contained in Annex 10, Volume II and the PANS-ATM, Chapter 14.",background_support,note,definition,support_only,supported,false,,true,false,advisory_only,high,false,pending,pass,pass,0,pass,pass,false,qwen3.6:35b-a3b,qwen3.6:35b-a3b,qwen2.5-coder:32b,qwen3.6:35b-a3b,qwen3.6:35b-a3b,qwen3.6:35b-a3b,24576,3,3,ollama-first-2026-04-28,25de32675884cb3976f22fb28206209e8e72a1db3a6e556bb46490935002b66c,unknown,unknown,unknown,unknown,unknown,unknown,curator,curate_2026-04-29T09-07-27Z,gpt-5.5,keep_pending,medium,"The quote is verbatim and the candidate is correctly framed as a non-normative note/background support, with no modality or authority correction needed. However, the judge explicitly returned advisory_only rather than accepted, so this does not meet the stated promotion condition; a human curator should decide whether support-only notes are intended to be retained as promotable background records in this dataset.",,curation/curate_2026-04-29T09-07-27Z/icao4444-extracted::readback_4_5_7_5::80a171af98372544.json
curate_2026-04-29T09-07-27Z,2026-04-29T09:15:09Z,icao4444-extracted,reduced_runway_7_11,icao4444_reduced_runway_family,icao4444_reduced_runway_family,icao4444-extracted::reduced_runway_7_11::66fc07893e930bcb,req_safety_assessment_prereq,1a1e8080d67fc3cbc994964e7e4f88af2b5b75d36f4b5bf26c0a8eaea81dc33f,"Lower runway separation minima may be prescribed by the appropriate ATS authority, after consultation with the operators, provided that an appropriate, documented safety assessment has shown that an acceptable level of safety can be met.",operational_guidance,may,rule,promote,supported,false,,true,false,accepted,high,false,accepted,pass,pass,0,pass,pass,false,qwen3.6:35b-a3b,qwen3.6:35b-a3b,qwen2.5-coder:32b,qwen3.6:35b-a3b,qwen3.6:35b-a3b,qwen3.6:35b-a3b,24576,3,3,ollama-first-2026-04-28,25de32675884cb3976f22fb28206209e8e72a1db3a6e556bb46490935002b66c,unknown,unknown,unknown,unknown,unknown,unknown,curator,curate_2026-04-29T09-07-27Z,gpt-5.5,promote_with_corrections,high,"The quote is verbatim and supports the candidate's permissive 'may be prescribed' claim, and the accepted siblings do not already cover this authorization. The only issue is the schema floor violation: a 'may' modality cannot remain classified as an authoritative_requirement, so the authorityClass should be lowered one rung.","{""authorityClass"": ""operational_guidance""}",curation/curate_2026-04-29T09-07-27Z/icao4444-extracted::reduced_runway_7_11::66fc07893e930bcb.json
curate_2026-04-29T09-07-27Z,2026-04-29T09:15:30Z,icao4444-extracted,speed_control_4_6_1,icao4444_speed_control_family,icao4444_speed_control_family,icao4444-extracted::speed_control_4_6_1::1217a29793be2295,note_cancellation_limitation,82332c9c9d519c7a60128202036c6b7ac6cee3d42600e461b3dce486115ad5dc,Cancellation of any speed control instruction does not relieve the flight crew of compliance with speed limitations associated with airspace classifications as specified in Annex 11.,operational_guidance,note,advisory_note,advisory_only,supported,false,,true,false,advisory_only,high,false,accepted,pass,pass,0,pass,pass,false,qwen3.6:35b-a3b,qwen3.6:35b-a3b,qwen2.5-coder:32b,qwen3.6:35b-a3b,qwen3.6:35b-a3b,qwen3.6:35b-a3b,24576,3,3,ollama-first-2026-04-28,25de32675884cb3976f22fb28206209e8e72a1db3a6e556bb46490935002b66c,unknown,unknown,unknown,unknown,unknown,unknown,curator,curate_2026-04-29T09-07-27Z,gpt-5.5,promote_with_corrections,medium,The quote is verbatim-supported and the candidate correctly treats the source as a non-normative Note with operational-guidance authority. The only issue is that `requirementKind: rule` overstates a clarifying note rather than an independent requirement.,"{""requirementKind"": ""advisory_note""}",curation/curate_2026-04-29T09-07-27Z/icao4444-extracted::speed_control_4_6_1::1217a29793be2295.json
curate_2026-04-29T09-07-27Z,2026-04-29T09:16:02Z,icao4444-extracted,speed_control_4_6_1,icao4444_speed_control_family,icao4444_speed_control_family,icao4444-extracted::speed_control_4_6_1::2cf081bdd1bb2283,note_mach_conversion,8f3626e79fa9efdda24e66d5460c0fbb5735fc31fd3dea6cfd5182b2576d4b5c,Mach 0.01 equals approximately 11 km/h (6 kt) IAS at higher flight levels.,background_support,note,definition,support_only,supported,false,,true,false,advisory_only,high,false,accepted,pass,pass,0,pass,pass,false,qwen3.6:35b-a3b,qwen3.6:35b-a3b,qwen2.5-coder:32b,qwen3.6:35b-a3b,qwen3.6:35b-a3b,qwen3.6:35b-a3b,24576,3,3,ollama-first-2026-04-28,25de32675884cb3976f22fb28206209e8e72a1db3a6e556bb46490935002b66c,unknown,unknown,unknown,unknown,unknown,unknown,curator,curate_2026-04-29T09-07-27Z,gpt-5.5,promote,high,"The claim is a verbatim standalone ICAO 4444 note, the quote audit and schema/authority audits all pass, and it is not redundant with the accepted sibling atomic requirements. Its existing note modality and background_support authority correctly reflect the non-normative conversion information.",,curation/curate_2026-04-29T09-07-27Z/icao4444-extracted::speed_control_4_6_1::2cf081bdd1bb2283.json
curate_2026-04-29T09-07-27Z,2026-04-29T09:16:26Z,icao4444-extracted,speed_control_4_6_1,icao4444_speed_control_family,icao4444_speed_control_family,icao4444-extracted::speed_control_4_6_1::5b64dff0f7a93bf6,speed_units_high_level,61af856c52f2654608a0bc95505d678c2204f9a84845743ad4743a1a8095e966,"At levels at or above 7 600 m (FL 250), speed adjustments should be expressed in multiples of 0.01 Mach.",operational_guidance,should,phraseology_rule,advisory_only,supported,true,,true,false,advisory_only,high,false,accepted,pass,pass,0,pass,pass,false,qwen3.6:35b-a3b,qwen3.6:35b-a3b,qwen2.5-coder:32b,qwen3.6:35b-a3b,qwen3.6:35b-a3b,qwen3.6:35b-a3b,24576,3,3,ollama-first-2026-04-28,25de32675884cb3976f22fb28206209e8e72a1db3a6e556bb46490935002b66c,unknown,unknown,unknown,unknown,unknown,unknown,curator,curate_2026-04-29T09-07-27Z,gpt-5.5,promote,high,"The quote is verbatim-supported, the schema and authority/modality audits pass, and the claim is an atomic item not already covered by accepted siblings. The source uses “should,” so the existing operational_guidance classification is appropriate rather than authoritative.",,curation/curate_2026-04-29T09-07-27Z/icao4444-extracted::speed_control_4_6_1::5b64dff0f7a93bf6.json
curate_2026-04-29T09-07-27Z,2026-04-29T09:16:44Z,icao4444-extracted,speed_control_4_6_1,icao4444_speed_control_family,icao4444_speed_control_family,icao4444-extracted::speed_control_4_6_1::8357e703f52d70a6,note_heavy_aircraft_limitation,8372a2a6d49b4ea0e3b9f50e59db827ddc0a1640c37e77fb1069294d391b8e32,"When an aircraft is heavily loaded and at a high level, its ability to change speed may, in cases, be very limited.",background_support,note,performance_limitation_note,support_only,supported,false,,true,false,advisory_only,high,false,accepted,pass,pass,0,pass,pass,false,qwen3.6:35b-a3b,qwen3.6:35b-a3b,qwen2.5-coder:32b,qwen3.6:35b-a3b,qwen3.6:35b-a3b,qwen3.6:35b-a3b,24576,3,3,ollama-first-2026-04-28,25de32675884cb3976f22fb28206209e8e72a1db3a6e556bb46490935002b66c,unknown,unknown,unknown,unknown,unknown,unknown,curator,curate_2026-04-29T09-07-27Z,gpt-5.5,promote_with_corrections,high,"The quote is verbatim, self-contained, and not redundant with the accepted sibling candidates. Its modality and authorityClass are appropriately conservative for a non-normative ICAO note, but the requirementKind should not be 'definition' because the source is a performance-limitation note rather than a definition.","{""requirementKind"": ""performance_limitation_note""}",curation/curate_2026-04-29T09-07-27Z/icao4444-extracted::speed_control_4_6_1::8357e703f52d70a6.json
curate_2026-04-29T09-07-27Z,2026-04-29T09:16:58Z,icao4444-extracted,speed_control_4_6_1,icao4444_speed_control_family,icao4444_speed_control_family,icao4444-extracted::speed_control_4_6_1::9e7501b932c88a64,note_fuel_impact,71e76be39a75f03ca3db188a26bf1d0c5852ee216decae9aedffab492a695e44,Application of speed control over a long period of time may affect aircraft fuel reserves.,background_support,note,definition,support_only,supported,false,,true,false,advisory_only,high,false,accepted,pass,pass,0,pass,pass,false,qwen3.6:35b-a3b,qwen3.6:35b-a3b,qwen2.5-coder:32b,qwen3.6:35b-a3b,qwen3.6:35b-a3b,qwen3.6:35b-a3b,24576,3,3,ollama-first-2026-04-28,25de32675884cb3976f22fb28206209e8e72a1db3a6e556bb46490935002b66c,unknown,unknown,unknown,unknown,unknown,unknown,curator,curate_2026-04-29T09-07-27Z,gpt-5.5,promote,high,The quote is verbatim and the candidate accurately captures a standalone ICAO Note as non-normative background support with modality `note`. It is not redundant with the accepted sibling notes and requires no identity or authority/modality correction.,,curation/curate_2026-04-29T09-07-27Z/icao4444-extracted::speed_control_4_6_1::9e7501b932c88a64.json
curate_2026-04-29T09-07-27Z,2026-04-29T09:17:12Z,icao4444-extracted,speed_control_4_6_1,icao4444_speed_control_family,icao4444_speed_control_family,icao4444-extracted::speed_control_4_6_1::aa64c02ac355565b,avoid_frequent_speed_changes,231450824ffcfa03d690089a491a6e843c92bdacf995f27b322ff3854549e66a,"Instructions involving frequent changes of speed, including alternate speed increases and decreases, should be avoided.",operational_guidance,should,best_practice,advisory_only,supported,false,,true,false,advisory_only,high,false,accepted,pass,pass,0,pass,pass,false,qwen3.6:35b-a3b,qwen3.6:35b-a3b,qwen2.5-coder:32b,qwen3.6:35b-a3b,qwen3.6:35b-a3b,qwen3.6:35b-a3b,24576,3,3,ollama-first-2026-04-28,25de32675884cb3976f22fb28206209e8e72a1db3a6e556bb46490935002b66c,unknown,unknown,unknown,unknown,unknown,unknown,curator,curate_2026-04-29T09-07-27Z,gpt-5.5,promote,high,"The quoted sentence appears verbatim in the source, and the candidate accurately preserves the source’s 'should' modality as operational guidance. It is an atomic clause not already covered by the accepted siblings, and all gate audits passed; the judge’s advisory-only demotion does not identify a source or schema defect.",,curation/curate_2026-04-29T09-07-27Z/icao4444-extracted::speed_control_4_6_1::aa64c02ac355565b.json
curate_2026-04-29T09-07-27Z,2026-04-29T09:17:25Z,icao4444-extracted,speed_control_4_6_1,icao4444_speed_control_family,icao4444_speed_control_family,icao4444-extracted::speed_control_4_6_1::b3884e25bbc4911b,speed_adjustment_limitation,749c199b8dce41e53e3f19abb6ce8405ff93b1b93844750a6401fd83d2436557,Speed adjustments should be limited to those necessary to establish and/or maintain a desired separation minimum or spacing.,operational_guidance,should,best_practice,advisory_only,supported,false,,true,false,advisory_only,high,false,accepted,pass,pass,0,pass,pass,false,qwen3.6:35b-a3b,qwen3.6:35b-a3b,qwen2.5-coder:32b,qwen3.6:35b-a3b,qwen3.6:35b-a3b,qwen3.6:35b-a3b,24576,3,3,ollama-first-2026-04-28,25de32675884cb3976f22fb28206209e8e72a1db3a6e556bb46490935002b66c,unknown,unknown,unknown,unknown,unknown,unknown,curator,curate_2026-04-29T09-07-27Z,gpt-5.5,promote,high,"The quote is verbatim, the claim is directly supported by ICAO 4444 section 4.6.1.4, and the candidate correctly uses should with operational_guidance. It is atomic and not redundant with the accepted sibling covering the separate sentence about frequent speed changes.",,curation/curate_2026-04-29T09-07-27Z/icao4444-extracted::speed_control_4_6_1::b3884e25bbc4911b.json
curate_2026-04-29T09-07-27Z,2026-04-29T09:17:37Z,icao4444-extracted,speed_control_4_6_1,icao4444_speed_control_family,icao4444_speed_control_family,icao4444-extracted::speed_control_4_6_1::c65796e5a870f2b6,speed_units_low_level,15eb3da7e83dc93a3a6be46dc194cc4c5216def4c4e9a9e182e730c615cf2c1a,"At levels below 7 600 m (FL 250), speed adjustments should be expressed in multiples of 20 km/h (10 kt) based on indicated airspeed (IAS).",operational_guidance,should,phraseology_rule,advisory_only,supported,false,,true,false,advisory_only,high,false,accepted,pass,pass,0,pass,pass,false,qwen3.6:35b-a3b,qwen3.6:35b-a3b,qwen2.5-coder:32b,qwen3.6:35b-a3b,qwen3.6:35b-a3b,qwen3.6:35b-a3b,24576,3,3,ollama-first-2026-04-28,25de32675884cb3976f22fb28206209e8e72a1db3a6e556bb46490935002b66c,unknown,unknown,unknown,unknown,unknown,unknown,curator,curate_2026-04-29T09-07-27Z,gpt-5.5,promote,high,"The quote is verbatim and supports the claim, with 'should' correctly classified as operational_guidance. It is not redundant because the sibling accepted item covers the at-or-above FL 250 case, while this candidate covers the below FL 250 IAS case.",,curation/curate_2026-04-29T09-07-27Z/icao4444-extracted::speed_control_4_6_1::c65796e5a870f2b6.json
curate_2026-04-29T09-07-27Z,2026-04-29T09:18:12Z,icao4444-extracted,speed_control_4_6_1,icao4444_speed_control_family,icao4444_speed_control_family,icao4444-extracted::speed_control_4_6_1::e9f810be22ca5add,note_mach_separation_ref,aca88509dcfc34fcf444bdc34dbb679e3d6f10fe1e5bacc59ed27e1547c8ab32,"Provisions concerning longitudinal separation using the Mach number technique are contained in Chapter 5, Separation Methods and Minima.",background_support,note,cross_reference,support_only,supported,false,,true,false,advisory_only,high,false,accepted,pass,pass,0,pass,pass,false,qwen3.6:35b-a3b,qwen3.6:35b-a3b,qwen2.5-coder:32b,qwen3.6:35b-a3b,qwen3.6:35b-a3b,qwen3.6:35b-a3b,24576,3,3,ollama-first-2026-04-28,25de32675884cb3976f22fb28206209e8e72a1db3a6e556bb46490935002b66c,unknown,unknown,unknown,unknown,unknown,unknown,curator,curate_2026-04-29T09-07-27Z,gpt-5.5,promote_with_corrections,high,"The quote is verbatim and the claim is a standalone non-normative cross-reference note, not an unsupported or redundant umbrella item. Its modality and authority class are already appropriate, but the requirement kind should not be treated as a definition.","{""requirementKind"": ""cross_reference""}",curation/curate_2026-04-29T09-07-27Z/icao4444-extracted::speed_control_4_6_1::e9f810be22ca5add.json
curate_2026-04-29T09-07-27Z,2026-04-29T09:18:25Z,icao4444-extracted,speed_control_4_6_1,icao4444_speed_control_family,icao4444_speed_control_family,icao4444-extracted::speed_control_4_6_1::f968d421f3a2eeeb,adequate_notice_speed_control,47633b1fb27d9901042ade9706d9703dc2d70e0094eb916b540c7e1c4a17911d,Flight crews should be given adequate notice of planned speed control.,operational_guidance,should,best_practice,advisory_only,supported,false,,true,false,advisory_only,high,false,accepted,pass,pass,0,pass,pass,false,qwen3.6:35b-a3b,qwen3.6:35b-a3b,qwen2.5-coder:32b,qwen3.6:35b-a3b,qwen3.6:35b-a3b,qwen3.6:35b-a3b,24576,3,3,ollama-first-2026-04-28,25de32675884cb3976f22fb28206209e8e72a1db3a6e556bb46490935002b66c,unknown,unknown,unknown,unknown,unknown,unknown,curator,curate_2026-04-29T09-07-27Z,gpt-5.5,promote,high,"The quote exists verbatim in the source, and the source wording uses 'should', matching the candidate's advisory modality and operational_guidance authority class. It is not redundant with the accepted sibling candidates, which cover different speed-control provisions.",,curation/curate_2026-04-29T09-07-27Z/icao4444-extracted::speed_control_4_6_1::f968d421f3a2eeeb.json
curate_2026-04-29T09-07-27Z,2026-04-29T09:18:39Z,icao4444-extracted,transfer_4_3_2_1,icao4444_transfer_family,icao4444_transfer_family,icao4444-extracted::transfer_4_3_2_1::04fa5058092e4265,transfer_comm_timely,d86ee44c413ab1ef1fa6e3523bfbeed16095161c953422595c3b4ac59b97af24,"Transfer of communications to the aerodrome controller should be effected at such a point, level or time that clearance to land or alternative instructions, as well as information on essential local traffic, can be issued in a timely manner",operational_guidance,should,best_practice,advisory_only,supported,false,,true,false,advisory_only,high,false,accepted,pass,pass,0,pass,pass,false,qwen3.6:35b-a3b,qwen3.6:35b-a3b,qwen2.5-coder:32b,qwen3.6:35b-a3b,qwen3.6:35b-a3b,qwen3.6:35b-a3b,24576,3,3,ollama-first-2026-04-28,25de32675884cb3976f22fb28206209e8e72a1db3a6e556bb46490935002b66c,unknown,unknown,unknown,unknown,unknown,unknown,curator,curate_2026-04-29T09-07-27Z,gpt-5.5,promote,high,"The quote is verbatim and fully supports the claim, and the candidate correctly preserves the source’s “should” modality as operational guidance rather than an authoritative requirement. There are no accepted sibling atomic candidates making this redundant, and no identity-field or schema issue requires correction.",,curation/curate_2026-04-29T09-07-27Z/icao4444-extracted::transfer_4_3_2_1::04fa5058092e4265.json
curate_2026-04-29T09-07-27Z,2026-04-29T09:18:45Z,icao4444-extracted,transfer_4_3_2_1,icao4444_transfer_family,icao4444_transfer_family,icao4444-extracted::transfer_4_3_2_1::2198f6235c44d5d7,transfer_departure_vmc,ede0d02eb4ad869b12d87677093f05c0527a8abb5ed3ceb0ef09053d57808653,"Control of a departing aircraft shall be transferred from the unit providing aerodrome control service to the unit providing approach control service when visual meteorological conditions prevail in the vicinity of the aerodrome, as specifi",authoritative_requirement,shall,rule,promote,authority_too_high,false,,false,false,needs_bundle,high,false,rejected,fail,fail,1,pass,pass,false,qwen3.6:35b-a3b,qwen3.6:35b-a3b,qwen2.5-coder:32b,qwen3.6:35b-a3b,qwen3.6:35b-a3b,qwen3.6:35b-a3b,24576,3,3,ollama-first-2026-04-28,25de32675884cb3976f22fb28206209e8e72a1db3a6e556bb46490935002b66c,unknown,unknown,unknown,unknown,unknown,unknown,curator,curate_2026-04-29T09-07-27Z,gpt-5.5,reject,high,"The exactSourceQuote is not verbatim in the source window because it uses an ellipsis and omits intervening subconditions. Since quotes are identity fields and cannot be corrected in this pass, the candidate must be rejected despite the underlying VMC transfer requirement being substantively present.",,curation/curate_2026-04-29T09-07-27Z/icao4444-extracted::transfer_4_3_2_1::2198f6235c44d5d7.json
curate_2026-04-29T09-07-27Z,2026-04-29T09:18:52Z,icao4444-extracted,transfer_4_3_2_1,icao4444_transfer_family,icao4444_transfer_family,icao4444-extracted::transfer_4_3_2_1::2670284e94e0eeb0,transfer_arrival_point_level,7734820802fb7fee62483aad98cf5befb31a9b5252b969a7fc28af92c0001666,"Control of an arriving aircraft shall be transferred from the unit providing approach control service to the unit providing aerodrome control service when the aircraft is at a prescribed point or level, as specified in letters of agreement ",authoritative_requirement,shall,rule,promote,supported,true,,true,false,accepted,high,false,rejected,fail,fail,1,pass,pass,false,qwen3.6:35b-a3b,qwen3.6:35b-a3b,qwen2.5-coder:32b,qwen3.6:35b-a3b,qwen3.6:35b-a3b,qwen3.6:35b-a3b,24576,3,3,ollama-first-2026-04-28,25de32675884cb3976f22fb28206209e8e72a1db3a6e556bb46490935002b66c,unknown,unknown,unknown,unknown,unknown,unknown,curator,curate_2026-04-29T09-07-27Z,gpt-5.5,reject,high,"The underlying requirement is supported by the source, but the supplied exactSourceQuote is not verbatim: it merges separated text and uses an ellipsis not present in the source. Because exactSourceQuotes are identity fields and cannot be corrected in this pass, the G1 verbatim failure requires rejection.",,curation/curate_2026-04-29T09-07-27Z/icao4444-extracted::transfer_4_3_2_1::2670284e94e0eeb0.json
curate_2026-04-29T09-07-27Z,2026-04-29T09:18:59Z,icao4444-extracted,transfer_4_3_2_1,icao4444_transfer_family,icao4444_transfer_family,icao4444-extracted::transfer_4_3_2_1::98068c7af46e0390,transfer_departure_imc,5c588c203c8321f877bee321dee249e14a87f3844f5e970e2a57658ee9fabf90,"Control of a departing aircraft shall be transferred from the unit providing aerodrome control service to the unit providing approach control service when instrument meteorological conditions prevail at the aerodrome, as specified in letter",authoritative_requirement,shall,rule,promote,underspecified,false,,false,false,needs_bundle,high,false,rejected,fail,fail,1,pass,pass,false,qwen3.6:35b-a3b,qwen3.6:35b-a3b,qwen2.5-coder:32b,qwen3.6:35b-a3b,qwen3.6:35b-a3b,qwen3.6:35b-a3b,24576,3,3,ollama-first-2026-04-28,25de32675884cb3976f22fb28206209e8e72a1db3a6e556bb46490935002b66c,unknown,unknown,unknown,unknown,unknown,unknown,curator,curate_2026-04-29T09-07-27Z,gpt-5.5,reject,high,"The exactSourceQuotes field is not verbatim in the source window because it uses an ellipsis and omits intervening subordinate text, so G1 fails on an identity field that cannot be corrected in this pass. The claim is also incomplete because the IMC transfer condition depends on the subordinate timing alternatives: immediately after airborne or at a prescribed point/level.",,curation/curate_2026-04-29T09-07-27Z/icao4444-extracted::transfer_4_3_2_1::98068c7af46e0390.json
curate_2026-04-29T09-07-27Z,2026-04-29T09:19:12Z,icao4444-extracted,transfer_4_3_2_1,icao4444_transfer_family,icao4444_transfer_family,icao4444-extracted::transfer_4_3_2_1::9e13513d0ea84502,ctrl_division_general,04b01f7e6c7e342e7edb573a4aeb08d5ea39c13c5cec5e8532f9fee54c48c215,"Except for flights which are provided aerodrome control service only, the control of arriving and departing controlled flights shall be divided between units providing aerodrome control service and units providing approach control service.",authoritative_requirement,shall,rule,promote,underspecified,false,,false,false,needs_bundle,high,false,pending,pass,pass,0,pass,pass,false,qwen3.6:35b-a3b,qwen3.6:35b-a3b,qwen2.5-coder:32b,qwen3.6:35b-a3b,qwen3.6:35b-a3b,qwen3.6:35b-a3b,24576,3,3,ollama-first-2026-04-28,25de32675884cb3976f22fb28206209e8e72a1db3a6e556bb46490935002b66c,unknown,unknown,unknown,unknown,unknown,unknown,curator,curate_2026-04-29T09-07-27Z,gpt-5.5,keep_pending,high,"The quoted parent clause is verbatim and the shall/authoritative classification is consistent, but the candidate was demoted because the operative 'as follows' subclauses are not included. A human curator should either bundle this parent with 4.3.2.1.1 and 4.3.2.1.3 or extract the missing subordinate transfer requirements before promotion.",,curation/curate_2026-04-29T09-07-27Z/icao4444-extracted::transfer_4_3_2_1::9e13513d0ea84502.json
curate_2026-04-29T09-07-27Z,2026-04-29T09:19:21Z,icao4444-extracted,transfer_4_3_2_1,icao4444_transfer_family,icao4444_transfer_family,icao4444-extracted::transfer_4_3_2_1::ab2e105064064445,transfer_arrival_landed,fe6c138a7836d33e526cd7a9706a834feeffc9871a9cc80354cc66bacb9307ac,"Control of an arriving aircraft shall be transferred from the unit providing approach control service to the unit providing aerodrome control service when the aircraft has landed, as specified in letters of agreement or ATS unit instruction",authoritative_requirement,shall,rule,promote,supported,true,,true,false,accepted,high,false,rejected,fail,fail,1,pass,pass,false,qwen3.6:35b-a3b,qwen3.6:35b-a3b,qwen2.5-coder:32b,qwen3.6:35b-a3b,qwen3.6:35b-a3b,qwen3.6:35b-a3b,24576,3,3,ollama-first-2026-04-28,25de32675884cb3976f22fb28206209e8e72a1db3a6e556bb46490935002b66c,unknown,unknown,unknown,unknown,unknown,unknown,curator,curate_2026-04-29T09-07-27Z,gpt-5.5,reject,high,"The underlying source supports the substance of the claim, but the provided exactSourceQuote is not present verbatim in the source window because it uses an ellipsis and combines separated text. Since exactSourceQuotes are identity fields and cannot be corrected in this pass, the G1 verbatim failure requires rejection.",,curation/curate_2026-04-29T09-07-27Z/icao4444-extracted::transfer_4_3_2_1::ab2e105064064445.json
curate_2026-04-29T09-07-27Z,2026-04-29T09:19:25Z,icao4444-extracted,transfer_4_3_2_1,icao4444_transfer_family,icao4444_transfer_family,icao4444-extracted::transfer_4_3_2_1::e87aa82016b9b93b,transfer_arrival_vmc,27db6d8ba5b2ca4ff188e2a31f3143862f4745dfd1c4b1157f76ac6122d91e4d,Control of an arriving aircraft shall be transferred from the unit providing approach control service to the unit providing aerodrome control service when the aircraft is in the vicinity of the aerodrome and it is considered that approach a,authoritative_requirement,shall,rule,promote,underspecified,false,,true,true,needs_bundle,high,false,rejected,fail,fail,1,pass,pass,false,qwen3.6:35b-a3b,qwen3.6:35b-a3b,qwen2.5-coder:32b,qwen3.6:35b-a3b,qwen3.6:35b-a3b,qwen3.6:35b-a3b,24576,3,3,ollama-first-2026-04-28,25de32675884cb3976f22fb28206209e8e72a1db3a6e556bb46490935002b66c,unknown,unknown,unknown,unknown,unknown,unknown,curator,curate_2026-04-29T09-07-27Z,gpt-5.5,reject,high,"The exactSourceQuote is not verbatim in the source window: it uses an ellipsis and collapses intervening text, so G1 has a real verbatim miss. Because claimText and exactSourceQuotes are identity fields and cannot be corrected in this pass, the candidate cannot be promoted.",,curation/curate_2026-04-29T09-07-27Z/icao4444-extracted::transfer_4_3_2_1::e87aa82016b9b93b.json
curate_2026-04-29T09-07-27Z,2026-04-29T09:20:20Z,icao4444-extracted,transfer_4_3_2_1,icao4444_transfer_family,icao4444_transfer_family,icao4444-extracted::transfer_4_3_2_1::f0cb8347ee5a5ea9,direct_transfer_note,c303eabbe8268f1e7238dcede4773e6d9b192e81896fc617a24d9512d3db190b,"Control of certain flights may be transferred directly from an ACC to an aerodrome control tower and vice versa, by prior arrangement between the units concerned for the relevant part of approach control service to be provided by the ACC or",background_support,note,operational_exception,support_only,supported,false,,true,false,advisory_only,high,false,accepted,pass,pass,0,pass,pass,false,qwen3.6:35b-a3b,qwen3.6:35b-a3b,qwen2.5-coder:32b,qwen3.6:35b-a3b,qwen3.6:35b-a3b,qwen3.6:35b-a3b,24576,3,3,ollama-first-2026-04-28,25de32675884cb3976f22fb28206209e8e72a1db3a6e556bb46490935002b66c,unknown,unknown,unknown,unknown,unknown,unknown,curator,curate_2026-04-29T09-07-27Z,gpt-5.5,promote_with_corrections,medium,"The quoted text is verbatim, self-contained, and not redundant with the accepted sibling; it is correctly treated as non-normative background from a Note rather than an authoritative requirement. The only evident metadata issue is that it is not a definition but an operational exception/background note about a possible direct transfer arrangement.","{""requirementKind"": ""operational_exception""}",curation/curate_2026-04-29T09-07-27Z/icao4444-extracted::transfer_4_3_2_1::f0cb8347ee5a5ea9.json
curate_2026-04-29T09-07-27Z,2026-04-29T09:20:29Z,icao4444-extracted,wake_turbulence_5_8,icao4444_wake_turbulence_family,icao4444_wake_turbulence_family,icao4444-extracted::wake_turbulence_5_8::1cd7ca788ad94b3f,wake_displaced_2min_departing,02291fb54d77821d5ac4a2af83c8a0024ea5f4167473f9c9f40aa15ef18963df,A separation minimum of 2 minutes shall be applied between a LIGHT or MEDIUM aircraft and a HEAVY aircraft and between a LIGHT aircraft and a MEDIUM aircraft when operating on a runway with a displaced landing threshold when a departing LIG,authoritative_requirement,shall,rule,promote,underspecified,false,,false,false,needs_bundle,high,false,rejected,fail,fail,1,pass,pass,false,qwen3.6:35b-a3b,qwen3.6:35b-a3b,qwen2.5-coder:32b,qwen3.6:35b-a3b,qwen3.6:35b-a3b,qwen3.6:35b-a3b,24576,3,3,ollama-first-2026-04-28,25de32675884cb3976f22fb28206209e8e72a1db3a6e556bb46490935002b66c,unknown,unknown,unknown,unknown,unknown,unknown,curator,curate_2026-04-29T09-07-27Z,gpt-5.5,reject,high,"The exactSourceQuote is not verbatim in the source text: it omits the subordinate marker ""a)"" after ""when:"" and omits the continuing ""or"" structure. The candidate also captures only condition a) from a parent clause that applies under condition a) or b), so fixing it would require re-extraction of identity fields rather than modality or authority corrections.",,curation/curate_2026-04-29T09-07-27Z/icao4444-extracted::wake_turbulence_5_8::1cd7ca788ad94b3f.json
curate_2026-04-29T09-07-27Z,2026-04-29T09:20:37Z,icao4444-extracted,wake_turbulence_5_8,icao4444_wake_turbulence_family,icao4444_wake_turbulence_family,icao4444-extracted::wake_turbulence_5_8::1e2b1b978aee05fa,wake_dep_2min_same_runway,13e824da82ee8ab6a4f83318df949cbbac42f8602a3be27dd4f4722b46ad4a29,A minimum separation of 2 minutes shall be applied between a LIGHT or MEDIUM aircraft taking off behind a HEAVY aircraft or a LIGHT aircraft taking off behind a MEDIUM aircraft when the aircraft are using the same runway.,authoritative_requirement,shall,rule,promote,supported,true,,true,false,accepted,high,false,rejected,fail,fail,1,pass,pass,false,qwen3.6:35b-a3b,qwen3.6:35b-a3b,qwen2.5-coder:32b,qwen3.6:35b-a3b,qwen3.6:35b-a3b,qwen3.6:35b-a3b,24576,3,3,ollama-first-2026-04-28,25de32675884cb3976f22fb28206209e8e72a1db3a6e556bb46490935002b66c,unknown,unknown,unknown,unknown,unknown,unknown,curator,curate_2026-04-29T09-07-27Z,gpt-5.5,reject,high,"The underlying rule is supported by the source, but the candidate's exactSourceQuotes field is not verbatim: the source includes the list marker and line break structure between “using:” and “the same runway;”. Because claimText and exactSourceQuotes are identity fields and cannot be edited in this pass, the G1 verbatim failure requires rejection rather than correction.",,curation/curate_2026-04-29T09-07-27Z/icao4444-extracted::wake_turbulence_5_8::1e2b1b978aee05fa.json
curate_2026-04-29T09-07-27Z,2026-04-29T09:20:46Z,icao4444-extracted,wake_turbulence_5_8,icao4444_wake_turbulence_family,icao4444_wake_turbulence_family,icao4444-extracted::wake_turbulence_5_8::341594e5786999a5,wake_dep_3min_intermediate,7f796128c7911bcce6cf4878e2f1311a5b4d91dde8f649380083d66a3ddaa749,A separation minimum of 3 minutes shall be applied between a LIGHT or MEDIUM aircraft when taking off behind a HEAVY aircraft or a LIGHT aircraft when taking off behind a MEDIUM aircraft from an intermediate part of the same runway.,authoritative_requirement,shall,rule,promote,underspecified,false,,false,false,needs_bundle,high,false,rejected,fail,fail,1,pass,pass,false,qwen3.6:35b-a3b,qwen3.6:35b-a3b,qwen2.5-coder:32b,qwen3.6:35b-a3b,qwen3.6:35b-a3b,qwen3.6:35b-a3b,24576,3,3,ollama-first-2026-04-28,25de32675884cb3976f22fb28206209e8e72a1db3a6e556bb46490935002b66c,unknown,unknown,unknown,unknown,unknown,unknown,curator,curate_2026-04-29T09-07-27Z,gpt-5.5,reject,high,"The exactSourceQuotes entry is not found verbatim in the source: the source separates the parent clause from item a) and includes the subparagraph marker/structure, while the candidate quote concatenates and omits that text. Because claimText and exactSourceQuotes are identity fields and cannot be corrected in this pass, this real G1 miss requires rejection.",,curation/curate_2026-04-29T09-07-27Z/icao4444-extracted::wake_turbulence_5_8::341594e5786999a5.json
curate_2026-04-29T09-07-27Z,2026-04-29T09:20:53Z,icao4444-extracted,wake_turbulence_5_8,icao4444_wake_turbulence_family,icao4444_wake_turbulence_family,icao4444-extracted::wake_turbulence_5_8::a8cd7d9145e0e339,wake_dep_2min_parallel_close,356d02ef444f1cac7c228e48c4f30b6395eef37d06b284669ac5f8ec65c76040,A minimum separation of 2 minutes shall be applied between a LIGHT or MEDIUM aircraft taking off behind a HEAVY aircraft or a LIGHT aircraft taking off behind a MEDIUM aircraft when the aircraft are using parallel runways separated by less ,authoritative_requirement,shall,rule,promote,underspecified,false,,true,true,needs_bundle,high,false,rejected,fail,fail,1,pass,pass,false,qwen3.6:35b-a3b,qwen3.6:35b-a3b,qwen2.5-coder:32b,qwen3.6:35b-a3b,qwen3.6:35b-a3b,qwen3.6:35b-a3b,24576,3,3,ollama-first-2026-04-28,25de32675884cb3976f22fb28206209e8e72a1db3a6e556bb46490935002b66c,unknown,unknown,unknown,unknown,unknown,unknown,curator,curate_2026-04-29T09-07-27Z,gpt-5.5,reject,high,"The exactSourceQuote is not found verbatim in the source because it concatenates the parent text directly with item b) while omitting the intervening list structure and other subitems. Since quote identity fields cannot be corrected in this pass, the candidate must be rejected despite the underlying rule being substantively present.",,curation/curate_2026-04-29T09-07-27Z/icao4444-extracted::wake_turbulence_5_8::a8cd7d9145e0e339.json
curate_2026-04-29T09-07-27Z,2026-04-29T09:21:01Z,icao4444-extracted,wake_turbulence_5_8,icao4444_wake_turbulence_family,icao4444_wake_turbulence_family,icao4444-extracted::wake_turbulence_5_8::a9c15fac90c928a2,wake_dep_3min_parallel_intermediate,b68aae8c3e050260137263cf6ca1e5114422af9cceebbcffb96b193731485481,A separation minimum of 3 minutes shall be applied between a LIGHT or MEDIUM aircraft when taking off behind a HEAVY aircraft or a LIGHT aircraft when taking off behind a MEDIUM aircraft from an intermediate part of a parallel runway separa,authoritative_requirement,shall,rule,promote,underspecified,false,,false,false,needs_bundle,high,false,rejected,fail,fail,1,pass,pass,false,qwen3.6:35b-a3b,qwen3.6:35b-a3b,qwen2.5-coder:32b,qwen3.6:35b-a3b,qwen3.6:35b-a3b,qwen3.6:35b-a3b,24576,3,3,ollama-first-2026-04-28,25de32675884cb3976f22fb28206209e8e72a1db3a6e556bb46490935002b66c,unknown,unknown,unknown,unknown,unknown,unknown,curator,curate_2026-04-29T09-07-27Z,gpt-5.5,reject,high,"The exactSourceQuote is not present verbatim in the source window: the source separates the parent clause from subparagraphs a) and b), and includes intervening list structure and wording not reflected in the quoted string. Because claimText and exactSourceQuotes are identity fields and cannot be corrected in this pass, this G1 failure requires rejection rather than promotion with corrections.",,curation/curate_2026-04-29T09-07-27Z/icao4444-extracted::wake_turbulence_5_8::a9c15fac90c928a2.json
curate_2026-04-29T09-07-27Z,2026-04-29T09:21:12Z,icao4444-extracted,wake_turbulence_5_8,icao4444_wake_turbulence_family,icao4444_wake_turbulence_family,icao4444-extracted::wake_turbulence_5_8::ad5ab8aad62283e3,wake_displaced_2min_arriving,40160fff556141191e2834ac3425fe148ee085389b91a0cf7dba8492ab6d64cc,A separation minimum of 2 minutes shall be applied between a LIGHT or MEDIUM aircraft and a HEAVY aircraft and between a LIGHT aircraft and a MEDIUM aircraft when operating on a runway with a displaced landing threshold when an arriving LIG,authoritative_requirement,shall,rule,promote,unsupported_by_source,false,,false,false,needs_bundle,high,false,rejected,fail,fail,1,pass,pass,false,qwen3.6:35b-a3b,qwen3.6:35b-a3b,qwen2.5-coder:32b,qwen3.6:35b-a3b,qwen3.6:35b-a3b,qwen3.6:35b-a3b,24576,3,3,ollama-first-2026-04-28,25de32675884cb3976f22fb28206209e8e72a1db3a6e556bb46490935002b66c,unknown,unknown,unknown,unknown,unknown,unknown,curator,curate_2026-04-29T09-07-27Z,gpt-5.5,reject,high,"The exactSourceQuote does not appear verbatim in the source: it concatenates the parent clause with subparagraph b) while omitting the intervening list marker/structure, including the 'or' before b). Because exactSourceQuotes are identity fields and cannot be corrected in this pass, this is a real G1 miss requiring rejection.",,curation/curate_2026-04-29T09-07-27Z/icao4444-extracted::wake_turbulence_5_8::ad5ab8aad62283e3.json
curate_2026-04-29T09-07-27Z,2026-04-29T09:21:17Z,icao4444-extracted,wake_turbulence_5_8,icao4444_wake_turbulence_family,icao4444_wake_turbulence_family,icao4444-extracted::wake_turbulence_5_8::b2209483e71c53c3,wake_dep_2min_crossing,3bd07fdd647b2addb868f36ea4a33682f421b2eaaf902b75e8e99e2de9d6f1c4,A minimum separation of 2 minutes shall be applied between a LIGHT or MEDIUM aircraft taking off behind a HEAVY aircraft or a LIGHT aircraft taking off behind a MEDIUM aircraft when the aircraft are using crossing runways if the projected f,authoritative_requirement,shall,rule,promote,supported,true,,true,false,accepted,high,false,rejected,fail,fail,1,pass,pass,false,qwen3.6:35b-a3b,qwen3.6:35b-a3b,qwen2.5-coder:32b,qwen3.6:35b-a3b,qwen3.6:35b-a3b,qwen3.6:35b-a3b,24576,3,3,ollama-first-2026-04-28,25de32675884cb3976f22fb28206209e8e72a1db3a6e556bb46490935002b66c,unknown,unknown,unknown,unknown,unknown,unknown,curator,curate_2026-04-29T09-07-27Z,gpt-5.5,reject,high,"The source supports the substance of the claim, but the provided exactSourceQuotes string is not found verbatim in the source window because it improperly concatenates the parent clause and list item. Since exactSourceQuotes is an identity field and cannot be corrected in this pass, the candidate must be rejected rather than promoted with corrections.",,curation/curate_2026-04-29T09-07-27Z/icao4444-extracted::wake_turbulence_5_8::b2209483e71c53c3.json
curate_2026-04-29T09-07-27Z,2026-04-29T09:21:25Z,icao4444-extracted,wake_turbulence_5_8,icao4444_wake_turbulence_family,icao4444_wake_turbulence_family,icao4444-extracted::wake_turbulence_5_8::e0fd9fa3eda729ad,wake_dep_2min_parallel_far_crossing,362679c1b2d47d0a8e9f65c1d6973fbbcd0748c02ec84ae136b3f1bd21fdc744,A minimum separation of 2 minutes shall be applied between a LIGHT or MEDIUM aircraft taking off behind a HEAVY aircraft or a LIGHT aircraft taking off behind a MEDIUM aircraft when the aircraft are using parallel runways separated by 760 m,authoritative_requirement,shall,rule,promote,supported,true,,true,false,accepted,high,false,rejected,fail,fail,1,pass,pass,false,qwen3.6:35b-a3b,qwen3.6:35b-a3b,qwen2.5-coder:32b,qwen3.6:35b-a3b,qwen3.6:35b-a3b,qwen3.6:35b-a3b,24576,3,3,ollama-first-2026-04-28,25de32675884cb3976f22fb28206209e8e72a1db3a6e556bb46490935002b66c,unknown,unknown,unknown,unknown,unknown,unknown,curator,curate_2026-04-29T09-07-27Z,gpt-5.5,reject,high,"The claim is substantively supported by the parent clause and item 5.8.3.1 d), but the exactSourceQuote is not a verbatim substring of the source; it splices the parent text directly to item d) while omitting intervening list items. Because quote identity fields cannot be corrected in this pass, this must be rejected rather than promoted with corrections.",,curation/curate_2026-04-29T09-07-27Z/icao4444-extracted::wake_turbulence_5_8::e0fd9fa3eda729ad.json
curate_2026-04-29T09-07-27Z,2026-04-29T09:21:57Z,icao9432-extracted,communications_2_8_1_en,icao9432_communications_family,icao9432_communications_family,icao9432-extracted::communications_2_8_1_en::0a964f42b6100596,req_2.8.1.4_repetition,62c508a6e3b676435f9a772caf48751f67e8f2857f11844cc37d07c0d3361029,"If there is doubt that a message has been correctly received, a repetition of the messages shall be requested either in full or in part.",operational_guidance,shall,rule,advisory_only,supported,true,,true,false,advisory_only,high,false,accepted,pass,pass,0,pass,pass,false,qwen3.6:35b-a3b,qwen3.6:35b-a3b,qwen2.5-coder:32b,qwen3.6:35b-a3b,qwen3.6:35b-a3b,qwen3.6:35b-a3b,24576,3,3,ollama-first-2026-04-28,25de32675884cb3976f22fb28206209e8e72a1db3a6e556bb46490935002b66c,unknown,unknown,unknown,unknown,unknown,unknown,curator,curate_2026-04-29T09-07-27Z,gpt-5.5,promote,high,"The quoted text is verbatim-supported, schema and authority/modality gates passed, and there are no accepted sibling candidates making it redundant. The source uses 'shall', while the operational_guidance authorityClass appropriately preserves the conservative status of ICAO 9432 material without overstating it as authoritative.",,curation/curate_2026-04-29T09-07-27Z/icao9432-extracted::communications_2_8_1_en::0a964f42b6100596.json
curate_2026-04-29T09-07-27Z,2026-04-29T09:22:10Z,icao9432-extracted,communications_2_8_1_en,icao9432_communications_family,icao9432_communications_family,icao9432-extracted::communications_2_8_1_en::5efac97fddfd54ca,req_2.8.1.3_aircraft_broadcast,b5e9149538460bf062b2475f8f6b4854b8649437c8e7ff068971bc71ce2b9a83,"When an aircraft wishes to broadcast information to aircraft in its vicinity, the message should be prefaced by the call ""ALL STATIONS"".",operational_guidance,should,phraseology_rule,advisory_only,supported,false,,true,false,advisory_only,high,false,accepted,pass,pass,0,pass,pass,false,qwen3.6:35b-a3b,qwen3.6:35b-a3b,qwen2.5-coder:32b,qwen3.6:35b-a3b,qwen3.6:35b-a3b,qwen3.6:35b-a3b,24576,3,3,ollama-first-2026-04-28,25de32675884cb3976f22fb28206209e8e72a1db3a6e556bb46490935002b66c,unknown,unknown,unknown,unknown,unknown,unknown,curator,curate_2026-04-29T09-07-27Z,gpt-5.5,promote,high,"The quote is verbatim supported, the schema and authority/modality audits pass, and the candidate is not redundant with the accepted sibling. The source uses “should,” and the candidate correctly frames it as operational guidance rather than an authoritative requirement.",,curation/curate_2026-04-29T09-07-27Z/icao9432-extracted::communications_2_8_1_en::5efac97fddfd54ca.json
curate_2026-04-29T09-07-27Z,2026-04-29T09:22:34Z,icao9432-extracted,communications_2_8_1_en,icao9432_communications_family,icao9432_communications_family,icao9432-extracted::communications_2_8_1_en::8b0487b183cd02cf,req_2.8.1.3_no_reply,80c86024e7681dfb8f845ecfd0b77e04340caf00ac3fd5621a5b31e1cec55b0c,No reply is expected to such general calls unless individual stations are subsequently called upon to acknowledge receipt.,operational_guidance,note,best_practice,advisory_only,supported,false,,true,false,advisory_only,high,false,accepted,pass,pass,0,pass,pass,false,qwen3.6:35b-a3b,qwen3.6:35b-a3b,qwen2.5-coder:32b,qwen3.6:35b-a3b,qwen3.6:35b-a3b,qwen3.6:35b-a3b,24576,3,3,ollama-first-2026-04-28,25de32675884cb3976f22fb28206209e8e72a1db3a6e556bb46490935002b66c,unknown,unknown,unknown,unknown,unknown,unknown,curator,curate_2026-04-29T09-07-27Z,gpt-5.5,promote,high,The quote is verbatim and the claim is directly supported by the source. The candidate is correctly framed as a non-normative note/operational guidance item and is not redundant with the accepted sibling candidates.,,curation/curate_2026-04-29T09-07-27Z/icao9432-extracted::communications_2_8_1_en::8b0487b183cd02cf.json
curate_2026-04-29T09-07-27Z,2026-04-29T09:22:47Z,icao9432-extracted,communications_2_8_1_en,icao9432_communications_family,icao9432_communications_family,icao9432-extracted::communications_2_8_1_en::a685cef087951878,req_2.8.1.1_full_callsign,1b69fc79fdde61e905979c00864eaefd80b7d203911776af0f89a9a25ec093f2,"When establishing communications, an aircraft should use the full call sign of both the aircraft and the aeronautical station.",operational_guidance,should,phraseology_rule,advisory_only,supported,false,,true,false,advisory_only,high,false,accepted,pass,pass,0,pass,pass,false,qwen3.6:35b-a3b,qwen3.6:35b-a3b,qwen2.5-coder:32b,qwen3.6:35b-a3b,qwen3.6:35b-a3b,qwen3.6:35b-a3b,24576,3,3,ollama-first-2026-04-28,25de32675884cb3976f22fb28206209e8e72a1db3a6e556bb46490935002b66c,unknown,unknown,unknown,unknown,unknown,unknown,curator,curate_2026-04-29T09-07-27Z,gpt-5.5,promote,high,"The quoted text is verbatim in the source and directly supports the claim, with 'should' correctly captured as operational guidance. The candidate is not redundant with the accepted sibling items, which address different clauses in section 2.8.1.",,curation/curate_2026-04-29T09-07-27Z/icao9432-extracted::communications_2_8_1_en::a685cef087951878.json
curate_2026-04-29T09-07-27Z,2026-04-29T09:22:59Z,icao9432-extracted,communications_2_8_1_en,icao9432_communications_family,icao9432_communications_family,icao9432-extracted::communications_2_8_1_en::b7acdc88125f1510,req_2.8.1.2_ground_broadcast,039fc86d04a010522bc041ce03d503eff58ab87490b9360fdfe3d78c0572f96e,"When a ground station wishes to broadcast information, the message should be prefaced by the call ""ALL STATIONS"".",operational_guidance,should,phraseology_rule,advisory_only,supported,false,,true,false,advisory_only,high,false,accepted,pass,pass,0,pass,pass,false,qwen3.6:35b-a3b,qwen3.6:35b-a3b,qwen2.5-coder:32b,qwen3.6:35b-a3b,qwen3.6:35b-a3b,qwen3.6:35b-a3b,24576,3,3,ollama-first-2026-04-28,25de32675884cb3976f22fb28206209e8e72a1db3a6e556bb46490935002b66c,unknown,unknown,unknown,unknown,unknown,unknown,curator,curate_2026-04-29T09-07-27Z,gpt-5.5,promote,high,"The quoted sentence is present in the source and directly supports the claim. The source uses “should,” and the candidate’s operational_guidance classification is consistent; it is not redundant with the accepted aircraft-broadcast sibling because this one covers ground-station broadcasts.",,curation/curate_2026-04-29T09-07-27Z/icao9432-extracted::communications_2_8_1_en::b7acdc88125f1510.json
curate_2026-04-29T09-07-27Z,2026-04-29T09:23:23Z,icao9432-extracted,readback_2_8_3_en,icao9432_readback_family,icao9432_readback_family,icao9432-extracted::readback_2_8_3_en::ac9111d240cfd2c2,clearance_passing_guidance,966df6ccd60caccb3467812282e2a4252690d3e06beedf80a0bef9158fb8d8c5,"Controllers should pass a clearance slowly and clearly, avoid passing clearances during complicated taxiing, and on no occasion should a clearance be passed when the pilot is engaged in line up or take-off manoeuvres.",operational_guidance,should,best_practice,advisory_only,supported,false,,true,false,advisory_only,high,false,accepted,pass,pass,0,pass,pass,false,qwen3.6:35b-a3b,qwen3.6:35b-a3b,qwen2.5-coder:32b,qwen3.6:35b-a3b,qwen3.6:35b-a3b,qwen3.6:35b-a3b,24576,3,3,ollama-first-2026-04-28,25de32675884cb3976f22fb28206209e8e72a1db3a6e556bb46490935002b66c,unknown,unknown,unknown,unknown,unknown,unknown,curator,curate_2026-04-29T09-07-27Z,gpt-5.5,promote,high,"The quoted source text verbatim supports the claim, and the candidate correctly uses should-modality with operational_guidance authority for ICAO 9432 advisory material. It is not redundant with the accepted sibling read-back requirements, which cover different provisions.",,curation/curate_2026-04-29T09-07-27Z/icao9432-extracted::readback_2_8_3_en::ac9111d240cfd2c2.json
curate_2026-04-29T09-07-27Z,2026-04-29T09:23:36Z,icao9432-extracted,taxi_4_4_en,icao9432_taxi_family,icao9432_taxi_family,icao9432-extracted::taxi_4_4_en::03985c8e2cf3f473,req_clearance_limit_traffic_dependent,76e5bfab67103f826febc0d08a91556da90c36bfe198c6dbc84a6ee204907ec8,The clearance limit for departing aircraft may be any other position on the aerodrome depending on prevailing traffic circumstances.,operational_guidance,may,rule,advisory_only,supported,false,,true,false,advisory_only,high,false,accepted,pass,pass,0,pass,pass,false,qwen3.6:35b-a3b,qwen3.6:35b-a3b,qwen2.5-coder:32b,qwen3.6:35b-a3b,qwen3.6:35b-a3b,qwen3.6:35b-a3b,24576,3,3,ollama-first-2026-04-28,25de32675884cb3976f22fb28206209e8e72a1db3a6e556bb46490935002b66c,unknown,unknown,unknown,unknown,unknown,unknown,curator,curate_2026-04-29T09-07-27Z,gpt-5.5,promote,high,The quote is verbatim and supports the permissive claim that the clearance limit for departing aircraft may be another aerodrome position depending on traffic. The candidate is correctly framed as operational guidance with may modality and is not redundant with the accepted sibling covering the general requirement to include a clearance limit.,,curation/curate_2026-04-29T09-07-27Z/icao9432-extracted::taxi_4_4_en::03985c8e2cf3f473.json
curate_2026-04-29T09-07-27Z,2026-04-29T09:23:49Z,icao9432-extracted,taxi_4_4_en,icao9432_taxi_family,icao9432_taxi_family,icao9432-extracted::taxi_4_4_en::417f64324f7495bf,req_clearance_limit_default_departing,ccfcd2e8fcd930c70d0df8560cb08ffe96a5f368e79785c3d77507c4bf29c625,"For departing aircraft, the clearance limit will normally be the taxi-holding point of the runway in use.",operational_guidance,none,best_practice,advisory_only,supported,true,,true,false,advisory_only,high,false,accepted,pass,pass,0,pass,pass,false,qwen3.6:35b-a3b,qwen3.6:35b-a3b,qwen2.5-coder:32b,qwen3.6:35b-a3b,qwen3.6:35b-a3b,qwen3.6:35b-a3b,24576,3,3,ollama-first-2026-04-28,25de32675884cb3976f22fb28206209e8e72a1db3a6e556bb46490935002b66c,unknown,unknown,unknown,unknown,unknown,unknown,curator,curate_2026-04-29T09-07-27Z,gpt-5.5,promote_with_corrections,high,"The quote exists verbatim and supports the claim as an advisory/default practice, and it is not redundant with the accepted sibling covering other possible aerodrome positions. However, the source says “will normally be” rather than using “should,” so the modality should be corrected to non-normative.","{""modality"": ""none""}",curation/curate_2026-04-29T09-07-27Z/icao9432-extracted::taxi_4_4_en::417f64324f7495bf.json
curate_2026-04-29T09-07-27Z,2026-04-29T09:24:01Z,icao9432-extracted,taxi_4_4_en,icao9432_taxi_family,icao9432_taxi_family,icao9432-extracted::taxi_4_4_en::462452af8743c2e1,req_pushback_phraseology_standard,9a1b328d3c2c658fb839a4a1d421dac19adc748fc16ff7c6d86e7a83545b06d3,The phraseology listed in section 4.3.2 should be used by the pilot and ground staff during pushback coordination.,operational_guidance,should,phraseology_rule,advisory_only,supported,false,,true,false,advisory_only,high,false,accepted,pass,pass,0,pass,pass,false,qwen3.6:35b-a3b,qwen3.6:35b-a3b,qwen2.5-coder:32b,qwen3.6:35b-a3b,qwen3.6:35b-a3b,qwen3.6:35b-a3b,24576,3,3,ollama-first-2026-04-28,25de32675884cb3976f22fb28206209e8e72a1db3a6e556bb46490935002b66c,unknown,unknown,unknown,unknown,unknown,unknown,curator,curate_2026-04-29T09-07-27Z,gpt-5.5,promote,high,"The quoted Polish source text is present and directly supports the claim that the listed phraseology should be used during pushback coordination. The candidate already uses advisory framing with modality “should” and authorityClass “operational_guidance,” so no correction is needed.",,curation/curate_2026-04-29T09-07-27Z/icao9432-extracted::taxi_4_4_en::462452af8743c2e1.json
curate_2026-04-29T09-07-27Z,2026-04-29T09:24:13Z,icao9432-extracted,taxi_4_4_en,icao9432_taxi_family,icao9432_taxi_family,icao9432-extracted::taxi_4_4_en::9b3186528c0a6e32,req_pushback_interruption_phraseology,1a376a6ef7ad23fc4dccb0bab06bca3a46146231c95f074d51cf028ec58a014c,"If the pilot intends to interrupt the pushback maneuver, they should use the expression 'przerwij wypychanie'.",operational_guidance,should,phraseology_rule,advisory_only,supported,false,,true,false,advisory_only,high,false,accepted,pass,pass,0,pass,pass,false,qwen3.6:35b-a3b,qwen3.6:35b-a3b,qwen2.5-coder:32b,qwen3.6:35b-a3b,qwen3.6:35b-a3b,qwen3.6:35b-a3b,24576,3,3,ollama-first-2026-04-28,25de32675884cb3976f22fb28206209e8e72a1db3a6e556bb46490935002b66c,unknown,unknown,unknown,unknown,unknown,unknown,curator,curate_2026-04-29T09-07-27Z,gpt-5.5,promote,high,"The claim is directly supported by the verbatim Polish source text, with the source wording “powinien” matching the candidate’s should modality. The operational_guidance authority class is appropriate for ICAO 9432 advisory phraseology, and the item is atomic rather than redundant with the accepted sibling on general pushback phraseology.",,curation/curate_2026-04-29T09-07-27Z/icao9432-extracted::taxi_4_4_en::9b3186528c0a6e32.json
curate_2026-04-29T09-07-27Z,2026-04-29T09:24:33Z,icao9432-extracted,taxi_4_4_en,icao9432_taxi_family,icao9432_taxi_family,icao9432-extracted::taxi_4_4_en::eadf2541fcd51825,def_runway_vacated,603c01e5a0b1c9a526670d96b74eae2df7b20d1c2de1449fcecfa76094ac5d78,The runway is considered vacated when the entire aircraft is beyond the relevant runway-holding position.,background_support,note,definition,support_only,supported,false,,true,false,advisory_only,high,false,accepted,pass,pass,0,pass,pass,false,qwen3.6:35b-a3b,qwen3.6:35b-a3b,qwen2.5-coder:32b,qwen3.6:35b-a3b,qwen3.6:35b-a3b,qwen3.6:35b-a3b,24576,3,3,ollama-first-2026-04-28,25de32675884cb3976f22fb28206209e8e72a1db3a6e556bb46490935002b66c,unknown,unknown,unknown,unknown,unknown,unknown,curator,curate_2026-04-29T09-07-27Z,gpt-5.5,promote_with_corrections,high,"The quoted text is verbatim and the claim accurately captures the source Note as a definition. Because it is explicitly a non-normative note rather than operative guidance, it should be treated as background support rather than operational guidance.","{""authorityClass"": ""background_support""}",curation/curate_2026-04-29T09-07-27Z/icao9432-extracted::taxi_4_4_en::eadf2541fcd51825.json
curate_2026-04-29T09-07-27Z,2026-04-29T09:24:39Z,safetysense22-extracted,readbacks,safetysense22_readback_family,safetysense22_readback_family,safetysense22-extracted::readbacks::9b6c62502e773767,readback_scope_rule,f498db53a3c24cbcba21a6f7e6a4c6da0b9de23f92da993a6077e0111509be53,The following items must be read back in their entirety if addressed to you in a transmission from an ATSU:,best_practice,must,rule,promote,underspecified,false,,false,false,needs_bundle,high,false,rejected,pass,pass,0,pass,pass,false,qwen3.6:35b-a3b,qwen3.6:35b-a3b,qwen2.5-coder:32b,qwen3.6:35b-a3b,qwen3.6:35b-a3b,qwen3.6:35b-a3b,24576,3,3,ollama-first-2026-04-28,25de32675884cb3976f22fb28206209e8e72a1db3a6e556bb46490935002b66c,unknown,unknown,unknown,unknown,unknown,unknown,curator,curate_2026-04-29T09-07-27Z,gpt-5.5,reject,high,"The quoted parent clause is verbatim and the modality/authority pairing is acceptable, but it is an umbrella clause whose operative scope is fully defined by the 15 listed items. Those atomic readback items are already accepted as siblings, so retaining the parent clause would be redundant and structurally incomplete on its own.",,curation/curate_2026-04-29T09-07-27Z/safetysense22-extracted::readbacks::9b6c62502e773767.json
curate_2026-04-29T09-07-27Z,2026-04-29T09:24:45Z,sera-923-2012-extracted,atc_service_8005,sera_atc_service_family,sera_atc_service_family,sera-923-2012-extracted::atc_service_8005::2f46ccb194a81cff,sera_8005_b_except_own_sep,88b1d82877f23812f0e812bdeca346c64a3b10d41c0bcf13802439bb2e48abeb,"A flight may be cleared subject to maintaining own separation in respect of a specific portion of the flight below 3 050 m (10 000 ft) during climb or descent, during day in visual meteorological conditions, when requested by the pilot of a",operational_guidance,may,rule,promote,authority_too_high,false,,true,false,accepted,high,false,accepted,pass,pass,0,pass,pass,false,qwen3.6:35b-a3b,qwen3.6:35b-a3b,qwen2.5-coder:32b,qwen3.6:35b-a3b,qwen3.6:35b-a3b,qwen3.6:35b-a3b,24576,3,3,ollama-first-2026-04-28,25de32675884cb3976f22fb28206209e8e72a1db3a6e556bb46490935002b66c,unknown,unknown,unknown,unknown,unknown,unknown,curator,curate_2026-04-29T09-07-27Z,gpt-5.5,promote_with_corrections,high,"The quote is verbatim and the claim accurately reflects the permissive exception in SERA.8005(b). Because the source uses “may,” the modality is correct, but under the authority floor table a may-statement cannot remain classified as authoritative_requirement and should be lowered one rung.","{""authorityClass"": ""operational_guidance""}",curation/curate_2026-04-29T09-07-27Z/sera-923-2012-extracted::atc_service_8005::2f46ccb194a81cff.json
curate_2026-04-29T09-07-27Z,2026-04-29T09:24:59Z,sera-923-2012-extracted,atc_service_8005,sera_atc_service_family,sera_atc_service_family,sera-923-2012-extracted::atc_service_8005::5c2c8b53ac81d307,sera_8005_a_4_coord_transfer,b810b046493188cf22dd4e07d5600a5404df81f7efd2e05610db607557fb651f,An air traffic control unit shall coordinate clearances with other units before transferring control of an aircraft to such other units.,authoritative_requirement,shall,rule,promote,unsupported_by_source,false,,false,false,needs_bundle,high,false,accepted,pass,pass,0,pass,pass,false,qwen3.6:35b-a3b,qwen3.6:35b-a3b,qwen2.5-coder:32b,qwen3.6:35b-a3b,qwen3.6:35b-a3b,qwen3.6:35b-a3b,24576,3,3,ollama-first-2026-04-28,25de32675884cb3976f22fb28206209e8e72a1db3a6e556bb46490935002b66c,unknown,unknown,unknown,unknown,unknown,unknown,curator,curate_2026-04-29T09-07-27Z,gpt-5.5,promote,high,"The quoted source text verbatim supports this atomic SERA.8005(a)(4)(ii) requirement, with a shall-strength parent obligation applying to coordination before transfer of control. The bundle concern identifies a missing sibling condition under (i), but that does not make this candidate an unsupported umbrella or require changing its identity fields.",,curation/curate_2026-04-29T09-07-27Z/sera-923-2012-extracted::atc_service_8005::5c2c8b53ac81d307.json
curate_2026-04-29T09-07-27Z,2026-04-29T09:25:08Z,sera-923-2012-extracted,atc_service_8005,sera_atc_service_family,sera_atc_service_family,sera-923-2012-extracted::atc_service_8005::b1cc921c69e37139,sera_8005_a_4_coord_conflict,bf86ab138235ec36dfd0cca7dfbc0003b385dffdfc7c76e9e2d97710fd9761a5,An air traffic control unit shall coordinate clearances with other units whenever an aircraft might otherwise conflict with traffic operated under the control of such other units.,authoritative_requirement,shall,rule,promote,unsupported_by_source,false,,false,false,needs_bundle,high,false,accepted,pass,pass,0,pass,pass,false,qwen3.6:35b-a3b,qwen3.6:35b-a3b,qwen2.5-coder:32b,qwen3.6:35b-a3b,qwen3.6:35b-a3b,qwen3.6:35b-a3b,24576,3,3,ollama-first-2026-04-28,25de32675884cb3976f22fb28206209e8e72a1db3a6e556bb46490935002b66c,unknown,unknown,unknown,unknown,unknown,unknown,curator,curate_2026-04-29T09-07-27Z,gpt-5.5,promote,high,"The claim is an atomic requirement supported verbatim by the cited parent and subordinate text, with correct shall modality and authoritative_requirement authority. The bundle objection is a structural artefact: the sibling accepted set already contains the parallel SERA.8005(a)(4)(ii) atomic requirement, so this item need not be rejected as incomplete.",,curation/curate_2026-04-29T09-07-27Z/sera-923-2012-extracted::atc_service_8005::b1cc921c69e37139.json
curate_2026-04-29T09-07-27Z,2026-04-29T09:25:21Z,sera-923-2012-extracted,atc_service_8005,sera_atc_service_family,sera_atc_service_family,sera-923-2012-extracted::atc_service_8005::dd09fb0eb790d595,sera_8005_c_2_i_long,f9a90bea9619302ca681cdf82374dddd09c31a9b7a96534bf6a09049019b59ef,"Separation by an air traffic control unit shall be obtained by horizontal separation, specifically longitudinal separation, by maintaining an interval between aircraft operating along the same, converging or reciprocal tracks, expressed in ",authoritative_requirement,shall,rule,promote,supported,true,,true,true,needs_bundle,high,false,accepted,pass,pass,0,pass,pass,false,qwen3.6:35b-a3b,qwen3.6:35b-a3b,qwen2.5-coder:32b,qwen3.6:35b-a3b,qwen3.6:35b-a3b,qwen3.6:35b-a3b,24576,3,3,ollama-first-2026-04-28,25de32675884cb3976f22fb28206209e8e72a1db3a6e556bb46490935002b66c,unknown,unknown,unknown,unknown,unknown,unknown,curator,curate_2026-04-29T09-07-27Z,gpt-5.5,promote,high,"The quoted source text verbatim supports an authoritative shall requirement for longitudinal horizontal separation, using the parent operative clause in SERA.8005(c). The accepted lateral-separation sibling is complementary rather than redundant, and the candidate is an atomic item rather than an umbrella requiring rejection.",,curation/curate_2026-04-29T09-07-27Z/sera-923-2012-extracted::atc_service_8005::dd09fb0eb790d595.json
curate_2026-04-29T09-07-27Z,2026-04-29T09:25:29Z,sera-923-2012-extracted,clearances_8015_a_d,sera_clearances_family,sera_clearances_family,sera-923-2012-extracted::clearances_8015_a_d::71094db33155f93d,sera_8015_d_5_other_instructions,994d519c15d47f9b5ca9fcd90de8dd6cebbd6b327f2a233cac0aaf041292f2d8,"An air traffic control clearance shall indicate any necessary instructions or information on other matters such as approach or departure manoeuvres, communications and the time of expiry of the clearance.",authoritative_requirement,shall,rule,promote,supported,true,,true,false,accepted,high,false,rejected,fail,fail,1,pass,pass,false,qwen3.6:35b-a3b,qwen3.6:35b-a3b,qwen2.5-coder:32b,qwen3.6:35b-a3b,qwen3.6:35b-a3b,qwen3.6:35b-a3b,24576,3,3,ollama-first-2026-04-28,25de32675884cb3976f22fb28206209e8e72a1db3a6e556bb46490935002b66c,unknown,unknown,unknown,unknown,unknown,unknown,curator,curate_2026-04-29T09-07-27Z,gpt-5.5,reject,high,"The substantive claim is supported and the shall/authoritative classification is appropriate, but one exactSourceQuotes entry is not present verbatim in the source window because the source splits “communications” with a soft hyphen/line break. Since quote identity fields cannot be corrected in this pass, the candidate must be rejected rather than promoted with corrections.",,curation/curate_2026-04-29T09-07-27Z/sera-923-2012-extracted::clearances_8015_a_d::71094db33155f93d.json
curate_2026-04-29T09-07-27Z,2026-04-29T09:25:45Z,sera-923-2012-extracted,separation_minima_8010,sera_separation_minima_family,sera_separation_minima_family,sera-923-2012-extracted::separation_minima_8010::14871d3b19e91d53,sera_8010_c2_notification_to_pilots,d153052debfb337e6c06434a8fd11ff85eccd2277a1efc792fbc0f982652980b,"Details of the selected separation minima and of their areas of application shall be notified to pilots and aircraft operators through aeronautical information publications, where separation is based on the use by aircraft of specified navi",authoritative_requirement,shall,rule,promote,underspecified,false,,false,false,needs_bundle,high,false,accepted,pass,pass,0,pass,pass,false,qwen3.6:35b-a3b,qwen3.6:35b-a3b,qwen2.5-coder:32b,qwen3.6:35b-a3b,qwen3.6:35b-a3b,qwen3.6:35b-a3b,24576,3,3,ollama-first-2026-04-28,25de32675884cb3976f22fb28206209e8e72a1db3a6e556bb46490935002b66c,unknown,unknown,unknown,unknown,unknown,unknown,curator,curate_2026-04-29T09-07-27Z,gpt-5.5,promote,high,"The quoted source verbatim supports the atomic obligation to notify pilots and aircraft operators through AIPs under the stated condition. The omitted subparagraph (c)(1) is a separate recipient obligation, not an operative qualification needed to understand this candidate, and the accepted siblings do not redundantly cover it.",,curation/curate_2026-04-29T09-07-27Z/sera-923-2012-extracted::separation_minima_8010::14871d3b19e91d53.json
curate_2026-04-29T09-07-27Z,2026-04-29T09:25:54Z,sera-923-2012-extracted,separation_minima_8010,sera_separation_minima_family,sera_separation_minima_family,sera-923-2012-extracted::separation_minima_8010::e254c674f789e45e,sera_8010_c1_notification_to_ats,7c75eeff5bd0026471afe503d310b19e3fcd9c59775fa0965255ce85d294b7ee,Details of the selected separation minima and of their areas of application shall be notified to the air traffic services units concerned.,authoritative_requirement,shall,rule,promote,underspecified,false,,false,false,needs_bundle,high,false,accepted,pass,pass,0,pass,pass,false,qwen3.6:35b-a3b,qwen3.6:35b-a3b,qwen2.5-coder:32b,qwen3.6:35b-a3b,qwen3.6:35b-a3b,qwen3.6:35b-a3b,24576,3,3,ollama-first-2026-04-28,25de32675884cb3976f22fb28206209e8e72a1db3a6e556bb46490935002b66c,unknown,unknown,unknown,unknown,unknown,unknown,curator,curate_2026-04-29T09-07-27Z,gpt-5.5,promote,high,"The quoted source verbatim supports the atomic obligation to notify the air traffic services units concerned, with shall-strength inherited from the parent clause. The bundle concern was only that the companion c(2) item was missing, but that item is already present in siblingAccepted, so this candidate is not an unsupported or redundant umbrella.",,curation/curate_2026-04-29T09-07-27Z/sera-923-2012-extracted::separation_minima_8010::e254c674f789e45e.json
curate_2026-04-29T09-07-27Z,2026-04-29T09:26:00Z,slovenia-vfr-extracted,readback,slovenia_vfr_readback_family,slovenia_vfr_readback_family,slovenia-vfr-extracted::readback::2397c3fc7f51c903,def_wilco,e90dded619331ecfdb3fc6808d103a7c96eea5d0f32510c3bc887bc62dcfdd8d,'WILCO' means 'I understand your message and will comply with it'.,best_practice,note,definition,support_only,supported,true,,true,false,advisory_only,high,false,rejected,fail,fail,1,pass,pass,false,qwen3.6:35b-a3b,qwen3.6:35b-a3b,qwen2.5-coder:32b,qwen3.6:35b-a3b,qwen3.6:35b-a3b,qwen3.6:35b-a3b,24576,3,3,ollama-first-2026-04-28,25de32675884cb3976f22fb28206209e8e72a1db3a6e556bb46490935002b66c,unknown,unknown,unknown,unknown,unknown,unknown,curator,curate_2026-04-29T09-07-27Z,gpt-5.5,reject,high,"The exactSourceQuote does not appear verbatim in the source window because the source uses prime quotation marks around WILCO and the definition, while the candidate quote uses ASCII apostrophes. Since quote text is an identity field and cannot be corrected in this pass, the G1 verbatim failure requires rejection.",,curation/curate_2026-04-29T09-07-27Z/slovenia-vfr-extracted::readback::2397c3fc7f51c903.json
curate_2026-04-29T09-07-27Z,2026-04-29T09:26:10Z,slovenia-vfr-extracted,readback,slovenia_vfr_readback_family,slovenia_vfr_readback_family,slovenia-vfr-extracted::readback::34951c851cc73e37,req_acknowledgement_non_readback,d16cd5dcfae38cf6779d1cc137a998f0cc8230d0ea4070554105be442ae25b4f,"If a transmission contains information that does not need to be read back, the pilot should acknowledge it by transmitting his call sign or by transmitting his call sign preceded by the word 'ROGER'.",best_practice,should,phraseology_rule,promote,supported,false,,true,false,accepted,high,false,rejected,fail,fail,1,pass,pass,false,qwen3.6:35b-a3b,qwen3.6:35b-a3b,qwen2.5-coder:32b,qwen3.6:35b-a3b,qwen3.6:35b-a3b,qwen3.6:35b-a3b,24576,3,3,ollama-first-2026-04-28,25de32675884cb3976f22fb28206209e8e72a1db3a6e556bb46490935002b66c,unknown,unknown,unknown,unknown,unknown,unknown,curator,curate_2026-04-29T09-07-27Z,gpt-5.5,reject,high,"The source supports the substance, but the exactSourceQuote is not verbatim: the source uses the prime-style quotation marks around ′ROGER′, while the candidate quote uses ASCII apostrophes. Because claimText and exactSourceQuotes are identity fields and cannot be corrected in this pass, the G1 verbatim miss requires rejection.",,curation/curate_2026-04-29T09-07-27Z/slovenia-vfr-extracted::readback::34951c851cc73e37.json
curate_2026-04-29T09-07-27Z,2026-04-29T09:26:28Z,slovenia-vfr-extracted,readback,slovenia_vfr_readback_family,slovenia_vfr_readback_family,slovenia-vfr-extracted::readback::a55009e7044c1c4b,opt_readback_order,f8ecd3a0fa9bd661dbae320f513a2828535bae8bfe35dda77aab586c41e15f79,It is normally best to read back the items in the order given.,best_practice,should,best_practice,advisory_only,supported,false,,true,false,advisory_only,high,false,accepted,pass,pass,0,pass,pass,false,qwen3.6:35b-a3b,qwen3.6:35b-a3b,qwen2.5-coder:32b,qwen3.6:35b-a3b,qwen3.6:35b-a3b,qwen3.6:35b-a3b,24576,3,3,ollama-first-2026-04-28,25de32675884cb3976f22fb28206209e8e72a1db3a6e556bb46490935002b66c,unknown,unknown,unknown,unknown,unknown,unknown,curator,curate_2026-04-29T09-07-27Z,gpt-5.5,promote,high,"The quote is verbatim, the claim is directly supported by the source, and the advisory modality/authorityClass correctly reflect the non-mandatory wording “normally best.” It is an atomic best-practice item and is not redundant with the accepted sibling readback requirements.",,curation/curate_2026-04-29T09-07-27Z/slovenia-vfr-extracted::readback::a55009e7044c1c4b.json
curate_2026-04-29T09-07-27Z,2026-04-29T09:26:45Z,slovenia-vfr-extracted,readback,slovenia_vfr_readback_family,slovenia_vfr_readback_family,slovenia-vfr-extracted::readback::a6eb85ecaac0bd8b,req_transmitting_technique,9027a632d27b8ac6626d8dd87ed22c99fdd45df12f05f4856ef0fe3abb0f4587,Transmissions shall be conducted concisely in a normal conversational tone.,best_practice,shall,best_practice,advisory_only,supported,true,,true,false,advisory_only,high,false,accepted,pass,pass,0,pass,pass,false,qwen3.6:35b-a3b,qwen3.6:35b-a3b,qwen2.5-coder:32b,qwen3.6:35b-a3b,qwen3.6:35b-a3b,qwen3.6:35b-a3b,24576,3,3,ollama-first-2026-04-28,25de32675884cb3976f22fb28206209e8e72a1db3a6e556bb46490935002b66c,unknown,unknown,unknown,unknown,unknown,unknown,curator,curate_2026-04-29T09-07-27Z,gpt-5.5,promote,high,"The quoted sentence appears verbatim in the source, the claim text is identical to the source wording, and the modality 'shall' correctly reflects the quoted language. The authorityClass is already conservatively set to best_practice for the Slovenia VFR material, and the item is not redundant with the accepted readback-specific siblings.",,curation/curate_2026-04-29T09-07-27Z/slovenia-vfr-extracted::readback::a6eb85ecaac0bd8b.json
curate_2026-04-29T09-07-27Z,2026-04-29T09:26:51Z,slovenia-vfr-extracted,readback,slovenia_vfr_readback_family,slovenia_vfr_readback_family,slovenia-vfr-extracted::readback::be884ba067e3c04b,req_mandatory_readback_items,43eda3b83a6cccb60c799f0466c6e57473489b4de8cce5b620efc62846827289,"Messages containing ATC route clearance, clearances/instructions to enter, land on, take-off from, hold short of, cross or backtrack any runway, runway in use, altimeter settings, SSR codes, level or heading instructions, speed instructions",best_practice,shall,rule,promote,supported,true,,true,false,accepted,high,false,rejected,fail,fail,1,pass,pass,false,qwen3.6:35b-a3b,qwen3.6:35b-a3b,qwen2.5-coder:32b,qwen3.6:35b-a3b,qwen3.6:35b-a3b,qwen3.6:35b-a3b,24576,3,3,ollama-first-2026-04-28,25de32675884cb3976f22fb28206209e8e72a1db3a6e556bb46490935002b66c,unknown,unknown,unknown,unknown,unknown,unknown,curator,curate_2026-04-29T09-07-27Z,gpt-5.5,reject,high,"One exactSourceQuote is not present verbatim in the source window: the source uses “take‐off” and a line break between “cross or” and “backtrack,” while the candidate quote uses “take-off” and continuous wording. Because exactSourceQuotes are identity fields and cannot be corrected in this pass, the record cannot be promoted.",,curation/curate_2026-04-29T09-07-27Z/slovenia-vfr-extracted::readback::be884ba067e3c04b.json
curate_2026-04-29T09-07-27Z,2026-04-29T09:26:59Z,slovenia-vfr-extracted,readback,slovenia_vfr_readback_family,slovenia_vfr_readback_family,slovenia-vfr-extracted::readback::fd9994dd1fc98ea3,opt_departure_takeoff_order,6232518b73b236b582283d1c063bbb9e0012bbb6da66080fb91055d49c811b86,"If the departure instructions are transmitted together with a take-off clearance, it is more appropriate to read back the take-off clearance first, followed by the departure instructions.",best_practice,should,best_practice,advisory_only,supported,true,,true,false,advisory_only,high,false,rejected,fail,fail,1,pass,pass,false,qwen3.6:35b-a3b,qwen3.6:35b-a3b,qwen2.5-coder:32b,qwen3.6:35b-a3b,qwen3.6:35b-a3b,qwen3.6:35b-a3b,24576,3,3,ollama-first-2026-04-28,25de32675884cb3976f22fb28206209e8e72a1db3a6e556bb46490935002b66c,unknown,unknown,unknown,unknown,unknown,unknown,curator,curate_2026-04-29T09-07-27Z,gpt-5.5,reject,high,"The candidate is substantively supported and correctly advisory, but its exactSourceQuote is not verbatim: the source uses the non-ASCII hyphen in “take‐off,” while the candidate quote uses “take-off.” Because claimText and exactSourceQuotes are identity fields and cannot be edited in this pass, the G1 verbatim miss requires rejection.",,curation/curate_2026-04-29T09-07-27Z/slovenia-vfr-extracted::readback::fd9994dd1fc98ea3.json
curate_2026-04-29T14-18-43Z,2026-04-29T14:18:57Z,icao4444-extracted,departing_aircraft_7_9,icao4444_departing_aircraft_family,icao4444_departing_aircraft_family,icao4444-extracted::departing_aircraft_7_9::2732dc9b2e895827,dep_seq_factor_atfm,7edf2dcdf84c0d45b689a5b34e08e2f2f45d16e57dfaaf9bc1ac8e9a2c9dc473,Factors to be considered in relation to the departure sequence include aircraft subject to ATFM requirements.,authoritative_requirement,should,rule,promote,authority_too_high,false,,true,false,needs_bundle,high,false,rejected,fail,fail,1,pass,fail,false,qwen3.6:35b-a3b,qwen3.6:35b-a3b,qwen2.5-coder:32b,qwen3.6:35b-a3b,qwen3.6:35b-a3b,qwen3.6:35b-a3b,24576,3,3,ollama-first-2026-04-28,25de32675884cb3976f22fb28206209e8e72a1db3a6e556bb46490935002b66c,unknown,unknown,unknown,unknown,unknown,unknown,curator,curate_2026-04-29T14-18-43Z,gpt-5.5,reject,high,"The candidate fails the verbatim-quote identity audit: the supplied exactSourceQuote was not found in the source after whitespace normalization, and identity fields cannot be corrected in this pass. Although the modality/authority mismatch could otherwise be fixed by lowering authorityClass, the quote defect requires rejection rather than promotion with corrections.",,curation/curate_2026-04-29T14-18-43Z/icao4444-extracted::departing_aircraft_7_9::2732dc9b2e895827.json
